[2026-09-18][12:11:52][app_lib][INFO] noki-build id=b2e5149-1789733197 git_head=b2e5149 build_timestamp=1789733230 bundle=Some("/Users/yilonglin/NOKI/desktop/Noki.app")
[AX] Start: bundle=com.noki.desktop exe=/Users/yilonglin/NOKI/desktop/Noki.app/Contents/MacOS/Noki pid=97130 AXIsProcessTrusted=true
[SHORTCUT] Praefix-Taste ^/° registriert (Keycode 10, ISO), danach 1..9 und Y=Keycode Some(6) (aktualisieren)
[SHORTCUT] ^/° → physische rechte Shift aktiv (Keycode 60)
[RUST] Spotify spielt: false
[FRONTEND LOG] Schirm 1470x956 @0/0 · Arbeitsflaeche 1470x923 @0/33 · WALK_Y 942 · x 30..1440
[RUST] noki_bereit returning saved pos: (813, 942), alle Schreibtische: true
[FRONTEND LOG] Fenster 3 sichtbar, davon 1 auf der Laufebene, 1 Hintergrundflaeche(n) ignoriert, 1 freie Zonen
[CMD0] PRESS #1 before=false minimiert=false action=show
[CMD0] zeigen angefordert
[ASK] zeigen: sichtbar=Ok(true) minimiert=Ok(false) fokus=Ok(false) pos=Ok((490, 270)) groesse=Ok((1960, 1442)) space=1 mitglied=[1] hier=true
[CMD0] zeigen angefordert
[ASK] zeigen: sichtbar=Ok(true) minimiert=Ok(false) fokus=Ok(true) pos=Ok((490, 270)) groesse=Ok((1960, 1442)) space=1 mitglied=[1] hier=true
[CMD0] PRESS #1 nach 40ms sichtbar=true (erwartet=true)
[CMD0] PRESS #1 nach 150ms sichtbar=true (erwartet=true)
[CMD0] PRESS #1 nach 500ms sichtbar=true (erwartet=true)
[CMD0] PRESS #1 nach 1000ms sichtbar=true (erwartet=true)
[BROWSER] start orte=5
[PHOTOS_DEBUG] helper_stderr: [PHOTOS_HELPER] status is not_determined, requesting authorization...
[PHOTOS_HELPER] after request authorization status=denied
[PHOTOS_HELPER] not authorized: denied
[PHOTOS_DEBUG] photos_helper_path=/Users/yilonglin/NOKI/desktop/Noki.app/Contents/MacOS/../Helpers/NokiPhotos.app/Contents/MacOS/noki-photos photos_helper_exists=yes photos_helper_launch_ok=yes photos_auth_status=denied photos_asset_count=0 photos_result_count=0 error=not_authorized
[BROWSER] location=Pictures resolved=/Users/yilonglin/Pictures exists=yes permission=yes raw_count=4 filtered_count=0 image_count=0 error=none
[PHOTOS_DEBUG] pictures_path=/Users/yilonglin/Pictures pictures_file_count=0 raw_count=4 photos_auth_status=denied photos_asset_count=0 photos_result_count=0 total_entries=0
[BROWSER] start orte=5
[PHOTOS_DEBUG] helper_stderr: [PHOTOS_HELPER] status is not_determined, requesting authorization...
[PHOTOS_HELPER] after request authorization status=denied
[PHOTOS_HELPER] not authorized: denied
[PHOTOS_DEBUG] photos_helper_path=/Users/yilonglin/NOKI/desktop/Noki.app/Contents/MacOS/../Helpers/NokiPhotos.app/Contents/MacOS/noki-photos photos_helper_exists=yes photos_helper_launch_ok=yes photos_auth_status=denied photos_asset_count=0 photos_result_count=0 error=not_authorized
[BROWSER] location=Pictures resolved=/Users/yilonglin/Pictures exists=yes permission=yes raw_count=4 filtered_count=0 image_count=0 error=none
[PHOTOS_DEBUG] pictures_path=/Users/yilonglin/Pictures pictures_file_count=0 raw_count=4 photos_auth_status=denied photos_asset_count=0 photos_result_count=0 total_entries=0
[BROWSER] start orte=5
[BROWSER] location=Desktop resolved=/Users/yilonglin/Desktop exists=yes permission=yes raw_count=4 filtered_count=2 image_count=0 error=none
[BROWSER] location=Desktop resolved=/Users/yilonglin/Desktop/Noki Kamera exists=yes permission=yes raw_count=52 filtered_count=40 image_count=40 error=none
[BROWSER] location=Desktop resolved=/Users/yilonglin/Desktop exists=yes permission=yes raw_count=4 filtered_count=2 image_count=0 error=none
[RUST] Spotify spielt: true
[RUST] Spotify spielt: false
[BROWSER] location=Musik resolved=/Users/yilonglin/Music exists=yes permission=yes raw_count=3 filtered_count=1 image_count=0 error=none
=== NEW NOKI LAUNCH Fri Sep 18 14:19:47 CEST 2026 ===
[PHOTOS_DEBUG] in_process=yes photos_auth_status=not_determined photos_asset_count=0 photos_result_count=0
[PHOTOS_HELPER] status is not_determined, requesting authorization...
[PHOTOS_HELPER] after request authorization status=not_determined
[PHOTOS_HELPER] not authorized: not_determined
[PHOTOS_DEBUG] helper_stderr: [PHOTOS_HELPER] status is not_determined, requesting authorization...
[PHOTOS_HELPER] after request authorization status=not_determined
[PHOTOS_HELPER] not authorized: not_determined
[PHOTOS_DEBUG] in_process=no photos_helper_path=/Users/yilonglin/NOKI/desktop/Noki.app/Contents/MacOS/../Helpers/NokiPhotos.app/Contents/MacOS/noki-photos photos_helper_exists=yes photos_helper_launch_ok=yes photos_auth_status=not_determined photos_asset_count=0 photos_result_count=0 error=not_authorized
[BROWSER] location=Pictures resolved=/Users/yilonglin/Pictures exists=yes permission=yes raw_count=4 filtered_count=0 image_count=0 error=none
[PHOTOS_DEBUG] pictures_path=/Users/yilonglin/Pictures pictures_file_count=0 raw_count=4 photos_auth_status=not_determined photos_asset_count=0 photos_result_count=0 total_entries=0
[PHOTOS_DEBUG] in_process=yes photos_auth_status=authorized photos_asset_count=80 photos_result_count=80
[BROWSER] location=Pictures resolved=/Users/yilonglin/Pictures exists=yes permission=yes raw_count=4 filtered_count=80 image_count=80 error=none
[PHOTOS_DEBUG] pictures_path=/Users/yilonglin/Pictures pictures_file_count=0 raw_count=4 photos_auth_status=authorized photos_asset_count=80 photos_result_count=80 total_entries=80
[PHOTOS_DEBUG] in_process_thumb_success asset_id=5762A0CE-356A-481C-A296-73D0A23C2107/L0/001 bytes=4063
[PHOTOS_DEBUG] in_process_thumb_success asset_id=C55AB001-423F-4D44-B3D8-AC3C40CDDAC8/L0/001 bytes=3723
[PHOTOS_DEBUG] in_process_thumb_success asset_id=DEBBA9A2-88CA-429C-823E-C4B15D64CE0C/L0/001 bytes=3471
[PHOTOS_DEBUG] in_process_thumb_success asset_id=3996ED3D-F391-427B-82E0-5080BEBFE306/L0/001 bytes=2819
[PHOTOS_DEBUG] in_process_thumb_success asset_id=EB9E1987-238C-497E-8F87-EBE12782D1B7/L0/001 bytes=4131
[PHOTOS_DEBUG] in_process_thumb_success asset_id=C4FAF116-295A-40A4-9328-C0EEA1C4586C/L0/001 bytes=4035
[PHOTOS_DEBUG] in_process_thumb_success asset_id=842552A7-4D8E-40E5-B998-CFFEB284F0FA/L0/001 bytes=4051
[PHOTOS_DEBUG] in_process_thumb_success asset_id=667598D1-FC6E-47EF-8FC2-D4C2FC1A6733/L0/001 bytes=4031
[PHOTOS_DEBUG] in_process_thumb_success asset_id=2872DA49-5072-497D-8382-F40999073C7B/L0/001 bytes=4215
[PHOTOS_DEBUG] in_process_thumb_success asset_id=DD1D6B16-2151-4E46-BE6F-A627022B0491/L0/001 bytes=4199
[PHOTOS_DEBUG] in_process_thumb_success asset_id=69EC8E33-E961-4DA9-B7F4-1C8077C87915/L0/001 bytes=4047
[PHOTOS_DEBUG] in_process_thumb_success asset_id=82E775E3-404A-4349-8CD4-56CC3A25F68D/L0/001 bytes=4391
[PHOTOS_DEBUG] in_process_thumb_success asset_id=3417EDFA-5EDE-466D-A8A6-6C5F335C1793/L0/001 bytes=3131
[PHOTOS_DEBUG] in_process_thumb_success asset_id=E35AE33C-EE40-4E11-B250-8AD3C710CAAC/L0/001 bytes=3739
[PHOTOS_DEBUG] in_process_thumb_success asset_id=29755E84-F94A-478E-A663-A70F28F08704/L0/001 bytes=4095
[PHOTOS_DEBUG] in_process_thumb_success asset_id=F8EFE244-7B10-440C-BD92-0DBBC92F4FEC/L0/001 bytes=3615
[PHOTOS_DEBUG] in_process_thumb_success asset_id=3AB846BE-AEB9-4696-80C8-B2EFC3912F66/L0/001 bytes=3819
[PHOTOS_DEBUG] in_process_thumb_success asset_id=0503F4E5-BC54-4F1C-B2A1-1C8596781F35/L0/001 bytes=3875
[PHOTOS_DEBUG] in_process_thumb_success asset_id=CCB4FBA2-1CF9-4811-B832-107A6A220197/L0/001 bytes=3795
[PHOTOS_DEBUG] in_process_thumb_success asset_id=087AFEC9-6A07-4DC0-AA87-612DF7E56E1B/L0/001 bytes=3299
[PHOTOS_DEBUG] in_process_thumb_success asset_id=3AF3AEEC-D43B-43AA-9C86-5321DAE085BE/L0/001 bytes=3279
[PHOTOS_DEBUG] in_process_thumb_success asset_id=88E34304-1621-442A-AE42-715660E4E1DC/L0/001 bytes=3899
[PHOTOS_DEBUG] in_process_thumb_success asset_id=E9650388-348C-4E4B-88E3-50B762EA834D/L0/001 bytes=3063
[PHOTOS_DEBUG] in_process_thumb_success asset_id=FE91AE8C-5D84-4E6C-B979-E4A07A5EB392/L0/001 bytes=4131
[PHOTOS_DEBUG] in_process_thumb_success asset_id=C3BB8688-707F-4495-837E-28BE7BD6A776/L0/001 bytes=3791
[PHOTOS_DEBUG] in_process_thumb_success asset_id=D2C8F2BB-0BCC-4DA1-A8CE-767D09B99A3D/L0/001 bytes=3399
[PHOTOS_DEBUG] in_process_thumb_success asset_id=14A2F553-7A09-49F4-8F36-7B20B6C02A9D/L0/001 bytes=3091
[PHOTOS_DEBUG] in_process_thumb_success asset_id=4EC4DD34-3C41-4ED5-B795-49F00CDB3F01/L0/001 bytes=2859
[PHOTOS_DEBUG] in_process_thumb_success asset_id=A145E6EC-A6C1-49EA-AF82-9AC3C67CB951/L0/001 bytes=2943
[PHOTOS_DEBUG] in_process_thumb_success asset_id=A49FAC2C-82BE-4F88-A193-B3EF2E16F5A5/L0/001 bytes=2815
[PHOTOS_DEBUG] in_process_thumb_success asset_id=83D5731F-E532-4B62-AA5C-7C161B6282B5/L0/001 bytes=2827
[PHOTOS_DEBUG] in_process_thumb_success asset_id=4DC59BA5-D134-48E4-93BF-50472EA69D89/L0/001 bytes=2855
[PHOTOS_DEBUG] in_process_thumb_success asset_id=7B299703-5CEA-4D34-AC13-4E13FA030FE5/L0/001 bytes=2979
[PHOTOS_DEBUG] in_process_thumb_success asset_id=5EFF61F8-4F87-407E-8D6F-06F6740DB73C/L0/001 bytes=2927
[PHOTOS_DEBUG] in_process_thumb_success asset_id=64285D20-492A-460F-B674-1755E22A598A/L0/001 bytes=2955
[PHOTOS_DEBUG] in_process_thumb_success asset_id=91D12FE5-D775-4773-B531-60B4F510279D/L0/001 bytes=3323
[PHOTOS_DEBUG] in_process_thumb_success asset_id=1181DE8C-9E2D-4779-A760-EC5362137286/L0/001 bytes=3043
[PHOTOS_DEBUG] in_process_thumb_success asset_id=85158FA6-0B41-419C-97EB-5A360441CCA9/L0/001 bytes=3723
[PHOTOS_DEBUG] in_process_thumb_success asset_id=057ABF65-831E-46B8-9851-EEBDBD6FED4D/L0/001 bytes=2935
[PHOTOS_DEBUG] in_process_thumb_success asset_id=5BC7F352-46CA-415C-BF73-34149E27BBA7/L0/001 bytes=3527
[PHOTOS_DEBUG] in_process_thumb_success asset_id=F420F813-2013-4627-961A-70ABC0F2AA22/L0/001 bytes=3431
[PHOTOS_DEBUG] in_process_thumb_success asset_id=0F101A83-918B-413E-B112-7567819EEFDC/L0/001 bytes=3019
[PHOTOS_DEBUG] in_process_thumb_success asset_id=529D8C4B-3CEE-413C-B396-8F12BA379BFE/L0/001 bytes=3255
[PHOTOS_DEBUG] in_process_thumb_success asset_id=02AE3CE4-F3F5-4592-A565-F471ABFB06CE/L0/001 bytes=3311
[PHOTOS_DEBUG] in_process_thumb_success asset_id=94A098A1-5220-4C4F-AB0D-D534698551A4/L0/001 bytes=3595
[PHOTOS_DEBUG] in_process_thumb_success asset_id=F018E487-E08F-4189-B0E0-E54CDD3EA270/L0/001 bytes=3739
[PHOTOS_DEBUG] in_process_thumb_success asset_id=95AB0758-DC5E-48EB-9D58-B0771EBC55F1/L0/001 bytes=4191
[PHOTOS_DEBUG] in_process_thumb_success asset_id=6A127F3B-3A30-4F53-92BA-B0B9A0C0D6C2/L0/001 bytes=4319
[PHOTOS_DEBUG] in_process_thumb_success asset_id=088274B8-0B9E-4939-BD90-D3840BB82BAD/L0/001 bytes=4695
[PHOTOS_DEBUG] in_process_thumb_success asset_id=C1F3ECAC-EE19-4A67-AD03-333DEE3FCA5A/L0/001 bytes=2939
[PHOTOS_DEBUG] in_process_thumb_success asset_id=AA081FA8-F6D8-4EA6-AD41-EDABAB1BE99F/L0/001 bytes=2931
[PHOTOS_DEBUG] in_process_thumb_success asset_id=9088C68A-5F09-4E3D-95BD-D515FCFFB428/L0/001 bytes=3071
[PHOTOS_DEBUG] in_process_thumb_success asset_id=51EEEA46-006B-42B9-A3DF-5F77BDE5AA08/L0/001 bytes=2955
[PHOTOS_DEBUG] in_process_thumb_success asset_id=5F8DE87C-4877-4AFF-A5F3-63CA8CC16790/L0/001 bytes=3135
[PHOTOS_DEBUG] in_process_thumb_success asset_id=778DE165-AF15-4BE2-A15F-104AE59B7C51/L0/001 bytes=3439
[PHOTOS_DEBUG] in_process_thumb_success asset_id=C8D9D240-DEF4-4F5A-A2E8-B46E30F7C6DF/L0/001 bytes=3735
[PHOTOS_DEBUG] in_process_thumb_success asset_id=9D54244C-4FD5-4E34-B190-32586C95D3BE/L0/001 bytes=4123
[PHOTOS_DEBUG] in_process_thumb_success asset_id=5710BE83-882E-4150-AE56-2EF4DB25CD33/L0/001 bytes=3815
[PHOTOS_DEBUG] in_process_thumb_success asset_id=07F769DB-0E5E-418B-86D9-A0FA181FAB5B/L0/001 bytes=3999
[PHOTOS_DEBUG] in_process_thumb_success asset_id=0463D6B4-19AD-4F86-8B87-5CEB34D696FC/L0/001 bytes=3123
[PHOTOS_DEBUG] in_process_thumb_success asset_id=086582B5-2EA9-4605-8E19-82B3628D9F9E/L0/001 bytes=3023
[PHOTOS_DEBUG] in_process_thumb_success asset_id=A5E80D84-6525-4F30-B8BF-2BDC4526A30D/L0/001 bytes=4047
[PHOTOS_DEBUG] in_process_thumb_success asset_id=5D8D1E54-C79A-44A8-96D5-9E4F176F25BF/L0/001 bytes=4523
[PHOTOS_DEBUG] in_process_thumb_success asset_id=286C9553-48BE-42A2-8C40-AA8F32782D1A/L0/001 bytes=3539
[PHOTOS_DEBUG] in_process_thumb_success asset_id=A46710D5-1482-4CF8-94FE-AC209B3F2E98/L0/001 bytes=3407
[PHOTOS_DEBUG] in_process_thumb_success asset_id=CB3F5E99-8940-4BB2-8941-E1D9FC957B59/L0/001 bytes=2983
[PHOTOS_DEBUG] in_process_thumb_success asset_id=DCA18BEF-3217-4F8E-8A1A-E9DDF56B6154/L0/001 bytes=3071
[PHOTOS_DEBUG] in_process_thumb_success asset_id=0747E91C-BA59-44DA-8C5E-D5A8A1E0252A/L0/001 bytes=3531
[PHOTOS_DEBUG] in_process_thumb_success asset_id=A300B50A-96B1-480F-8C71-3EB9DC68E251/L0/001 bytes=3035
[PHOTOS_DEBUG] in_process_thumb_success asset_id=F665617B-DED4-4405-95A6-0E8DA6F45BAE/L0/001 bytes=3307
[PHOTOS_DEBUG] in_process_thumb_success asset_id=A0831C6B-D745-4E4F-A2EC-EAEC989CECE8/L0/001 bytes=3291
[PHOTOS_DEBUG] in_process_thumb_success asset_id=ED7FF7DC-7835-473C-A954-DA574BD6E6C2/L0/001 bytes=3435
[PHOTOS_DEBUG] in_process_thumb_success asset_id=8FC86876-1422-4CA0-A555-49957FCBDC45/L0/001 bytes=2095
[PHOTOS_DEBUG] in_process_thumb_success asset_id=6A9E00C2-A4A4-4A12-BDB3-694EB4B51B87/L0/001 bytes=2967
[PHOTOS_DEBUG] in_process_thumb_success asset_id=EE4C2FD1-E829-44F4-8EF6-98347D7234F5/L0/001 bytes=2731
[PHOTOS_DEBUG] in_process_thumb_success asset_id=8FD41B69-E6D7-49E0-AB7E-D9040EFE6200/L0/001 bytes=4195
[PHOTOS_DEBUG] in_process_thumb_success asset_id=4A0F350B-8D24-49D9-9304-897F5055BB50/L0/001 bytes=2879
[PHOTOS_DEBUG] in_process_thumb_success asset_id=C5102003-DED0-4409-9E61-E3D66091EB88/L0/001 bytes=3851
[PHOTOS_DEBUG] in_process_thumb_success asset_id=6811A860-9F87-407E-A476-F4FECB2F239A/L0/001 bytes=3907
[PHOTOS_DEBUG] in_process_thumb_success asset_id=B3633772-FF96-4F8C-A9E8-BF59A6CFA915/L0/001 bytes=3399
[PHOTOS_DEBUG] in_process_thumb_success asset_id=5762A0CE-356A-481C-A296-73D0A23C2107/L0/001 bytes=4063
[PHOTOS_DEBUG] in_process_thumb_success asset_id=5762A0CE-356A-481C-A296-73D0A23C2107/L0/001 bytes=4063
[PHOTOS_DEBUG] in_process_thumb_success asset_id=5762A0CE-356A-481C-A296-73D0A23C2107/L0/001 bytes=4063
[PHOTOS_DEBUG] in_process_export_success asset_id=5762A0CE-356A-481C-A296-73D0A23C2107/L0/001 target=/Users/yilonglin/Library/Caches/com.noki.desktop/photos/5762A0CE_356A_481C_A296_73D0A23C2107_L0_001.jpg
[BROWSER] location=Desktop resolved=/Users/yilonglin/Desktop exists=yes permission=yes raw_count=4 filtered_count=2 image_count=0 error=none
[BROWSER] location=Desktop resolved=/Users/yilonglin/Desktop/Noki Kamera exists=yes permission=yes raw_count=52 filtered_count=40 image_count=40 error=none
[BROWSER] location=Desktop resolved=/Users/yilonglin/Desktop exists=yes permission=yes raw_count=4 filtered_count=2 image_count=0 error=none
[PHOTOS_DEBUG] in_process=yes photos_auth_status=authorized photos_asset_count=80 photos_result_count=80
[BROWSER] location=Pictures resolved=/Users/yilonglin/Pictures exists=yes permission=yes raw_count=4 filtered_count=80 image_count=80 error=none
[PHOTOS_DEBUG] pictures_path=/Users/yilonglin/Pictures pictures_file_count=0 raw_count=4 photos_auth_status=authorized photos_asset_count=80 photos_result_count=80 total_entries=80
[PHOTOS_DEBUG] in_process_thumb_success asset_id=5762A0CE-356A-481C-A296-73D0A23C2107/L0/001 bytes=4063
[PHOTOS_DEBUG] in_process_thumb_success asset_id=DEBBA9A2-88CA-429C-823E-C4B15D64CE0C/L0/001 bytes=3471
[PHOTOS_DEBUG] in_process_thumb_success asset_id=3996ED3D-F391-427B-82E0-5080BEBFE306/L0/001 bytes=2819
[PHOTOS_DEBUG] in_process_thumb_success asset_id=C55AB001-423F-4D44-B3D8-AC3C40CDDAC8/L0/001 bytes=3723
[PHOTOS_DEBUG] in_process_thumb_success asset_id=EB9E1987-238C-497E-8F87-EBE12782D1B7/L0/001 bytes=4131
[PHOTOS_DEBUG] in_process_thumb_success asset_id=C4FAF116-295A-40A4-9328-C0EEA1C4586C/L0/001 bytes=4035
[PHOTOS_DEBUG] in_process_thumb_success asset_id=842552A7-4D8E-40E5-B998-CFFEB284F0FA/L0/001 bytes=4051
[PHOTOS_DEBUG] in_process_thumb_success asset_id=667598D1-FC6E-47EF-8FC2-D4C2FC1A6733/L0/001 bytes=4031
[PHOTOS_DEBUG] in_process_thumb_success asset_id=2872DA49-5072-497D-8382-F40999073C7B/L0/001 bytes=4215
[PHOTOS_DEBUG] in_process_thumb_success asset_id=DD1D6B16-2151-4E46-BE6F-A627022B0491/L0/001 bytes=4199
[PHOTOS_DEBUG] in_process_thumb_success asset_id=3417EDFA-5EDE-466D-A8A6-6C5F335C1793/L0/001 bytes=3131
[PHOTOS_DEBUG] in_process_thumb_success asset_id=69EC8E33-E961-4DA9-B7F4-1C8077C87915/L0/001 bytes=4047
[PHOTOS_DEBUG] in_process_thumb_success asset_id=E35AE33C-EE40-4E11-B250-8AD3C710CAAC/L0/001 bytes=3739
[PHOTOS_DEBUG] in_process_thumb_success asset_id=F8EFE244-7B10-440C-BD92-0DBBC92F4FEC/L0/001 bytes=3615
[PHOTOS_DEBUG] in_process_thumb_success asset_id=82E775E3-404A-4349-8CD4-56CC3A25F68D/L0/001 bytes=4391
[PHOTOS_DEBUG] in_process_thumb_success asset_id=087AFEC9-6A07-4DC0-AA87-612DF7E56E1B/L0/001 bytes=3299
[PHOTOS_DEBUG] in_process_thumb_success asset_id=88E34304-1621-442A-AE42-715660E4E1DC/L0/001 bytes=3899
[PHOTOS_DEBUG] in_process_thumb_success asset_id=CCB4FBA2-1CF9-4811-B832-107A6A220197/L0/001 bytes=3795
[PHOTOS_DEBUG] in_process_thumb_success asset_id=3AB846BE-AEB9-4696-80C8-B2EFC3912F66/L0/001 bytes=3819
[PHOTOS_DEBUG] in_process_thumb_success asset_id=29755E84-F94A-478E-A663-A70F28F08704/L0/001 bytes=4095
[PHOTOS_DEBUG] in_process_thumb_success asset_id=0503F4E5-BC54-4F1C-B2A1-1C8596781F35/L0/001 bytes=3875
[PHOTOS_DEBUG] in_process_thumb_success asset_id=3AF3AEEC-D43B-43AA-9C86-5321DAE085BE/L0/001 bytes=3279
[PHOTOS_DEBUG] in_process_thumb_success asset_id=C3BB8688-707F-4495-837E-28BE7BD6A776/L0/001 bytes=3791
[PHOTOS_DEBUG] in_process_thumb_success asset_id=4EC4DD34-3C41-4ED5-B795-49F00CDB3F01/L0/001 bytes=2859
[PHOTOS_DEBUG] in_process_thumb_success asset_id=64285D20-492A-460F-B674-1755E22A598A/L0/001 bytes=2955
[PHOTOS_DEBUG] in_process_thumb_success asset_id=E9650388-348C-4E4B-88E3-50B762EA834D/L0/001 bytes=3063
[PHOTOS_DEBUG] in_process_thumb_success asset_id=A49FAC2C-82BE-4F88-A193-B3EF2E16F5A5/L0/001 bytes=2815
[PHOTOS_DEBUG] in_process_thumb_success asset_id=1181DE8C-9E2D-4779-A760-EC5362137286/L0/001 bytes=3043
[PHOTOS_DEBUG] in_process_thumb_success asset_id=FE91AE8C-5D84-4E6C-B979-E4A07A5EB392/L0/001 bytes=4131
[PHOTOS_DEBUG] in_process_thumb_success asset_id=A145E6EC-A6C1-49EA-AF82-9AC3C67CB951/L0/001 bytes=2943
[PHOTOS_DEBUG] in_process_thumb_success asset_id=4DC59BA5-D134-48E4-93BF-50472EA69D89/L0/001 bytes=2855
[PHOTOS_DEBUG] in_process_thumb_success asset_id=7B299703-5CEA-4D34-AC13-4E13FA030FE5/L0/001 bytes=2979
[PHOTOS_DEBUG] in_process_thumb_success asset_id=91D12FE5-D775-4773-B531-60B4F510279D/L0/001 bytes=3323
[PHOTOS_DEBUG] in_process_thumb_success asset_id=5EFF61F8-4F87-407E-8D6F-06F6740DB73C/L0/001 bytes=2927
[PHOTOS_DEBUG] in_process_thumb_success asset_id=5BC7F352-46CA-415C-BF73-34149E27BBA7/L0/001 bytes=3527
[PHOTOS_DEBUG] in_process_thumb_success asset_id=83D5731F-E532-4B62-AA5C-7C161B6282B5/L0/001 bytes=2827
[PHOTOS_DEBUG] in_process_thumb_success asset_id=14A2F553-7A09-49F4-8F36-7B20B6C02A9D/L0/001 bytes=3091
[PHOTOS_DEBUG] in_process_thumb_success asset_id=D2C8F2BB-0BCC-4DA1-A8CE-767D09B99A3D/L0/001 bytes=3399
[PHOTOS_DEBUG] in_process_thumb_success asset_id=057ABF65-831E-46B8-9851-EEBDBD6FED4D/L0/001 bytes=2935
[PHOTOS_DEBUG] in_process_thumb_success asset_id=0F101A83-918B-413E-B112-7567819EEFDC/L0/001 bytes=3019
[PHOTOS_DEBUG] in_process_thumb_success asset_id=02AE3CE4-F3F5-4592-A565-F471ABFB06CE/L0/001 bytes=3311
[PHOTOS_DEBUG] in_process_thumb_success asset_id=F018E487-E08F-4189-B0E0-E54CDD3EA270/L0/001 bytes=3739
[PHOTOS_DEBUG] in_process_thumb_success asset_id=85158FA6-0B41-419C-97EB-5A360441CCA9/L0/001 bytes=3723
[PHOTOS_DEBUG] in_process_thumb_success asset_id=F420F813-2013-4627-961A-70ABC0F2AA22/L0/001 bytes=3431
[PHOTOS_DEBUG] in_process_thumb_success asset_id=529D8C4B-3CEE-413C-B396-8F12BA379BFE/L0/001 bytes=3255
[PHOTOS_DEBUG] in_process_thumb_success asset_id=94A098A1-5220-4C4F-AB0D-D534698551A4/L0/001 bytes=3595
[PHOTOS_DEBUG] in_process_thumb_success asset_id=95AB0758-DC5E-48EB-9D58-B0771EBC55F1/L0/001 bytes=4191
[PHOTOS_DEBUG] in_process_thumb_success asset_id=088274B8-0B9E-4939-BD90-D3840BB82BAD/L0/001 bytes=4695
[PHOTOS_DEBUG] in_process_thumb_success asset_id=6A127F3B-3A30-4F53-92BA-B0B9A0C0D6C2/L0/001 bytes=4319
[PHOTOS_DEBUG] in_process_thumb_success asset_id=AA081FA8-F6D8-4EA6-AD41-EDABAB1BE99F/L0/001 bytes=2931
[PHOTOS_DEBUG] in_process_thumb_success asset_id=C1F3ECAC-EE19-4A67-AD03-333DEE3FCA5A/L0/001 bytes=2939
[PHOTOS_DEBUG] in_process_thumb_success asset_id=9088C68A-5F09-4E3D-95BD-D515FCFFB428/L0/001 bytes=3071
[PHOTOS_DEBUG] in_process_thumb_success asset_id=51EEEA46-006B-42B9-A3DF-5F77BDE5AA08/L0/001 bytes=2955
[PHOTOS_DEBUG] in_process_thumb_success asset_id=778DE165-AF15-4BE2-A15F-104AE59B7C51/L0/001 bytes=3439
[PHOTOS_DEBUG] in_process_thumb_success asset_id=5F8DE87C-4877-4AFF-A5F3-63CA8CC16790/L0/001 bytes=3135
[PHOTOS_DEBUG] in_process_thumb_success asset_id=9D54244C-4FD5-4E34-B190-32586C95D3BE/L0/001 bytes=4123
[PHOTOS_DEBUG] in_process_thumb_success asset_id=C8D9D240-DEF4-4F5A-A2E8-B46E30F7C6DF/L0/001 bytes=3735
[PHOTOS_DEBUG] in_process_thumb_success asset_id=086582B5-2EA9-4605-8E19-82B3628D9F9E/L0/001 bytes=3023
[PHOTOS_DEBUG] in_process_thumb_success asset_id=5710BE83-882E-4150-AE56-2EF4DB25CD33/L0/001 bytes=3815
[PHOTOS_DEBUG] in_process_thumb_success asset_id=07F769DB-0E5E-418B-86D9-A0FA181FAB5B/L0/001 bytes=3999
[PHOTOS_DEBUG] in_process_thumb_success asset_id=0463D6B4-19AD-4F86-8B87-5CEB34D696FC/L0/001 bytes=3123
[PHOTOS_DEBUG] in_process_thumb_success asset_id=A5E80D84-6525-4F30-B8BF-2BDC4526A30D/L0/001 bytes=4047
[PHOTOS_DEBUG] in_process_thumb_success asset_id=A46710D5-1482-4CF8-94FE-AC209B3F2E98/L0/001 bytes=3407
[PHOTOS_DEBUG] in_process_thumb_success asset_id=DCA18BEF-3217-4F8E-8A1A-E9DDF56B6154/L0/001 bytes=3071
[PHOTOS_DEBUG] in_process_thumb_success asset_id=5D8D1E54-C79A-44A8-96D5-9E4F176F25BF/L0/001 bytes=4523
[PHOTOS_DEBUG] in_process_thumb_success asset_id=0747E91C-BA59-44DA-8C5E-D5A8A1E0252A/L0/001 bytes=3531
[PHOTOS_DEBUG] in_process_thumb_success asset_id=286C9553-48BE-42A2-8C40-AA8F32782D1A/L0/001 bytes=3539
[PHOTOS_DEBUG] in_process_thumb_success asset_id=A300B50A-96B1-480F-8C71-3EB9DC68E251/L0/001 bytes=3035
[PHOTOS_DEBUG] in_process_thumb_success asset_id=A0831C6B-D745-4E4F-A2EC-EAEC989CECE8/L0/001 bytes=3291
[PHOTOS_DEBUG] in_process_thumb_success asset_id=CB3F5E99-8940-4BB2-8941-E1D9FC957B59/L0/001 bytes=2983
[PHOTOS_DEBUG] in_process_thumb_success asset_id=6A9E00C2-A4A4-4A12-BDB3-694EB4B51B87/L0/001 bytes=2967
[PHOTOS_DEBUG] in_process_thumb_success asset_id=ED7FF7DC-7835-473C-A954-DA574BD6E6C2/L0/001 bytes=3435
[PHOTOS_DEBUG] in_process_thumb_success asset_id=4A0F350B-8D24-49D9-9304-897F5055BB50/L0/001 bytes=2879
[PHOTOS_DEBUG] in_process_thumb_success asset_id=F665617B-DED4-4405-95A6-0E8DA6F45BAE/L0/001 bytes=3307
[PHOTOS_DEBUG] in_process_thumb_success asset_id=EE4C2FD1-E829-44F4-8EF6-98347D7234F5/L0/001 bytes=2731
[PHOTOS_DEBUG] in_process_thumb_success asset_id=C5102003-DED0-4409-9E61-E3D66091EB88/L0/001 bytes=3851
[PHOTOS_DEBUG] in_process_thumb_success asset_id=8FC86876-1422-4CA0-A555-49957FCBDC45/L0/001 bytes=2095
[PHOTOS_DEBUG] in_process_thumb_success asset_id=B3633772-FF96-4F8C-A9E8-BF59A6CFA915/L0/001 bytes=3399
[PHOTOS_DEBUG] in_process_thumb_success asset_id=8FD41B69-E6D7-49E0-AB7E-D9040EFE6200/L0/001 bytes=4195
[PHOTOS_DEBUG] in_process_thumb_success asset_id=6811A860-9F87-407E-A476-F4FECB2F239A/L0/001 bytes=3907
[BROWSER] location=Musik resolved=/Users/yilonglin/Music exists=yes permission=yes raw_count=3 filtered_count=1 image_count=0 error=none
[BROWSER] location=Musik resolved=/Users/yilonglin/Music/Music exists=yes permission=yes raw_count=3 filtered_count=2 image_count=0 error=none
[BROWSER] location=Musik resolved=/Users/yilonglin/Music/Music/Media.localized exists=yes permission=yes raw_count=5 filtered_count=2 image_count=0 error=none
[BROWSER] location=Musik resolved=/Users/yilonglin/Music/Music/Media.localized/Automatically Add to Music.localized exists=yes permission=yes raw_count=1 filtered_count=0 image_count=0 error=none
[BROWSER] location=Musik resolved=/Users/yilonglin/Music/Music/Media.localized exists=yes permission=yes raw_count=5 filtered_count=2 image_count=0 error=none
[BROWSER] location=Musik resolved=/Users/yilonglin/Music/Music exists=yes permission=yes raw_count=3 filtered_count=2 image_count=0 error=none
[BROWSER] location=Musik resolved=/Users/yilonglin/Music exists=yes permission=yes raw_count=3 filtered_count=1 image_count=0 error=none
[BROWSER] location=Downloads resolved=/Users/yilonglin/Downloads exists=yes permission=yes raw_count=9 filtered_count=6 image_count=1 error=none
[BROWSER] location=Dokumente resolved=/Users/yilonglin/Documents exists=yes permission=yes raw_count=4 filtered_count=2 image_count=0 error=none
[BROWSER] location=Desktop resolved=/Users/yilonglin/Desktop exists=yes permission=yes raw_count=4 filtered_count=2 image_count=0 error=none
[PHOTOS_DEBUG] in_process=yes photos_auth_status=authorized photos_asset_count=80 photos_result_count=80
[BROWSER] location=Pictures resolved=/Users/yilonglin/Pictures exists=yes permission=yes raw_count=4 filtered_count=80 image_count=80 error=none
[PHOTOS_DEBUG] pictures_path=/Users/yilonglin/Pictures pictures_file_count=0 raw_count=4 photos_auth_status=authorized photos_asset_count=80 photos_result_count=80 total_entries=80
[PHOTOS_DEBUG] in_process_thumb_success asset_id=C4FAF116-295A-40A4-9328-C0EEA1C4586C/L0/001 bytes=4035
[PHOTOS_DEBUG] in_process_thumb_success asset_id=5762A0CE-356A-481C-A296-73D0A23C2107/L0/001 bytes=4063[PHOTOS_DEBUG] in_process_thumb_success asset_id=DEBBA9A2-88CA-429C-823E-C4B15D64CE0C/L0/001 bytes=3471
[PHOTOS_DEBUG] in_process_thumb_success asset_id=3996ED3D-F391-427B-82E0-5080BEBFE306/L0/001 bytes=2819

[PHOTOS_DEBUG] in_process_thumb_success asset_id=667598D1-FC6E-47EF-8FC2-D4C2FC1A6733/L0/001 bytes=4031
[PHOTOS_DEBUG] in_process_thumb_success asset_id=2872DA49-5072-497D-8382-F40999073C7B/L0/001 bytes=4215
[PHOTOS_DEBUG] in_process_thumb_success asset_id=EB9E1987-238C-497E-8F87-EBE12782D1B7/L0/001 bytes=4131
[PHOTOS_DEBUG] in_process_thumb_success asset_id=C55AB001-423F-4D44-B3D8-AC3C40CDDAC8/L0/001 bytes=3723
[PHOTOS_DEBUG] in_process_thumb_success asset_id=69EC8E33-E961-4DA9-B7F4-1C8077C87915/L0/001 bytes=4047
[PHOTOS_DEBUG] in_process_thumb_success asset_id=DD1D6B16-2151-4E46-BE6F-A627022B0491/L0/001 bytes=4199
[PHOTOS_DEBUG] in_process_thumb_success asset_id=82E775E3-404A-4349-8CD4-56CC3A25F68D/L0/001 bytes=4391
[PHOTOS_DEBUG] in_process_thumb_success asset_id=842552A7-4D8E-40E5-B998-CFFEB284F0FA/L0/001 bytes=4051
[PHOTOS_DEBUG] in_process_thumb_success asset_id=3417EDFA-5EDE-466D-A8A6-6C5F335C1793/L0/001 bytes=3131
[PHOTOS_DEBUG] in_process_thumb_success asset_id=29755E84-F94A-478E-A663-A70F28F08704/L0/001 bytes=4095
[PHOTOS_DEBUG] in_process_thumb_success asset_id=3AB846BE-AEB9-4696-80C8-B2EFC3912F66/L0/001 bytes=3819
[PHOTOS_DEBUG] in_process_thumb_success asset_id=CCB4FBA2-1CF9-4811-B832-107A6A220197/L0/001 bytes=3795
[PHOTOS_DEBUG] in_process_thumb_success asset_id=E9650388-348C-4E4B-88E3-50B762EA834D/L0/001 bytes=3063
[PHOTOS_DEBUG] in_process_thumb_success asset_id=E35AE33C-EE40-4E11-B250-8AD3C710CAAC/L0/001 bytes=3739
[PHOTOS_DEBUG] in_process_thumb_success asset_id=F8EFE244-7B10-440C-BD92-0DBBC92F4FEC/L0/001 bytes=3615
[PHOTOS_DEBUG] in_process_thumb_success asset_id=087AFEC9-6A07-4DC0-AA87-612DF7E56E1B/L0/001 bytes=3299
[PHOTOS_DEBUG] in_process_thumb_success asset_id=FE91AE8C-5D84-4E6C-B979-E4A07A5EB392/L0/001 bytes=4131
[PHOTOS_DEBUG] in_process_thumb_success asset_id=88E34304-1621-442A-AE42-715660E4E1DC/L0/001 bytes=3899
[PHOTOS_DEBUG] in_process_thumb_success asset_id=C3BB8688-707F-4495-837E-28BE7BD6A776/L0/001 bytes=3791
[PHOTOS_DEBUG] in_process_thumb_success asset_id=0503F4E5-BC54-4F1C-B2A1-1C8596781F35/L0/001 bytes=3875
[PHOTOS_DEBUG] in_process_thumb_success asset_id=3AF3AEEC-D43B-43AA-9C86-5321DAE085BE/L0/001 bytes=3279
[PHOTOS_DEBUG] in_process_thumb_success asset_id=D2C8F2BB-0BCC-4DA1-A8CE-767D09B99A3D/L0/001 bytes=3399
[PHOTOS_DEBUG] in_process_thumb_success asset_id=A145E6EC-A6C1-49EA-AF82-9AC3C67CB951/L0/001 bytes=2943
[PHOTOS_DEBUG] in_process_thumb_success asset_id=14A2F553-7A09-49F4-8F36-7B20B6C02A9D/L0/001 bytes=3091
[PHOTOS_DEBUG] in_process_thumb_success asset_id=4DC59BA5-D134-48E4-93BF-50472EA69D89/L0/001 bytes=2855
[PHOTOS_DEBUG] in_process_thumb_success asset_id=83D5731F-E532-4B62-AA5C-7C161B6282B5/L0/001 bytes=2827
[PHOTOS_DEBUG] in_process_thumb_success asset_id=7B299703-5CEA-4D34-AC13-4E13FA030FE5/L0/001 bytes=2979
[PHOTOS_DEBUG] in_process_thumb_success asset_id=A49FAC2C-82BE-4F88-A193-B3EF2E16F5A5/L0/001 bytes=2815
[PHOTOS_DEBUG] in_process_thumb_success asset_id=5EFF61F8-4F87-407E-8D6F-06F6740DB73C/L0/001 bytes=2927
[PHOTOS_DEBUG] in_process_thumb_success asset_id=91D12FE5-D775-4773-B531-60B4F510279D/L0/001 bytes=3323
[PHOTOS_DEBUG] in_process_thumb_success asset_id=1181DE8C-9E2D-4779-A760-EC5362137286/L0/001 bytes=3043
[PHOTOS_DEBUG] in_process_thumb_success asset_id=4EC4DD34-3C41-4ED5-B795-49F00CDB3F01/L0/001 bytes=2859
[PHOTOS_DEBUG] in_process_thumb_success asset_id=057ABF65-831E-46B8-9851-EEBDBD6FED4D/L0/001 bytes=2935
[PHOTOS_DEBUG] in_process_thumb_success asset_id=85158FA6-0B41-419C-97EB-5A360441CCA9/L0/001 bytes=3723
[PHOTOS_DEBUG] in_process_thumb_success asset_id=F420F813-2013-4627-961A-70ABC0F2AA22/L0/001 bytes=3431
[PHOTOS_DEBUG] in_process_thumb_success asset_id=5BC7F352-46CA-415C-BF73-34149E27BBA7/L0/001 bytes=3527
[PHOTOS_DEBUG] in_process_thumb_success asset_id=02AE3CE4-F3F5-4592-A565-F471ABFB06CE/L0/001 bytes=3311
[PHOTOS_DEBUG] in_process_thumb_success asset_id=64285D20-492A-460F-B674-1755E22A598A/L0/001 bytes=2955
[PHOTOS_DEBUG] in_process_thumb_success asset_id=0F101A83-918B-413E-B112-7567819EEFDC/L0/001 bytes=3019
[PHOTOS_DEBUG] in_process_thumb_success asset_id=94A098A1-5220-4C4F-AB0D-D534698551A4/L0/001 bytes=3595
[PHOTOS_DEBUG] in_process_thumb_success asset_id=529D8C4B-3CEE-413C-B396-8F12BA379BFE/L0/001 bytes=3255
[PHOTOS_DEBUG] in_process_thumb_success asset_id=F018E487-E08F-4189-B0E0-E54CDD3EA270/L0/001 bytes=3739
[PHOTOS_DEBUG] in_process_thumb_success asset_id=6A127F3B-3A30-4F53-92BA-B0B9A0C0D6C2/L0/001 bytes=4319
[PHOTOS_DEBUG] in_process_thumb_success asset_id=088274B8-0B9E-4939-BD90-D3840BB82BAD/L0/001 bytes=4695
[PHOTOS_DEBUG] in_process_thumb_success asset_id=95AB0758-DC5E-48EB-9D58-B0771EBC55F1/L0/001 bytes=4191
[PHOTOS_DEBUG] in_process_thumb_success asset_id=C1F3ECAC-EE19-4A67-AD03-333DEE3FCA5A/L0/001 bytes=2939
[PHOTOS_DEBUG] in_process_thumb_success asset_id=AA081FA8-F6D8-4EA6-AD41-EDABAB1BE99F/L0/001 bytes=2931
[PHOTOS_DEBUG] in_process_thumb_success asset_id=9088C68A-5F09-4E3D-95BD-D515FCFFB428/L0/001 bytes=3071
[PHOTOS_DEBUG] in_process_thumb_success asset_id=51EEEA46-006B-42B9-A3DF-5F77BDE5AA08/L0/001 bytes=2955
[PHOTOS_DEBUG] in_process_thumb_success asset_id=778DE165-AF15-4BE2-A15F-104AE59B7C51/L0/001 bytes=3439
[PHOTOS_DEBUG] in_process_thumb_success asset_id=5F8DE87C-4877-4AFF-A5F3-63CA8CC16790/L0/001 bytes=3135
[PHOTOS_DEBUG] in_process_thumb_success asset_id=C8D9D240-DEF4-4F5A-A2E8-B46E30F7C6DF/L0/001 bytes=3735
[PHOTOS_DEBUG] in_process_thumb_success asset_id=5710BE83-882E-4150-AE56-2EF4DB25CD33/L0/001 bytes=3815
[PHOTOS_DEBUG] in_process_thumb_success asset_id=9D54244C-4FD5-4E34-B190-32586C95D3BE/L0/001 bytes=4123
[PHOTOS_DEBUG] in_process_thumb_success asset_id=086582B5-2EA9-4605-8E19-82B3628D9F9E/L0/001 bytes=3023
[PHOTOS_DEBUG] in_process_thumb_success asset_id=07F769DB-0E5E-418B-86D9-A0FA181FAB5B/L0/001 bytes=3999
[PHOTOS_DEBUG] in_process_thumb_success asset_id=A5E80D84-6525-4F30-B8BF-2BDC4526A30D/L0/001 bytes=4047
[PHOTOS_DEBUG] in_process_thumb_success asset_id=0463D6B4-19AD-4F86-8B87-5CEB34D696FC/L0/001 bytes=3123
[PHOTOS_DEBUG] in_process_thumb_success asset_id=A46710D5-1482-4CF8-94FE-AC209B3F2E98/L0/001 bytes=3407
[PHOTOS_DEBUG] in_process_thumb_success asset_id=DCA18BEF-3217-4F8E-8A1A-E9DDF56B6154/L0/001 bytes=3071
[PHOTOS_DEBUG] in_process_thumb_success asset_id=5D8D1E54-C79A-44A8-96D5-9E4F176F25BF/L0/001 bytes=4523
[PHOTOS_DEBUG] in_process_thumb_success asset_id=0747E91C-BA59-44DA-8C5E-D5A8A1E0252A/L0/001 bytes=3531
[PHOTOS_DEBUG] in_process_thumb_success asset_id=286C9553-48BE-42A2-8C40-AA8F32782D1A/L0/001 bytes=3539
[PHOTOS_DEBUG] in_process_thumb_success asset_id=CB3F5E99-8940-4BB2-8941-E1D9FC957B59/L0/001 bytes=2983
[PHOTOS_DEBUG] in_process_thumb_success asset_id=A300B50A-96B1-480F-8C71-3EB9DC68E251/L0/001 bytes=3035
[PHOTOS_DEBUG] in_process_thumb_success asset_id=A0831C6B-D745-4E4F-A2EC-EAEC989CECE8/L0/001 bytes=3291
[PHOTOS_DEBUG] in_process_thumb_success asset_id=6A9E00C2-A4A4-4A12-BDB3-694EB4B51B87/L0/001 bytes=2967
[PHOTOS_DEBUG] in_process_thumb_success asset_id=ED7FF7DC-7835-473C-A954-DA574BD6E6C2/L0/001 bytes=3435
[PHOTOS_DEBUG] in_process_thumb_success asset_id=F665617B-DED4-4405-95A6-0E8DA6F45BAE/L0/001 bytes=3307
[PHOTOS_DEBUG] in_process_thumb_success asset_id=4A0F350B-8D24-49D9-9304-897F5055BB50/L0/001 bytes=2879
[PHOTOS_DEBUG] in_process_thumb_success asset_id=EE4C2FD1-E829-44F4-8EF6-98347D7234F5/L0/001 bytes=2731
[PHOTOS_DEBUG] in_process_thumb_success asset_id=C5102003-DED0-4409-9E61-E3D66091EB88/L0/001 bytes=3851
[PHOTOS_DEBUG] in_process_thumb_success asset_id=B3633772-FF96-4F8C-A9E8-BF59A6CFA915/L0/001 bytes=3399
[PHOTOS_DEBUG] in_process_thumb_success asset_id=8FC86876-1422-4CA0-A555-49957FCBDC45/L0/001 bytes=2095
[PHOTOS_DEBUG] in_process_thumb_success asset_id=8FD41B69-E6D7-49E0-AB7E-D9040EFE6200/L0/001 bytes=4195
[PHOTOS_DEBUG] in_process_thumb_success asset_id=6811A860-9F87-407E-A476-F4FECB2F239A/L0/001 bytes=3907
[PHOTOS_HELPER] status is not_determined, requesting authorization...
[PHOTOS_HELPER] after request authorization status=denied
[PHOTOS_HELPER] not authorized: denied
[PHOTOS_DEBUG] in_process=yes photos_auth_status=authorized photos_asset_count=80 photos_result_count=80
[BROWSER] location=Pictures resolved=/Users/yilonglin/Pictures exists=yes permission=yes raw_count=4 filtered_count=80 image_count=80 error=none
[PHOTOS_DEBUG] pictures_path=/Users/yilonglin/Pictures pictures_file_count=0 raw_count=4 photos_auth_status=authorized photos_asset_count=80 photos_result_count=80 total_entries=80
[PHOTOS_DEBUG] in_process_thumb_success asset_id=3996ED3D-F391-427B-82E0-5080BEBFE306/L0/001 bytes=13443
[PHOTOS_DEBUG] in_process_thumb_success asset_id=5762A0CE-356A-481C-A296-73D0A23C2107/L0/001 bytes=25631
[THUMB_RUNTIME] phase=gallery_load path=photos://asset/3996ED3D-F391-427B-82E0-5080BEBFE306/L0/001 complete=true naturalWidth=167 naturalHeight=260 uri_bytes=13443
[THUMB_RUNTIME] phase=gallery_load path=photos://asset/5762A0CE-356A-481C-A296-73D0A23C2107/L0/001 complete=true naturalWidth=146 naturalHeight=260 uri_bytes=25631
[PHOTOS_DEBUG] in_process_thumb_success asset_id=DEBBA9A2-88CA-429C-823E-C4B15D64CE0C/L0/001 bytes=14043
[THUMB_RUNTIME] phase=gallery_load path=photos://asset/DEBBA9A2-88CA-429C-823E-C4B15D64CE0C/L0/001 complete=true naturalWidth=146 naturalHeight=260 uri_bytes=14043
[PHOTOS_DEBUG] in_process_thumb_success asset_id=C55AB001-423F-4D44-B3D8-AC3C40CDDAC8/L0/001 bytes=23759
[THUMB_RUNTIME] phase=gallery_load path=photos://asset/C55AB001-423F-4D44-B3D8-AC3C40CDDAC8/L0/001 complete=true naturalWidth=146 naturalHeight=260 uri_bytes=23759
[PHOTOS_DEBUG] in_process_thumb_success asset_id=3417EDFA-5EDE-466D-A8A6-6C5F335C1793/L0/001 bytes=16215
[THUMB_RUNTIME] phase=gallery_load path=photos://asset/3417EDFA-5EDE-466D-A8A6-6C5F335C1793/L0/001 complete=true naturalWidth=120 naturalHeight=260 uri_bytes=16215
[PHOTOS_DEBUG] in_process_thumb_success asset_id=087AFEC9-6A07-4DC0-AA87-612DF7E56E1B/L0/001 bytes=16271
[THUMB_RUNTIME] phase=gallery_load path=photos://asset/087AFEC9-6A07-4DC0-AA87-612DF7E56E1B/L0/001 complete=true naturalWidth=120 naturalHeight=260 uri_bytes=16271
[PHOTOS_DEBUG] in_process_thumb_success asset_id=3AF3AEEC-D43B-43AA-9C86-5321DAE085BE/L0/001 bytes=18763
[THUMB_RUNTIME] phase=gallery_load path=photos://asset/3AF3AEEC-D43B-43AA-9C86-5321DAE085BE/L0/001 complete=true naturalWidth=120 naturalHeight=260 uri_bytes=18763
[PHOTOS_DEBUG] in_process_thumb_success asset_id=E9650388-348C-4E4B-88E3-50B762EA834D/L0/001 bytes=13907
[THUMB_RUNTIME] phase=gallery_load path=photos://asset/E9650388-348C-4E4B-88E3-50B762EA834D/L0/001 complete=true naturalWidth=120 naturalHeight=260 uri_bytes=13907
[PHOTOS_DEBUG] in_process_thumb_success asset_id=D2C8F2BB-0BCC-4DA1-A8CE-767D09B99A3D/L0/001 bytes=13551
[PHOTOS_DEBUG] in_process_thumb_success asset_id=FE91AE8C-5D84-4E6C-B979-E4A07A5EB392/L0/001 bytes=28843
[PHOTOS_DEBUG] in_process_thumb_success asset_id=C3BB8688-707F-4495-837E-28BE7BD6A776/L0/001 bytes=25923
[PHOTOS_DEBUG] in_process_thumb_success asset_id=14A2F553-7A09-49F4-8F36-7B20B6C02A9D/L0/001 bytes=12923
[THUMB_RUNTIME] phase=gallery_load path=photos://asset/D2C8F2BB-0BCC-4DA1-A8CE-767D09B99A3D/L0/001 complete=true naturalWidth=169 naturalHeight=260 uri_bytes=13551
[THUMB_RUNTIME] phase=gallery_load path=photos://asset/FE91AE8C-5D84-4E6C-B979-E4A07A5EB392/L0/001 complete=true naturalWidth=146 naturalHeight=260 uri_bytes=28843
[THUMB_RUNTIME] phase=gallery_load path=photos://asset/14A2F553-7A09-49F4-8F36-7B20B6C02A9D/L0/001 complete=true naturalWidth=120 naturalHeight=260 uri_bytes=12923
[THUMB_RUNTIME] phase=gallery_load path=photos://asset/C3BB8688-707F-4495-837E-28BE7BD6A776/L0/001 complete=true naturalWidth=146 naturalHeight=260 uri_bytes=25923
[PHOTOS_DEBUG] in_process_thumb_success asset_id=7B299703-5CEA-4D34-AC13-4E13FA030FE5/L0/001 bytes=18355
[PHOTOS_DEBUG] in_process_thumb_success asset_id=5EFF61F8-4F87-407E-8D6F-06F6740DB73C/L0/001 bytes=16763
[THUMB_RUNTIME] phase=gallery_load path=photos://asset/7B299703-5CEA-4D34-AC13-4E13FA030FE5/L0/001 complete=true naturalWidth=120 naturalHeight=260 uri_bytes=18355
[THUMB_RUNTIME] phase=gallery_load path=photos://asset/5EFF61F8-4F87-407E-8D6F-06F6740DB73C/L0/001 complete=true naturalWidth=120 naturalHeight=260 uri_bytes=16763
[PHOTOS_DEBUG] in_process_thumb_success asset_id=1181DE8C-9E2D-4779-A760-EC5362137286/L0/001 bytes=19023
[PHOTOS_DEBUG] in_process_thumb_success asset_id=4EC4DD34-3C41-4ED5-B795-49F00CDB3F01/L0/001 bytes=10523
[PHOTOS_DEBUG] in_process_thumb_success asset_id=83D5731F-E532-4B62-AA5C-7C161B6282B5/L0/001 bytes=10275
[THUMB_RUNTIME] phase=gallery_load path=photos://asset/1181DE8C-9E2D-4779-A760-EC5362137286/L0/001 complete=true naturalWidth=120 naturalHeight=260 uri_bytes=19023
[PHOTOS_DEBUG] in_process_thumb_success asset_id=A49FAC2C-82BE-4F88-A193-B3EF2E16F5A5/L0/001 bytes=10867
[THUMB_RUNTIME] phase=gallery_load path=photos://asset/4EC4DD34-3C41-4ED5-B795-49F00CDB3F01/L0/001 complete=true naturalWidth=120 naturalHeight=260 uri_bytes=10523
[THUMB_RUNTIME] phase=gallery_load path=photos://asset/83D5731F-E532-4B62-AA5C-7C161B6282B5/L0/001 complete=true naturalWidth=120 naturalHeight=260 uri_bytes=10275
[THUMB_RUNTIME] phase=gallery_load path=photos://asset/A49FAC2C-82BE-4F88-A193-B3EF2E16F5A5/L0/001 complete=true naturalWidth=120 naturalHeight=260 uri_bytes=10867
[PHOTOS_DEBUG] in_process_thumb_success asset_id=A145E6EC-A6C1-49EA-AF82-9AC3C67CB951/L0/001 bytes=12651
[PHOTOS_DEBUG] in_process_thumb_success asset_id=4DC59BA5-D134-48E4-93BF-50472EA69D89/L0/001 bytes=10651
[THUMB_RUNTIME] phase=gallery_load path=photos://asset/A145E6EC-A6C1-49EA-AF82-9AC3C67CB951/L0/001 complete=true naturalWidth=120 naturalHeight=260 uri_bytes=12651
[THUMB_RUNTIME] phase=gallery_load path=photos://asset/4DC59BA5-D134-48E4-93BF-50472EA69D89/L0/001 complete=true naturalWidth=120 naturalHeight=260 uri_bytes=10651
[PHOTOS_DEBUG] in_process_thumb_success asset_id=057ABF65-831E-46B8-9851-EEBDBD6FED4D/L0/001 bytes=17551
[PHOTOS_DEBUG] in_process_thumb_success asset_id=64285D20-492A-460F-B674-1755E22A598A/L0/001 bytes=12475
[PHOTOS_DEBUG] in_process_thumb_success asset_id=0F101A83-918B-413E-B112-7567819EEFDC/L0/001 bytes=19083
[THUMB_RUNTIME] phase=gallery_load path=photos://asset/057ABF65-831E-46B8-9851-EEBDBD6FED4D/L0/001 complete=true naturalWidth=120 naturalHeight=260 uri_bytes=17551
[THUMB_RUNTIME] phase=gallery_load path=photos://asset/64285D20-492A-460F-B674-1755E22A598A/L0/001 complete=true naturalWidth=120 naturalHeight=260 uri_bytes=12475
[THUMB_RUNTIME] phase=gallery_load path=photos://asset/0F101A83-918B-413E-B112-7567819EEFDC/L0/001 complete=true naturalWidth=120 naturalHeight=260 uri_bytes=19083
[PHOTOS_DEBUG] in_process_thumb_success asset_id=F420F813-2013-4627-961A-70ABC0F2AA22/L0/001 bytes=19095
[PHOTOS_DEBUG] in_process_thumb_success asset_id=02AE3CE4-F3F5-4592-A565-F471ABFB06CE/L0/001 bytes=24439
[THUMB_RUNTIME] phase=gallery_load path=photos://asset/F420F813-2013-4627-961A-70ABC0F2AA22/L0/001 complete=true naturalWidth=120 naturalHeight=260 uri_bytes=19095
[THUMB_RUNTIME] phase=gallery_load path=photos://asset/02AE3CE4-F3F5-4592-A565-F471ABFB06CE/L0/001 complete=true naturalWidth=173 naturalHeight=260 uri_bytes=24439
[PHOTOS_DEBUG] in_process_thumb_success asset_id=94A098A1-5220-4C4F-AB0D-D534698551A4/L0/001 bytes=20679
[THUMB_RUNTIME] phase=gallery_load path=photos://asset/94A098A1-5220-4C4F-AB0D-D534698551A4/L0/001 complete=true naturalWidth=120 naturalHeight=260 uri_bytes=20679
[PHOTOS_DEBUG] in_process_thumb_success asset_id=C1F3ECAC-EE19-4A67-AD03-333DEE3FCA5A/L0/001 bytes=15735
[PHOTOS_DEBUG] in_process_thumb_success asset_id=9088C68A-5F09-4E3D-95BD-D515FCFFB428/L0/001 bytes=11275
[THUMB_RUNTIME] phase=gallery_load path=photos://asset/C1F3ECAC-EE19-4A67-AD03-333DEE3FCA5A/L0/001 complete=true naturalWidth=120 naturalHeight=260 uri_bytes=15735
[THUMB_RUNTIME] phase=gallery_load path=photos://asset/9088C68A-5F09-4E3D-95BD-D515FCFFB428/L0/001 complete=true naturalWidth=120 naturalHeight=260 uri_bytes=11275
[PHOTOS_DEBUG] in_process_thumb_success asset_id=AA081FA8-F6D8-4EA6-AD41-EDABAB1BE99F/L0/001 bytes=8979
[THUMB_RUNTIME] phase=gallery_load path=photos://asset/AA081FA8-F6D8-4EA6-AD41-EDABAB1BE99F/L0/001 complete=true naturalWidth=120 naturalHeight=260 uri_bytes=8979
[PHOTOS_DEBUG] in_process_thumb_success asset_id=51EEEA46-006B-42B9-A3DF-5F77BDE5AA08/L0/001 bytes=19187
[PHOTOS_DEBUG] in_process_thumb_success asset_id=778DE165-AF15-4BE2-A15F-104AE59B7C51/L0/001 bytes=21623
[THUMB_RUNTIME] phase=gallery_load path=photos://asset/51EEEA46-006B-42B9-A3DF-5F77BDE5AA08/L0/001 complete=true naturalWidth=120 naturalHeight=260 uri_bytes=19187
[THUMB_RUNTIME] phase=gallery_load path=photos://asset/778DE165-AF15-4BE2-A15F-104AE59B7C51/L0/001 complete=true naturalWidth=254 naturalHeight=260 uri_bytes=21623
[PHOTOS_DEBUG] in_process_thumb_success asset_id=5F8DE87C-4877-4AFF-A5F3-63CA8CC16790/L0/001 bytes=14843
[THUMB_RUNTIME] phase=gallery_load path=photos://asset/5F8DE87C-4877-4AFF-A5F3-63CA8CC16790/L0/001 complete=true naturalWidth=187 naturalHeight=260 uri_bytes=14843
[PHOTOS_DEBUG] in_process_thumb_success asset_id=A5E80D84-6525-4F30-B8BF-2BDC4526A30D/L0/001 bytes=28683
[THUMB_RUNTIME] phase=gallery_load path=photos://asset/A5E80D84-6525-4F30-B8BF-2BDC4526A30D/L0/001 complete=true naturalWidth=260 naturalHeight=144 uri_bytes=28683
[PHOTOS_DEBUG] in_process_thumb_success asset_id=07F769DB-0E5E-418B-86D9-A0FA181FAB5B/L0/001 bytes=32123
[PHOTOS_DEBUG] in_process_thumb_success asset_id=086582B5-2EA9-4605-8E19-82B3628D9F9E/L0/001 bytes=20275
[PHOTOS_DEBUG] in_process_thumb_success asset_id=529D8C4B-3CEE-413C-B396-8F12BA379BFE/L0/001 bytes=19695
[THUMB_RUNTIME] phase=gallery_load path=photos://asset/086582B5-2EA9-4605-8E19-82B3628D9F9E/L0/001 complete=true naturalWidth=120 naturalHeight=260 uri_bytes=20275
[THUMB_RUNTIME] phase=gallery_load path=photos://asset/07F769DB-0E5E-418B-86D9-A0FA181FAB5B/L0/001 complete=true naturalWidth=260 naturalHeight=146 uri_bytes=32123
[PHOTOS_DEBUG] in_process_thumb_success asset_id=A46710D5-1482-4CF8-94FE-AC209B3F2E98/L0/001 bytes=21899
[THUMB_RUNTIME] phase=gallery_load path=photos://asset/529D8C4B-3CEE-413C-B396-8F12BA379BFE/L0/001 complete=true naturalWidth=120 naturalHeight=260 uri_bytes=19695
[THUMB_RUNTIME] phase=gallery_load path=photos://asset/A46710D5-1482-4CF8-94FE-AC209B3F2E98/L0/001 complete=true naturalWidth=260 naturalHeight=112 uri_bytes=21899
[PHOTOS_DEBUG] in_process_thumb_success asset_id=0463D6B4-19AD-4F86-8B87-5CEB34D696FC/L0/001 bytes=19123
[THUMB_RUNTIME] phase=gallery_load path=photos://asset/0463D6B4-19AD-4F86-8B87-5CEB34D696FC/L0/001 complete=true naturalWidth=260 naturalHeight=162 uri_bytes=19123
[PHOTOS_DEBUG] in_process_thumb_success asset_id=DCA18BEF-3217-4F8E-8A1A-E9DDF56B6154/L0/001 bytes=11443
[THUMB_RUNTIME] phase=gallery_load path=photos://asset/DCA18BEF-3217-4F8E-8A1A-E9DDF56B6154/L0/001 complete=true naturalWidth=120 naturalHeight=260 uri_bytes=11443
[PHOTOS_DEBUG] in_process_thumb_success asset_id=6A9E00C2-A4A4-4A12-BDB3-694EB4B51B87/L0/001 bytes=14151
[PHOTOS_DEBUG] in_process_thumb_success asset_id=286C9553-48BE-42A2-8C40-AA8F32782D1A/L0/001 bytes=21999
[THUMB_RUNTIME] phase=gallery_load path=photos://asset/6A9E00C2-A4A4-4A12-BDB3-694EB4B51B87/L0/001 complete=true naturalWidth=120 naturalHeight=260 uri_bytes=14151
[PHOTOS_DEBUG] in_process_thumb_success asset_id=ED7FF7DC-7835-473C-A954-DA574BD6E6C2/L0/001 bytes=22903
[THUMB_RUNTIME] phase=gallery_load path=photos://asset/286C9553-48BE-42A2-8C40-AA8F32782D1A/L0/001 complete=true naturalWidth=120 naturalHeight=260 uri_bytes=21999
[THUMB_RUNTIME] phase=gallery_load path=photos://asset/ED7FF7DC-7835-473C-A954-DA574BD6E6C2/L0/001 complete=true naturalWidth=260 naturalHeight=240 uri_bytes=22903
[PHOTOS_DEBUG] in_process_thumb_success asset_id=4A0F350B-8D24-49D9-9304-897F5055BB50/L0/001 bytes=12851
[PHOTOS_DEBUG] in_process_thumb_success asset_id=EE4C2FD1-E829-44F4-8EF6-98347D7234F5/L0/001 bytes=14007
[THUMB_RUNTIME] phase=gallery_load path=photos://asset/4A0F350B-8D24-49D9-9304-897F5055BB50/L0/001 complete=true naturalWidth=185 naturalHeight=260 uri_bytes=12851
[THUMB_RUNTIME] phase=gallery_load path=photos://asset/EE4C2FD1-E829-44F4-8EF6-98347D7234F5/L0/001 complete=true naturalWidth=260 naturalHeight=76 uri_bytes=14007
[PHOTOS_DEBUG] in_process_thumb_success asset_id=8FC86876-1422-4CA0-A555-49957FCBDC45/L0/001 bytes=4735
[THUMB_RUNTIME] phase=gallery_load path=photos://asset/8FC86876-1422-4CA0-A555-49957FCBDC45/L0/001 complete=true naturalWidth=120 naturalHeight=260 uri_bytes=4735
[PHOTOS_DEBUG] in_process_thumb_success asset_id=0747E91C-BA59-44DA-8C5E-D5A8A1E0252A/L0/001 bytes=20803
[THUMB_RUNTIME] phase=gallery_load path=photos://asset/0747E91C-BA59-44DA-8C5E-D5A8A1E0252A/L0/001 complete=true naturalWidth=120 naturalHeight=260 uri_bytes=20803
[PHOTOS_DEBUG] in_process_thumb_success asset_id=CB3F5E99-8940-4BB2-8941-E1D9FC957B59/L0/001 bytes=15443
[PHOTOS_DEBUG] in_process_thumb_success asset_id=8FD41B69-E6D7-49E0-AB7E-D9040EFE6200/L0/001 bytes=27831
[THUMB_RUNTIME] phase=gallery_load path=photos://asset/CB3F5E99-8940-4BB2-8941-E1D9FC957B59/L0/001 complete=true naturalWidth=120 naturalHeight=260 uri_bytes=15443
[PHOTOS_DEBUG] in_process_thumb_success asset_id=6811A860-9F87-407E-A476-F4FECB2F239A/L0/001 bytes=23507
[THUMB_RUNTIME] phase=gallery_load path=photos://asset/8FD41B69-E6D7-49E0-AB7E-D9040EFE6200/L0/001 complete=true naturalWidth=146 naturalHeight=260 uri_bytes=27831
[THUMB_RUNTIME] phase=gallery_load path=photos://asset/6811A860-9F87-407E-A476-F4FECB2F239A/L0/001 complete=true naturalWidth=146 naturalHeight=260 uri_bytes=23507
[PHOTOS_DEBUG] in_process_thumb_success asset_id=A300B50A-96B1-480F-8C71-3EB9DC68E251/L0/001 bytes=14099
[THUMB_RUNTIME] phase=gallery_load path=photos://asset/A300B50A-96B1-480F-8C71-3EB9DC68E251/L0/001 complete=true naturalWidth=120 naturalHeight=260 uri_bytes=14099
[PHOTOS_DEBUG] in_process_thumb_success asset_id=91D12FE5-D775-4773-B531-60B4F510279D/L0/001 bytes=18795
[THUMB_RUNTIME] phase=gallery_load path=photos://asset/91D12FE5-D775-4773-B531-60B4F510279D/L0/001 complete=true naturalWidth=156 naturalHeight=260 uri_bytes=18795
[PHOTOS_DEBUG] in_process_thumb_success asset_id=29755E84-F94A-478E-A663-A70F28F08704/L0/001 bytes=34179
[PHOTOS_DEBUG] in_process_thumb_success asset_id=0503F4E5-BC54-4F1C-B2A1-1C8596781F35/L0/001 bytes=28259
[THUMB_RUNTIME] phase=gallery_load path=photos://asset/0503F4E5-BC54-4F1C-B2A1-1C8596781F35/L0/001 complete=true naturalWidth=196 naturalHeight=260 uri_bytes=28259
[THUMB_RUNTIME] phase=gallery_load path=photos://asset/29755E84-F94A-478E-A663-A70F28F08704/L0/001 complete=true naturalWidth=196 naturalHeight=260 uri_bytes=34179
[PHOTOS_DEBUG] in_process_thumb_success asset_id=CCB4FBA2-1CF9-4811-B832-107A6A220197/L0/001 bytes=23331
[THUMB_RUNTIME] phase=gallery_load path=photos://asset/CCB4FBA2-1CF9-4811-B832-107A6A220197/L0/001 complete=true naturalWidth=196 naturalHeight=260 uri_bytes=23331
[PHOTOS_DEBUG] in_process_thumb_success asset_id=3AB846BE-AEB9-4696-80C8-B2EFC3912F66/L0/001 bytes=25639
[PHOTOS_DEBUG] in_process_thumb_success asset_id=F8EFE244-7B10-440C-BD92-0DBBC92F4FEC/L0/001 bytes=21347
[THUMB_RUNTIME] phase=gallery_load path=photos://asset/3AB846BE-AEB9-4696-80C8-B2EFC3912F66/L0/001 complete=true naturalWidth=196 naturalHeight=260 uri_bytes=25639
[PHOTOS_DEBUG] in_process_thumb_success asset_id=88E34304-1621-442A-AE42-715660E4E1DC/L0/001 bytes=28503
[THUMB_RUNTIME] phase=gallery_load path=photos://asset/F8EFE244-7B10-440C-BD92-0DBBC92F4FEC/L0/001 complete=true naturalWidth=196 naturalHeight=260 uri_bytes=21347
[PHOTOS_DEBUG] in_process_thumb_success asset_id=6A127F3B-3A30-4F53-92BA-B0B9A0C0D6C2/L0/001 bytes=28059
[THUMB_RUNTIME] phase=gallery_load path=photos://asset/88E34304-1621-442A-AE42-715660E4E1DC/L0/001 complete=true naturalWidth=196 naturalHeight=260 uri_bytes=28503
[PHOTOS_DEBUG] in_process_thumb_success asset_id=5BC7F352-46CA-415C-BF73-34149E27BBA7/L0/001 bytes=17235
[PHOTOS_DEBUG] in_process_thumb_success asset_id=95AB0758-DC5E-48EB-9D58-B0771EBC55F1/L0/001 bytes=26191
[THUMB_RUNTIME] phase=gallery_load path=photos://asset/6A127F3B-3A30-4F53-92BA-B0B9A0C0D6C2/L0/001 complete=true naturalWidth=196 naturalHeight=260 uri_bytes=28059
[PHOTOS_DEBUG] in_process_thumb_success asset_id=85158FA6-0B41-419C-97EB-5A360441CCA9/L0/001 bytes=19187
[THUMB_RUNTIME] phase=gallery_load path=photos://asset/5BC7F352-46CA-415C-BF73-34149E27BBA7/L0/001 complete=true naturalWidth=196 naturalHeight=260 uri_bytes=17235
[THUMB_RUNTIME] phase=gallery_load path=photos://asset/95AB0758-DC5E-48EB-9D58-B0771EBC55F1/L0/001 complete=true naturalWidth=196 naturalHeight=260 uri_bytes=26191
[THUMB_RUNTIME] phase=gallery_load path=photos://asset/85158FA6-0B41-419C-97EB-5A360441CCA9/L0/001 complete=true naturalWidth=196 naturalHeight=260 uri_bytes=19187
[PHOTOS_DEBUG] in_process_thumb_success asset_id=9D54244C-4FD5-4E34-B190-32586C95D3BE/L0/001 bytes=25015
[PHOTOS_DEBUG] in_process_thumb_success asset_id=F018E487-E08F-4189-B0E0-E54CDD3EA270/L0/001 bytes=20287
[PHOTOS_DEBUG] in_process_thumb_success asset_id=088274B8-0B9E-4939-BD90-D3840BB82BAD/L0/001 bytes=33339
[THUMB_RUNTIME] phase=gallery_load path=photos://asset/F018E487-E08F-4189-B0E0-E54CDD3EA270/L0/001 complete=true naturalWidth=196 naturalHeight=260 uri_bytes=20287
[THUMB_RUNTIME] phase=gallery_load path=photos://asset/9D54244C-4FD5-4E34-B190-32586C95D3BE/L0/001 complete=true naturalWidth=196 naturalHeight=260 uri_bytes=25015
[THUMB_RUNTIME] phase=gallery_load path=photos://asset/088274B8-0B9E-4939-BD90-D3840BB82BAD/L0/001 complete=true naturalWidth=196 naturalHeight=260 uri_bytes=33339
[PHOTOS_DEBUG] in_process_thumb_success asset_id=C8D9D240-DEF4-4F5A-A2E8-B46E30F7C6DF/L0/001 bytes=25955
[THUMB_RUNTIME] phase=gallery_load path=photos://asset/C8D9D240-DEF4-4F5A-A2E8-B46E30F7C6DF/L0/001 complete=true naturalWidth=196 naturalHeight=260 uri_bytes=25955
[PHOTOS_DEBUG] in_process_thumb_success asset_id=5710BE83-882E-4150-AE56-2EF4DB25CD33/L0/001 bytes=22771
[THUMB_RUNTIME] phase=gallery_load path=photos://asset/5710BE83-882E-4150-AE56-2EF4DB25CD33/L0/001 complete=true naturalWidth=196 naturalHeight=260 uri_bytes=22771
[PHOTOS_DEBUG] in_process_thumb_success asset_id=A0831C6B-D745-4E4F-A2EC-EAEC989CECE8/L0/001 bytes=16467
[THUMB_RUNTIME] phase=gallery_load path=photos://asset/A0831C6B-D745-4E4F-A2EC-EAEC989CECE8/L0/001 complete=true naturalWidth=196 naturalHeight=260 uri_bytes=16467
[PHOTOS_DEBUG] in_process_thumb_success asset_id=B3633772-FF96-4F8C-A9E8-BF59A6CFA915/L0/001 bytes=16083
[THUMB_RUNTIME] phase=gallery_load path=photos://asset/B3633772-FF96-4F8C-A9E8-BF59A6CFA915/L0/001 complete=true naturalWidth=196 naturalHeight=260 uri_bytes=16083
[PHOTOS_DEBUG] in_process_thumb_success asset_id=5D8D1E54-C79A-44A8-96D5-9E4F176F25BF/L0/001 bytes=35631
[THUMB_RUNTIME] phase=gallery_load path=photos://asset/5D8D1E54-C79A-44A8-96D5-9E4F176F25BF/L0/001 complete=true naturalWidth=196 naturalHeight=260 uri_bytes=35631
[PHOTOS_DEBUG] in_process_thumb_success asset_id=667598D1-FC6E-47EF-8FC2-D4C2FC1A6733/L0/001 bytes=24779
[THUMB_RUNTIME] phase=gallery_load path=photos://asset/667598D1-FC6E-47EF-8FC2-D4C2FC1A6733/L0/001 complete=true naturalWidth=196 naturalHeight=260 uri_bytes=24779
[PHOTOS_DEBUG] in_process_thumb_success asset_id=842552A7-4D8E-40E5-B998-CFFEB284F0FA/L0/001 bytes=25007
[THUMB_RUNTIME] phase=gallery_load path=photos://asset/842552A7-4D8E-40E5-B998-CFFEB284F0FA/L0/001 complete=true naturalWidth=196 naturalHeight=260 uri_bytes=25007
[PHOTOS_DEBUG] in_process_thumb_success asset_id=2872DA49-5072-497D-8382-F40999073C7B/L0/001 bytes=26507
[THUMB_RUNTIME] phase=gallery_load path=photos://asset/2872DA49-5072-497D-8382-F40999073C7B/L0/001 complete=true naturalWidth=196 naturalHeight=260 uri_bytes=26507
[PHOTOS_DEBUG] in_process_thumb_success asset_id=EB9E1987-238C-497E-8F87-EBE12782D1B7/L0/001 bytes=24831
[THUMB_RUNTIME] phase=gallery_load path=photos://asset/EB9E1987-238C-497E-8F87-EBE12782D1B7/L0/001 complete=true naturalWidth=196 naturalHeight=260 uri_bytes=24831
[PHOTOS_DEBUG] in_process_thumb_success asset_id=C4FAF116-295A-40A4-9328-C0EEA1C4586C/L0/001 bytes=24391
[THUMB_RUNTIME] phase=gallery_load path=photos://asset/C4FAF116-295A-40A4-9328-C0EEA1C4586C/L0/001 complete=true naturalWidth=196 naturalHeight=260 uri_bytes=24391
[PHOTOS_DEBUG] in_process_thumb_success asset_id=F665617B-DED4-4405-95A6-0E8DA6F45BAE/L0/001 bytes=18063
[THUMB_RUNTIME] phase=gallery_load path=photos://asset/F665617B-DED4-4405-95A6-0E8DA6F45BAE/L0/001 complete=true naturalWidth=196 naturalHeight=260 uri_bytes=18063
[PHOTOS_DEBUG] in_process_thumb_success asset_id=E35AE33C-EE40-4E11-B250-8AD3C710CAAC/L0/001 bytes=24351
[THUMB_RUNTIME] phase=gallery_load path=photos://asset/E35AE33C-EE40-4E11-B250-8AD3C710CAAC/L0/001 complete=true naturalWidth=196 naturalHeight=260 uri_bytes=24351
[PHOTOS_DEBUG] in_process_thumb_success asset_id=C5102003-DED0-4409-9E61-E3D66091EB88/L0/001 bytes=23955
[THUMB_RUNTIME] phase=gallery_load path=photos://asset/C5102003-DED0-4409-9E61-E3D66091EB88/L0/001 complete=true naturalWidth=196 naturalHeight=260 uri_bytes=23955
[PHOTOS_DEBUG] in_process_thumb_success asset_id=82E775E3-404A-4349-8CD4-56CC3A25F68D/L0/001 bytes=27351
[THUMB_RUNTIME] phase=gallery_load path=photos://asset/82E775E3-404A-4349-8CD4-56CC3A25F68D/L0/001 complete=true naturalWidth=196 naturalHeight=260 uri_bytes=27351
[PHOTOS_DEBUG] in_process_thumb_success asset_id=69EC8E33-E961-4DA9-B7F4-1C8077C87915/L0/001 bytes=23935
[THUMB_RUNTIME] phase=gallery_load path=photos://asset/69EC8E33-E961-4DA9-B7F4-1C8077C87915/L0/001 complete=true naturalWidth=196 naturalHeight=260 uri_bytes=23935
[PHOTOS_DEBUG] in_process_thumb_success asset_id=DD1D6B16-2151-4E46-BE6F-A627022B0491/L0/001 bytes=25159
[THUMB_RUNTIME] phase=gallery_load path=photos://asset/DD1D6B16-2151-4E46-BE6F-A627022B0491/L0/001 complete=true naturalWidth=196 naturalHeight=260 uri_bytes=25159
[BROWSER] location=Noki resolved=/Users/yilonglin/Documents/Noki exists=yes permission=yes raw_count=0 filtered_count=0 image_count=0 error=none
[BROWSER] location=Musik resolved=/Users/yilonglin/Music exists=yes permission=yes raw_count=3 filtered_count=1 image_count=0 error=none
[PHOTOS_DEBUG] in_process=yes photos_auth_status=authorized photos_asset_count=80 photos_result_count=80
[BROWSER] location=Pictures resolved=/Users/yilonglin/Pictures exists=yes permission=yes raw_count=4 filtered_count=80 image_count=80 error=none
[PHOTOS_DEBUG] pictures_path=/Users/yilonglin/Pictures pictures_file_count=0 raw_count=4 photos_auth_status=authorized photos_asset_count=80 photos_result_count=80 total_entries=80
[PHOTOS_DEBUG] in_process_thumb_success asset_id=3996ED3D-F391-427B-82E0-5080BEBFE306/L0/001 bytes=13443
[THUMB_RUNTIME] phase=gallery_load path=photos://asset/3996ED3D-F391-427B-82E0-5080BEBFE306/L0/001 complete=true naturalWidth=167 naturalHeight=260 uri_bytes=13443
[PHOTOS_DEBUG] in_process_thumb_success asset_id=DEBBA9A2-88CA-429C-823E-C4B15D64CE0C/L0/001 bytes=14043
[PHOTOS_DEBUG] in_process_thumb_success asset_id=5762A0CE-356A-481C-A296-73D0A23C2107/L0/001 bytes=25631
[THUMB_RUNTIME] phase=gallery_load path=photos://asset/DEBBA9A2-88CA-429C-823E-C4B15D64CE0C/L0/001 complete=true naturalWidth=146 naturalHeight=260 uri_bytes=14043
[PHOTOS_DEBUG] in_process_thumb_success asset_id=3417EDFA-5EDE-466D-A8A6-6C5F335C1793/L0/001 bytes=16215
[THUMB_RUNTIME] phase=gallery_load path=photos://asset/5762A0CE-356A-481C-A296-73D0A23C2107/L0/001 complete=true naturalWidth=146 naturalHeight=260 uri_bytes=25631
[THUMB_RUNTIME] phase=gallery_load path=photos://asset/3417EDFA-5EDE-466D-A8A6-6C5F335C1793/L0/001 complete=true naturalWidth=120 naturalHeight=260 uri_bytes=16215
[PHOTOS_DEBUG] in_process_thumb_success asset_id=C55AB001-423F-4D44-B3D8-AC3C40CDDAC8/L0/001 bytes=23759
[THUMB_RUNTIME] phase=gallery_load path=photos://asset/C55AB001-423F-4D44-B3D8-AC3C40CDDAC8/L0/001 complete=true naturalWidth=146 naturalHeight=260 uri_bytes=23759
[PHOTOS_DEBUG] in_process_thumb_success asset_id=E9650388-348C-4E4B-88E3-50B762EA834D/L0/001 bytes=13907
[THUMB_RUNTIME] phase=gallery_load path=photos://asset/E9650388-348C-4E4B-88E3-50B762EA834D/L0/001 complete=true naturalWidth=120 naturalHeight=260 uri_bytes=13907
[PHOTOS_DEBUG] in_process_thumb_success asset_id=14A2F553-7A09-49F4-8F36-7B20B6C02A9D/L0/001 bytes=12923
[THUMB_RUNTIME] phase=gallery_load path=photos://asset/14A2F553-7A09-49F4-8F36-7B20B6C02A9D/L0/001 complete=true naturalWidth=120 naturalHeight=260 uri_bytes=12923
[PHOTOS_DEBUG] in_process_thumb_success asset_id=FE91AE8C-5D84-4E6C-B979-E4A07A5EB392/L0/001 bytes=28843
[PHOTOS_DEBUG] in_process_thumb_success asset_id=3AF3AEEC-D43B-43AA-9C86-5321DAE085BE/L0/001 bytes=18763
[THUMB_RUNTIME] phase=gallery_load path=photos://asset/FE91AE8C-5D84-4E6C-B979-E4A07A5EB392/L0/001 complete=true naturalWidth=146 naturalHeight=260 uri_bytes=28843
[THUMB_RUNTIME] phase=gallery_load path=photos://asset/3AF3AEEC-D43B-43AA-9C86-5321DAE085BE/L0/001 complete=true naturalWidth=120 naturalHeight=260 uri_bytes=18763
[PHOTOS_DEBUG] in_process_thumb_success asset_id=087AFEC9-6A07-4DC0-AA87-612DF7E56E1B/L0/001 bytes=16271
[THUMB_RUNTIME] phase=gallery_load path=photos://asset/087AFEC9-6A07-4DC0-AA87-612DF7E56E1B/L0/001 complete=true naturalWidth=120 naturalHeight=260 uri_bytes=16271
[PHOTOS_DEBUG] in_process_thumb_success asset_id=7B299703-5CEA-4D34-AC13-4E13FA030FE5/L0/001 bytes=18355
[THUMB_RUNTIME] phase=gallery_load path=photos://asset/7B299703-5CEA-4D34-AC13-4E13FA030FE5/L0/001 complete=true naturalWidth=120 naturalHeight=260 uri_bytes=18355
[PHOTOS_DEBUG] in_process_thumb_success asset_id=5EFF61F8-4F87-407E-8D6F-06F6740DB73C/L0/001 bytes=16763
[PHOTOS_DEBUG] in_process_thumb_success asset_id=C3BB8688-707F-4495-837E-28BE7BD6A776/L0/001 bytes=25923
[PHOTOS_DEBUG] in_process_thumb_success asset_id=D2C8F2BB-0BCC-4DA1-A8CE-767D09B99A3D/L0/001 bytes=13551
[THUMB_RUNTIME] phase=gallery_load path=photos://asset/5EFF61F8-4F87-407E-8D6F-06F6740DB73C/L0/001 complete=true naturalWidth=120 naturalHeight=260 uri_bytes=16763
[THUMB_RUNTIME] phase=gallery_load path=photos://asset/C3BB8688-707F-4495-837E-28BE7BD6A776/L0/001 complete=true naturalWidth=146 naturalHeight=260 uri_bytes=25923
[THUMB_RUNTIME] phase=gallery_load path=photos://asset/D2C8F2BB-0BCC-4DA1-A8CE-767D09B99A3D/L0/001 complete=true naturalWidth=169 naturalHeight=260 uri_bytes=13551
[PHOTOS_DEBUG] in_process_thumb_success asset_id=057ABF65-831E-46B8-9851-EEBDBD6FED4D/L0/001 bytes=17551
[PHOTOS_DEBUG] in_process_thumb_success asset_id=02AE3CE4-F3F5-4592-A565-F471ABFB06CE/L0/001 bytes=24439
[THUMB_RUNTIME] phase=gallery_load path=photos://asset/057ABF65-831E-46B8-9851-EEBDBD6FED4D/L0/001 complete=true naturalWidth=120 naturalHeight=260 uri_bytes=17551
[THUMB_RUNTIME] phase=gallery_load path=photos://asset/02AE3CE4-F3F5-4592-A565-F471ABFB06CE/L0/001 complete=true naturalWidth=173 naturalHeight=260 uri_bytes=24439
[PHOTOS_DEBUG] in_process_thumb_success asset_id=4DC59BA5-D134-48E4-93BF-50472EA69D89/L0/001 bytes=10651
[THUMB_RUNTIME] phase=gallery_load path=photos://asset/4DC59BA5-D134-48E4-93BF-50472EA69D89/L0/001 complete=true naturalWidth=120 naturalHeight=260 uri_bytes=10651
[PHOTOS_DEBUG] in_process_thumb_success asset_id=83D5731F-E532-4B62-AA5C-7C161B6282B5/L0/001 bytes=10275
[THUMB_RUNTIME] phase=gallery_load path=photos://asset/83D5731F-E532-4B62-AA5C-7C161B6282B5/L0/001 complete=true naturalWidth=120 naturalHeight=260 uri_bytes=10275
[PHOTOS_DEBUG] in_process_thumb_success asset_id=1181DE8C-9E2D-4779-A760-EC5362137286/L0/001 bytes=19023
[PHOTOS_DEBUG] in_process_thumb_success asset_id=4EC4DD34-3C41-4ED5-B795-49F00CDB3F01/L0/001 bytes=10523
[PHOTOS_DEBUG] in_process_thumb_success asset_id=0F101A83-918B-413E-B112-7567819EEFDC/L0/001 bytes=19083
[THUMB_RUNTIME] phase=gallery_load path=photos://asset/1181DE8C-9E2D-4779-A760-EC5362137286/L0/001 complete=true naturalWidth=120 naturalHeight=260 uri_bytes=19023
[THUMB_RUNTIME] phase=gallery_load path=photos://asset/4EC4DD34-3C41-4ED5-B795-49F00CDB3F01/L0/001 complete=true naturalWidth=120 naturalHeight=260 uri_bytes=10523
[THUMB_RUNTIME] phase=gallery_load path=photos://asset/0F101A83-918B-413E-B112-7567819EEFDC/L0/001 complete=true naturalWidth=120 naturalHeight=260 uri_bytes=19083
[PHOTOS_DEBUG] in_process_thumb_success asset_id=F420F813-2013-4627-961A-70ABC0F2AA22/L0/001 bytes=19095
[THUMB_RUNTIME] phase=gallery_load path=photos://asset/F420F813-2013-4627-961A-70ABC0F2AA22/L0/001 complete=true naturalWidth=120 naturalHeight=260 uri_bytes=19095
[PHOTOS_DEBUG] in_process_thumb_success asset_id=94A098A1-5220-4C4F-AB0D-D534698551A4/L0/001 bytes=20679
[PHOTOS_DEBUG] in_process_thumb_success asset_id=AA081FA8-F6D8-4EA6-AD41-EDABAB1BE99F/L0/001 bytes=8979
[THUMB_RUNTIME] phase=gallery_load path=photos://asset/94A098A1-5220-4C4F-AB0D-D534698551A4/L0/001 complete=true naturalWidth=120 naturalHeight=260 uri_bytes=20679
[THUMB_RUNTIME] phase=gallery_load path=photos://asset/AA081FA8-F6D8-4EA6-AD41-EDABAB1BE99F/L0/001 complete=true naturalWidth=120 naturalHeight=260 uri_bytes=8979
[PHOTOS_DEBUG] in_process_thumb_success asset_id=A49FAC2C-82BE-4F88-A193-B3EF2E16F5A5/L0/001 bytes=10867
[THUMB_RUNTIME] phase=gallery_load path=photos://asset/A49FAC2C-82BE-4F88-A193-B3EF2E16F5A5/L0/001 complete=true naturalWidth=120 naturalHeight=260 uri_bytes=10867
[PHOTOS_DEBUG] in_process_thumb_success asset_id=778DE165-AF15-4BE2-A15F-104AE59B7C51/L0/001 bytes=21623
[THUMB_RUNTIME] phase=gallery_load path=photos://asset/778DE165-AF15-4BE2-A15F-104AE59B7C51/L0/001 complete=true naturalWidth=254 naturalHeight=260 uri_bytes=21623
[PHOTOS_DEBUG] in_process_thumb_success asset_id=A145E6EC-A6C1-49EA-AF82-9AC3C67CB951/L0/001 bytes=12651
[PHOTOS_DEBUG] in_process_thumb_success asset_id=51EEEA46-006B-42B9-A3DF-5F77BDE5AA08/L0/001 bytes=19187
[PHOTOS_DEBUG] in_process_thumb_success asset_id=9088C68A-5F09-4E3D-95BD-D515FCFFB428/L0/001 bytes=11275
[THUMB_RUNTIME] phase=gallery_load path=photos://asset/A145E6EC-A6C1-49EA-AF82-9AC3C67CB951/L0/001 complete=true naturalWidth=120 naturalHeight=260 uri_bytes=12651
[THUMB_RUNTIME] phase=gallery_load path=photos://asset/51EEEA46-006B-42B9-A3DF-5F77BDE5AA08/L0/001 complete=true naturalWidth=120 naturalHeight=260 uri_bytes=19187
[THUMB_RUNTIME] phase=gallery_load path=photos://asset/9088C68A-5F09-4E3D-95BD-D515FCFFB428/L0/001 complete=true naturalWidth=120 naturalHeight=260 uri_bytes=11275
[PHOTOS_DEBUG] in_process_thumb_success asset_id=5F8DE87C-4877-4AFF-A5F3-63CA8CC16790/L0/001 bytes=14843
[THUMB_RUNTIME] phase=gallery_load path=photos://asset/5F8DE87C-4877-4AFF-A5F3-63CA8CC16790/L0/001 complete=true naturalWidth=187 naturalHeight=260 uri_bytes=14843
[PHOTOS_DEBUG] in_process_thumb_success asset_id=64285D20-492A-460F-B674-1755E22A598A/L0/001 bytes=12475
[THUMB_RUNTIME] phase=gallery_load path=photos://asset/64285D20-492A-460F-B674-1755E22A598A/L0/001 complete=true naturalWidth=120 naturalHeight=260 uri_bytes=12475
[PHOTOS_DEBUG] in_process_thumb_success asset_id=C1F3ECAC-EE19-4A67-AD03-333DEE3FCA5A/L0/001 bytes=15735
[THUMB_RUNTIME] phase=gallery_load path=photos://asset/C1F3ECAC-EE19-4A67-AD03-333DEE3FCA5A/L0/001 complete=true naturalWidth=120 naturalHeight=260 uri_bytes=15735
[PHOTOS_DEBUG] in_process_thumb_success asset_id=086582B5-2EA9-4605-8E19-82B3628D9F9E/L0/001 bytes=20275
[THUMB_RUNTIME] phase=gallery_load path=photos://asset/086582B5-2EA9-4605-8E19-82B3628D9F9E/L0/001 complete=true naturalWidth=120 naturalHeight=260 uri_bytes=20275
[PHOTOS_DEBUG] in_process_thumb_success asset_id=A5E80D84-6525-4F30-B8BF-2BDC4526A30D/L0/001 bytes=28683
[PHOTOS_DEBUG] in_process_thumb_success asset_id=07F769DB-0E5E-418B-86D9-A0FA181FAB5B/L0/001 bytes=32123
[PHOTOS_DEBUG] in_process_thumb_success asset_id=A46710D5-1482-4CF8-94FE-AC209B3F2E98/L0/001 bytes=21899
[PHOTOS_DEBUG] in_process_thumb_success asset_id=529D8C4B-3CEE-413C-B396-8F12BA379BFE/L0/001 bytes=19695
[THUMB_RUNTIME] phase=gallery_load path=photos://asset/A5E80D84-6525-4F30-B8BF-2BDC4526A30D/L0/001 complete=true naturalWidth=260 naturalHeight=144 uri_bytes=28683
[THUMB_RUNTIME] phase=gallery_load path=photos://asset/07F769DB-0E5E-418B-86D9-A0FA181FAB5B/L0/001 complete=true naturalWidth=260 naturalHeight=146 uri_bytes=32123
[THUMB_RUNTIME] phase=gallery_load path=photos://asset/A46710D5-1482-4CF8-94FE-AC209B3F2E98/L0/001 complete=true naturalWidth=260 naturalHeight=112 uri_bytes=21899
[PHOTOS_DEBUG] in_process_thumb_success asset_id=0463D6B4-19AD-4F86-8B87-5CEB34D696FC/L0/001 bytes=19123
[PHOTOS_DEBUG] in_process_thumb_success asset_id=DCA18BEF-3217-4F8E-8A1A-E9DDF56B6154/L0/001 bytes=11443
[THUMB_RUNTIME] phase=gallery_load path=photos://asset/529D8C4B-3CEE-413C-B396-8F12BA379BFE/L0/001 complete=true naturalWidth=120 naturalHeight=260 uri_bytes=19695
[THUMB_RUNTIME] phase=gallery_load path=photos://asset/0463D6B4-19AD-4F86-8B87-5CEB34D696FC/L0/001 complete=true naturalWidth=260 naturalHeight=162 uri_bytes=19123
[THUMB_RUNTIME] phase=gallery_load path=photos://asset/DCA18BEF-3217-4F8E-8A1A-E9DDF56B6154/L0/001 complete=true naturalWidth=120 naturalHeight=260 uri_bytes=11443
[PHOTOS_DEBUG] in_process_thumb_success asset_id=286C9553-48BE-42A2-8C40-AA8F32782D1A/L0/001 bytes=21999
[THUMB_RUNTIME] phase=gallery_load path=photos://asset/286C9553-48BE-42A2-8C40-AA8F32782D1A/L0/001 complete=true naturalWidth=120 naturalHeight=260 uri_bytes=21999
[PHOTOS_DEBUG] in_process_thumb_success asset_id=6A9E00C2-A4A4-4A12-BDB3-694EB4B51B87/L0/001 bytes=14151
[THUMB_RUNTIME] phase=gallery_load path=photos://asset/6A9E00C2-A4A4-4A12-BDB3-694EB4B51B87/L0/001 complete=true naturalWidth=120 naturalHeight=260 uri_bytes=14151
[PHOTOS_DEBUG] in_process_thumb_success asset_id=ED7FF7DC-7835-473C-A954-DA574BD6E6C2/L0/001 bytes=22903
[THUMB_RUNTIME] phase=gallery_load path=photos://asset/ED7FF7DC-7835-473C-A954-DA574BD6E6C2/L0/001 complete=true naturalWidth=260 naturalHeight=240 uri_bytes=22903
[PHOTOS_DEBUG] in_process_thumb_success asset_id=4A0F350B-8D24-49D9-9304-897F5055BB50/L0/001 bytes=12851
[PHOTOS_DEBUG] in_process_thumb_success asset_id=EE4C2FD1-E829-44F4-8EF6-98347D7234F5/L0/001 bytes=14007
[THUMB_RUNTIME] phase=gallery_load path=photos://asset/4A0F350B-8D24-49D9-9304-897F5055BB50/L0/001 complete=true naturalWidth=185 naturalHeight=260 uri_bytes=12851
[THUMB_RUNTIME] phase=gallery_load path=photos://asset/EE4C2FD1-E829-44F4-8EF6-98347D7234F5/L0/001 complete=true naturalWidth=260 naturalHeight=76 uri_bytes=14007
[PHOTOS_DEBUG] in_process_thumb_success asset_id=8FC86876-1422-4CA0-A555-49957FCBDC45/L0/001 bytes=4735
[THUMB_RUNTIME] phase=gallery_load path=photos://asset/8FC86876-1422-4CA0-A555-49957FCBDC45/L0/001 complete=true naturalWidth=120 naturalHeight=260 uri_bytes=4735
[PHOTOS_DEBUG] in_process_thumb_success asset_id=CB3F5E99-8940-4BB2-8941-E1D9FC957B59/L0/001 bytes=15443
[PHOTOS_DEBUG] in_process_thumb_success asset_id=8FD41B69-E6D7-49E0-AB7E-D9040EFE6200/L0/001 bytes=27831
[THUMB_RUNTIME] phase=gallery_load path=photos://asset/CB3F5E99-8940-4BB2-8941-E1D9FC957B59/L0/001 complete=true naturalWidth=120 naturalHeight=260 uri_bytes=15443
[PHOTOS_DEBUG] in_process_thumb_success asset_id=6811A860-9F87-407E-A476-F4FECB2F239A/L0/001 bytes=23507
[THUMB_RUNTIME] phase=gallery_load path=photos://asset/8FD41B69-E6D7-49E0-AB7E-D9040EFE6200/L0/001 complete=true naturalWidth=146 naturalHeight=260 uri_bytes=27831
[THUMB_RUNTIME] phase=gallery_load path=photos://asset/6811A860-9F87-407E-A476-F4FECB2F239A/L0/001 complete=true naturalWidth=146 naturalHeight=260 uri_bytes=23507
[PHOTOS_DEBUG] in_process_thumb_success asset_id=A300B50A-96B1-480F-8C71-3EB9DC68E251/L0/001 bytes=14099
[THUMB_RUNTIME] phase=gallery_load path=photos://asset/A300B50A-96B1-480F-8C71-3EB9DC68E251/L0/001 complete=true naturalWidth=120 naturalHeight=260 uri_bytes=14099
[PHOTOS_DEBUG] in_process_thumb_success asset_id=0747E91C-BA59-44DA-8C5E-D5A8A1E0252A/L0/001 bytes=20803
[THUMB_RUNTIME] phase=gallery_load path=photos://asset/0747E91C-BA59-44DA-8C5E-D5A8A1E0252A/L0/001 complete=true naturalWidth=120 naturalHeight=260 uri_bytes=20803
[PHOTOS_DEBUG] in_process_thumb_success asset_id=91D12FE5-D775-4773-B531-60B4F510279D/L0/001 bytes=18795
[THUMB_RUNTIME] phase=gallery_load path=photos://asset/91D12FE5-D775-4773-B531-60B4F510279D/L0/001 complete=true naturalWidth=156 naturalHeight=260 uri_bytes=18795
[PHOTOS_DEBUG] in_process_thumb_success asset_id=29755E84-F94A-478E-A663-A70F28F08704/L0/001 bytes=34179
[PHOTOS_DEBUG] in_process_thumb_success asset_id=0503F4E5-BC54-4F1C-B2A1-1C8596781F35/L0/001 bytes=28259
[THUMB_RUNTIME] phase=gallery_load path=photos://asset/29755E84-F94A-478E-A663-A70F28F08704/L0/001 complete=true naturalWidth=196 naturalHeight=260 uri_bytes=34179
[THUMB_RUNTIME] phase=gallery_load path=photos://asset/0503F4E5-BC54-4F1C-B2A1-1C8596781F35/L0/001 complete=true naturalWidth=196 naturalHeight=260 uri_bytes=28259
[PHOTOS_DEBUG] in_process_thumb_success asset_id=3AB846BE-AEB9-4696-80C8-B2EFC3912F66/L0/001 bytes=25639
[THUMB_RUNTIME] phase=gallery_load path=photos://asset/3AB846BE-AEB9-4696-80C8-B2EFC3912F66/L0/001 complete=true naturalWidth=196 naturalHeight=260 uri_bytes=25639
[PHOTOS_DEBUG] in_process_thumb_success asset_id=CCB4FBA2-1CF9-4811-B832-107A6A220197/L0/001 bytes=23331
[THUMB_RUNTIME] phase=gallery_load path=photos://asset/CCB4FBA2-1CF9-4811-B832-107A6A220197/L0/001 complete=true naturalWidth=196 naturalHeight=260 uri_bytes=23331
[PHOTOS_DEBUG] in_process_thumb_success asset_id=F8EFE244-7B10-440C-BD92-0DBBC92F4FEC/L0/001 bytes=21347
[PHOTOS_DEBUG] in_process_thumb_success asset_id=E35AE33C-EE40-4E11-B250-8AD3C710CAAC/L0/001 bytes=24351
[THUMB_RUNTIME] phase=gallery_load path=photos://asset/F8EFE244-7B10-440C-BD92-0DBBC92F4FEC/L0/001 complete=true naturalWidth=196 naturalHeight=260 uri_bytes=21347
[PHOTOS_DEBUG] in_process_thumb_success asset_id=EB9E1987-238C-497E-8F87-EBE12782D1B7/L0/001 bytes=24831
[THUMB_RUNTIME] phase=gallery_load path=photos://asset/E35AE33C-EE40-4E11-B250-8AD3C710CAAC/L0/001 complete=true naturalWidth=196 naturalHeight=260 uri_bytes=24351
[THUMB_RUNTIME] phase=gallery_load path=photos://asset/EB9E1987-238C-497E-8F87-EBE12782D1B7/L0/001 complete=true naturalWidth=196 naturalHeight=260 uri_bytes=24831
[PHOTOS_DEBUG] in_process_thumb_success asset_id=88E34304-1621-442A-AE42-715660E4E1DC/L0/001 bytes=28503
[PHOTOS_DEBUG] in_process_thumb_success asset_id=667598D1-FC6E-47EF-8FC2-D4C2FC1A6733/L0/001 bytes=24779
[THUMB_RUNTIME] phase=gallery_load path=photos://asset/88E34304-1621-442A-AE42-715660E4E1DC/L0/001 complete=true naturalWidth=196 naturalHeight=260 uri_bytes=28503
[THUMB_RUNTIME] phase=gallery_load path=photos://asset/667598D1-FC6E-47EF-8FC2-D4C2FC1A6733/L0/001 complete=true naturalWidth=196 naturalHeight=260 uri_bytes=24779
[PHOTOS_DEBUG] in_process_thumb_success asset_id=2872DA49-5072-497D-8382-F40999073C7B/L0/001 bytes=26507
[THUMB_RUNTIME] phase=gallery_load path=photos://asset/2872DA49-5072-497D-8382-F40999073C7B/L0/001 complete=true naturalWidth=196 naturalHeight=260 uri_bytes=26507
[PHOTOS_DEBUG] in_process_thumb_success asset_id=5BC7F352-46CA-415C-BF73-34149E27BBA7/L0/001 bytes=17235
[PHOTOS_DEBUG] in_process_thumb_success asset_id=85158FA6-0B41-419C-97EB-5A360441CCA9/L0/001 bytes=19187
[THUMB_RUNTIME] phase=gallery_load path=photos://asset/5BC7F352-46CA-415C-BF73-34149E27BBA7/L0/001 complete=true naturalWidth=196 naturalHeight=260 uri_bytes=17235
[PHOTOS_DEBUG] in_process_thumb_success asset_id=088274B8-0B9E-4939-BD90-D3840BB82BAD/L0/001 bytes=33339
[THUMB_RUNTIME] phase=gallery_load path=photos://asset/85158FA6-0B41-419C-97EB-5A360441CCA9/L0/001 complete=true naturalWidth=196 naturalHeight=260 uri_bytes=19187
[THUMB_RUNTIME] phase=gallery_load path=photos://asset/088274B8-0B9E-4939-BD90-D3840BB82BAD/L0/001 complete=true naturalWidth=196 naturalHeight=260 uri_bytes=33339
[PHOTOS_DEBUG] in_process_thumb_success asset_id=95AB0758-DC5E-48EB-9D58-B0771EBC55F1/L0/001 bytes=26191
[THUMB_RUNTIME] phase=gallery_load path=photos://asset/95AB0758-DC5E-48EB-9D58-B0771EBC55F1/L0/001 complete=true naturalWidth=196 naturalHeight=260 uri_bytes=26191
[PHOTOS_DEBUG] in_process_thumb_success asset_id=F018E487-E08F-4189-B0E0-E54CDD3EA270/L0/001 bytes=20287
[THUMB_RUNTIME] phase=gallery_load path=photos://asset/F018E487-E08F-4189-B0E0-E54CDD3EA270/L0/001 complete=true naturalWidth=196 naturalHeight=260 uri_bytes=20287
[PHOTOS_DEBUG] in_process_thumb_success asset_id=842552A7-4D8E-40E5-B998-CFFEB284F0FA/L0/001 bytes=25007
[THUMB_RUNTIME] phase=gallery_load path=photos://asset/842552A7-4D8E-40E5-B998-CFFEB284F0FA/L0/001 complete=true naturalWidth=196 naturalHeight=260 uri_bytes=25007
[PHOTOS_DEBUG] in_process_thumb_success asset_id=82E775E3-404A-4349-8CD4-56CC3A25F68D/L0/001 bytes=27351
[PHOTOS_DEBUG] in_process_thumb_success asset_id=DD1D6B16-2151-4E46-BE6F-A627022B0491/L0/001 bytes=25159
[THUMB_RUNTIME] phase=gallery_load path=photos://asset/82E775E3-404A-4349-8CD4-56CC3A25F68D/L0/001 complete=true naturalWidth=196 naturalHeight=260 uri_bytes=27351
[THUMB_RUNTIME] phase=gallery_load path=photos://asset/DD1D6B16-2151-4E46-BE6F-A627022B0491/L0/001 complete=true naturalWidth=196 naturalHeight=260 uri_bytes=25159
[PHOTOS_DEBUG] in_process_thumb_success asset_id=A0831C6B-D745-4E4F-A2EC-EAEC989CECE8/L0/001 bytes=16467
[THUMB_RUNTIME] phase=gallery_load path=photos://asset/A0831C6B-D745-4E4F-A2EC-EAEC989CECE8/L0/001 complete=true naturalWidth=196 naturalHeight=260 uri_bytes=16467
[PHOTOS_DEBUG] in_process_thumb_success asset_id=F665617B-DED4-4405-95A6-0E8DA6F45BAE/L0/001 bytes=18063
[PHOTOS_DEBUG] in_process_thumb_success asset_id=6A127F3B-3A30-4F53-92BA-B0B9A0C0D6C2/L0/001 bytes=28059
[THUMB_RUNTIME] phase=gallery_load path=photos://asset/F665617B-DED4-4405-95A6-0E8DA6F45BAE/L0/001 complete=true naturalWidth=196 naturalHeight=260 uri_bytes=18063
[PHOTOS_DEBUG] in_process_thumb_success asset_id=9D54244C-4FD5-4E34-B190-32586C95D3BE/L0/001 bytes=25015
[THUMB_RUNTIME] phase=gallery_load path=photos://asset/6A127F3B-3A30-4F53-92BA-B0B9A0C0D6C2/L0/001 complete=true naturalWidth=196 naturalHeight=260 uri_bytes=28059
[THUMB_RUNTIME] phase=gallery_load path=photos://asset/9D54244C-4FD5-4E34-B190-32586C95D3BE/L0/001 complete=true naturalWidth=196 naturalHeight=260 uri_bytes=25015
[PHOTOS_DEBUG] in_process_thumb_success asset_id=C5102003-DED0-4409-9E61-E3D66091EB88/L0/001 bytes=23955
[THUMB_RUNTIME] phase=gallery_load path=photos://asset/C5102003-DED0-4409-9E61-E3D66091EB88/L0/001 complete=true naturalWidth=196 naturalHeight=260 uri_bytes=23955
[PHOTOS_DEBUG] in_process_thumb_success asset_id=C4FAF116-295A-40A4-9328-C0EEA1C4586C/L0/001 bytes=24391
[PHOTOS_DEBUG] in_process_thumb_success asset_id=5710BE83-882E-4150-AE56-2EF4DB25CD33/L0/001 bytes=22771
[PHOTOS_DEBUG] in_process_thumb_success asset_id=69EC8E33-E961-4DA9-B7F4-1C8077C87915/L0/001 bytes=23935
[THUMB_RUNTIME] phase=gallery_load path=photos://asset/C4FAF116-295A-40A4-9328-C0EEA1C4586C/L0/001 complete=true naturalWidth=196 naturalHeight=260 uri_bytes=24391
[THUMB_RUNTIME] phase=gallery_load path=photos://asset/5710BE83-882E-4150-AE56-2EF4DB25CD33/L0/001 complete=true naturalWidth=196 naturalHeight=260 uri_bytes=22771
[THUMB_RUNTIME] phase=gallery_load path=photos://asset/69EC8E33-E961-4DA9-B7F4-1C8077C87915/L0/001 complete=true naturalWidth=196 naturalHeight=260 uri_bytes=23935
[PHOTOS_DEBUG] in_process_thumb_success asset_id=C8D9D240-DEF4-4F5A-A2E8-B46E30F7C6DF/L0/001 bytes=25955
[PHOTOS_DEBUG] in_process_thumb_success asset_id=5D8D1E54-C79A-44A8-96D5-9E4F176F25BF/L0/001 bytes=35631
[PHOTOS_DEBUG] in_process_thumb_success asset_id=B3633772-FF96-4F8C-A9E8-BF59A6CFA915/L0/001 bytes=16083
[THUMB_RUNTIME] phase=gallery_load path=photos://asset/C8D9D240-DEF4-4F5A-A2E8-B46E30F7C6DF/L0/001 complete=true naturalWidth=196 naturalHeight=260 uri_bytes=25955
[THUMB_RUNTIME] phase=gallery_load path=photos://asset/5D8D1E54-C79A-44A8-96D5-9E4F176F25BF/L0/001 complete=true naturalWidth=196 naturalHeight=260 uri_bytes=35631
[THUMB_RUNTIME] phase=gallery_load path=photos://asset/B3633772-FF96-4F8C-A9E8-BF59A6CFA915/L0/001 complete=true naturalWidth=196 naturalHeight=260 uri_bytes=16083
[PHOTOS_DEBUG] in_process=yes photos_auth_status=authorized photos_asset_count=80 photos_result_count=80
[BROWSER] location=Pictures resolved=/Users/yilonglin/Pictures exists=yes permission=yes raw_count=4 filtered_count=80 image_count=80 error=none
[PHOTOS_DEBUG] pictures_path=/Users/yilonglin/Pictures pictures_file_count=0 raw_count=4 photos_auth_status=authorized photos_asset_count=80 photos_result_count=80 total_entries=80
[PHOTOS_DEBUG] in_process_thumb_success asset_id=3996ED3D-F391-427B-82E0-5080BEBFE306/L0/001 bytes=13443
[PHOTOS_DEBUG] in_process_thumb_success asset_id=5762A0CE-356A-481C-A296-73D0A23C2107/L0/001 bytes=25631
[THUMB_RUNTIME] phase=gallery_load path=photos://asset/3996ED3D-F391-427B-82E0-5080BEBFE306/L0/001 complete=true naturalWidth=167 naturalHeight=260 renderWidth=135 renderHeight=108 uri_bytes=13443
[THUMB_RUNTIME] phase=gallery_load path=photos://asset/5762A0CE-356A-481C-A296-73D0A23C2107/L0/001 complete=true naturalWidth=146 naturalHeight=260 renderWidth=135 renderHeight=108 uri_bytes=25631
[PHOTOS_DEBUG] in_process_thumb_success asset_id=DEBBA9A2-88CA-429C-823E-C4B15D64CE0C/L0/001 bytes=14043
[PHOTOS_DEBUG] in_process_thumb_success asset_id=C55AB001-423F-4D44-B3D8-AC3C40CDDAC8/L0/001 bytes=23759
[THUMB_RUNTIME] phase=gallery_load path=photos://asset/DEBBA9A2-88CA-429C-823E-C4B15D64CE0C/L0/001 complete=true naturalWidth=146 naturalHeight=260 renderWidth=135 renderHeight=108 uri_bytes=14043
[THUMB_RUNTIME] phase=gallery_load path=photos://asset/C55AB001-423F-4D44-B3D8-AC3C40CDDAC8/L0/001 complete=true naturalWidth=146 naturalHeight=260 renderWidth=135 renderHeight=108 uri_bytes=23759
[PHOTOS_DEBUG] in_process_thumb_success asset_id=3417EDFA-5EDE-466D-A8A6-6C5F335C1793/L0/001 bytes=16215
[THUMB_RUNTIME] phase=gallery_load path=photos://asset/3417EDFA-5EDE-466D-A8A6-6C5F335C1793/L0/001 complete=true naturalWidth=120 naturalHeight=260 renderWidth=135 renderHeight=108 uri_bytes=16215
[PHOTOS_DEBUG] in_process_thumb_success asset_id=087AFEC9-6A07-4DC0-AA87-612DF7E56E1B/L0/001 bytes=16271
[THUMB_RUNTIME] phase=gallery_load path=photos://asset/087AFEC9-6A07-4DC0-AA87-612DF7E56E1B/L0/001 complete=true naturalWidth=120 naturalHeight=260 renderWidth=135 renderHeight=108 uri_bytes=16271
[PHOTOS_DEBUG] in_process_thumb_success asset_id=3AF3AEEC-D43B-43AA-9C86-5321DAE085BE/L0/001 bytes=18763
[THUMB_RUNTIME] phase=gallery_load path=photos://asset/3AF3AEEC-D43B-43AA-9C86-5321DAE085BE/L0/001 complete=true naturalWidth=120 naturalHeight=260 renderWidth=135 renderHeight=108 uri_bytes=18763
[PHOTOS_DEBUG] in_process_thumb_success asset_id=C3BB8688-707F-4495-837E-28BE7BD6A776/L0/001 bytes=25923
[PHOTOS_DEBUG] in_process_thumb_success asset_id=14A2F553-7A09-49F4-8F36-7B20B6C02A9D/L0/001 bytes=12923
[PHOTOS_DEBUG] in_process_thumb_success asset_id=E9650388-348C-4E4B-88E3-50B762EA834D/L0/001 bytes=13907
[THUMB_RUNTIME] phase=gallery_load path=photos://asset/C3BB8688-707F-4495-837E-28BE7BD6A776/L0/001 complete=true naturalWidth=146 naturalHeight=260 renderWidth=135 renderHeight=108 uri_bytes=25923
[THUMB_RUNTIME] phase=gallery_load path=photos://asset/E9650388-348C-4E4B-88E3-50B762EA834D/L0/001 complete=true naturalWidth=120 naturalHeight=260 renderWidth=135 renderHeight=108 uri_bytes=13907
[THUMB_RUNTIME] phase=gallery_load path=photos://asset/14A2F553-7A09-49F4-8F36-7B20B6C02A9D/L0/001 complete=true naturalWidth=120 naturalHeight=260 renderWidth=135 renderHeight=108 uri_bytes=12923
[PHOTOS_DEBUG] in_process_thumb_success asset_id=D2C8F2BB-0BCC-4DA1-A8CE-767D09B99A3D/L0/001 bytes=13551
[THUMB_RUNTIME] phase=gallery_load path=photos://asset/D2C8F2BB-0BCC-4DA1-A8CE-767D09B99A3D/L0/001 complete=true naturalWidth=169 naturalHeight=260 renderWidth=135 renderHeight=108 uri_bytes=13551
[PHOTOS_DEBUG] in_process_thumb_success asset_id=FE91AE8C-5D84-4E6C-B979-E4A07A5EB392/L0/001 bytes=28843
[PHOTOS_DEBUG] in_process_thumb_success asset_id=7B299703-5CEA-4D34-AC13-4E13FA030FE5/L0/001 bytes=18355
[THUMB_RUNTIME] phase=gallery_load path=photos://asset/7B299703-5CEA-4D34-AC13-4E13FA030FE5/L0/001 complete=true naturalWidth=120 naturalHeight=260 renderWidth=135 renderHeight=108 uri_bytes=18355
[THUMB_RUNTIME] phase=gallery_load path=photos://asset/FE91AE8C-5D84-4E6C-B979-E4A07A5EB392/L0/001 complete=true naturalWidth=146 naturalHeight=260 renderWidth=135 renderHeight=108 uri_bytes=28843
[PHOTOS_DEBUG] in_process_thumb_success asset_id=5EFF61F8-4F87-407E-8D6F-06F6740DB73C/L0/001 bytes=16763
[THUMB_RUNTIME] phase=gallery_load path=photos://asset/5EFF61F8-4F87-407E-8D6F-06F6740DB73C/L0/001 complete=true naturalWidth=120 naturalHeight=260 renderWidth=135 renderHeight=108 uri_bytes=16763
[PHOTOS_DEBUG] in_process_thumb_success asset_id=4EC4DD34-3C41-4ED5-B795-49F00CDB3F01/L0/001 bytes=10523
[THUMB_RUNTIME] phase=gallery_load path=photos://asset/4EC4DD34-3C41-4ED5-B795-49F00CDB3F01/L0/001 complete=true naturalWidth=120 naturalHeight=260 renderWidth=135 renderHeight=108 uri_bytes=10523
[PHOTOS_DEBUG] in_process_thumb_success asset_id=1181DE8C-9E2D-4779-A760-EC5362137286/L0/001 bytes=19023
[PHOTOS_DEBUG] in_process_thumb_success asset_id=057ABF65-831E-46B8-9851-EEBDBD6FED4D/L0/001 bytes=17551
[PHOTOS_DEBUG] in_process_thumb_success asset_id=A145E6EC-A6C1-49EA-AF82-9AC3C67CB951/L0/001 bytes=12651
[PHOTOS_DEBUG] in_process_thumb_success asset_id=F420F813-2013-4627-961A-70ABC0F2AA22/L0/001 bytes=19095
[THUMB_RUNTIME] phase=gallery_load path=photos://asset/1181DE8C-9E2D-4779-A760-EC5362137286/L0/001 complete=true naturalWidth=120 naturalHeight=260 renderWidth=135 renderHeight=108 uri_bytes=19023
[THUMB_RUNTIME] phase=gallery_load path=photos://asset/057ABF65-831E-46B8-9851-EEBDBD6FED4D/L0/001 complete=true naturalWidth=120 naturalHeight=260 renderWidth=135 renderHeight=108 uri_bytes=17551
[PHOTOS_DEBUG] in_process_thumb_success asset_id=83D5731F-E532-4B62-AA5C-7C161B6282B5/L0/001 bytes=10275
[THUMB_RUNTIME] phase=gallery_load path=photos://asset/A145E6EC-A6C1-49EA-AF82-9AC3C67CB951/L0/001 complete=true naturalWidth=120 naturalHeight=260 renderWidth=135 renderHeight=108 uri_bytes=12651
[THUMB_RUNTIME] phase=gallery_load path=photos://asset/F420F813-2013-4627-961A-70ABC0F2AA22/L0/001 complete=true naturalWidth=120 naturalHeight=260 renderWidth=135 renderHeight=108 uri_bytes=19095
[THUMB_RUNTIME] phase=gallery_load path=photos://asset/83D5731F-E532-4B62-AA5C-7C161B6282B5/L0/001 complete=true naturalWidth=120 naturalHeight=260 renderWidth=135 renderHeight=108 uri_bytes=10275
[PHOTOS_DEBUG] in_process_thumb_success asset_id=4DC59BA5-D134-48E4-93BF-50472EA69D89/L0/001 bytes=10651
[THUMB_RUNTIME] phase=gallery_load path=photos://asset/4DC59BA5-D134-48E4-93BF-50472EA69D89/L0/001 complete=true naturalWidth=120 naturalHeight=260 renderWidth=135 renderHeight=108 uri_bytes=10651
[PHOTOS_DEBUG] in_process_thumb_success asset_id=02AE3CE4-F3F5-4592-A565-F471ABFB06CE/L0/001 bytes=24439
[PHOTOS_DEBUG] in_process_thumb_success asset_id=94A098A1-5220-4C4F-AB0D-D534698551A4/L0/001 bytes=20679
[PHOTOS_DEBUG] in_process_thumb_success asset_id=AA081FA8-F6D8-4EA6-AD41-EDABAB1BE99F/L0/001 bytes=8979
[PHOTOS_DEBUG] in_process_thumb_success asset_id=0F101A83-918B-413E-B112-7567819EEFDC/L0/001 bytes=19083
[THUMB_RUNTIME] phase=gallery_load path=photos://asset/02AE3CE4-F3F5-4592-A565-F471ABFB06CE/L0/001 complete=true naturalWidth=173 naturalHeight=260 renderWidth=135 renderHeight=108 uri_bytes=24439
[THUMB_RUNTIME] phase=gallery_load path=photos://asset/94A098A1-5220-4C4F-AB0D-D534698551A4/L0/001 complete=true naturalWidth=120 naturalHeight=260 renderWidth=135 renderHeight=108 uri_bytes=20679
[THUMB_RUNTIME] phase=gallery_load path=photos://asset/AA081FA8-F6D8-4EA6-AD41-EDABAB1BE99F/L0/001 complete=true naturalWidth=120 naturalHeight=260 renderWidth=135 renderHeight=108 uri_bytes=8979
[PHOTOS_DEBUG] in_process_thumb_success asset_id=A49FAC2C-82BE-4F88-A193-B3EF2E16F5A5/L0/001 bytes=10867
[THUMB_RUNTIME] phase=gallery_load path=photos://asset/0F101A83-918B-413E-B112-7567819EEFDC/L0/001 complete=true naturalWidth=120 naturalHeight=260 renderWidth=135 renderHeight=108 uri_bytes=19083
[PHOTOS_DEBUG] in_process_thumb_success asset_id=C1F3ECAC-EE19-4A67-AD03-333DEE3FCA5A/L0/001 bytes=15735
[PHOTOS_DEBUG] in_process_thumb_success asset_id=64285D20-492A-460F-B674-1755E22A598A/L0/001 bytes=12475
[PHOTOS_DEBUG] in_process_thumb_success asset_id=51EEEA46-006B-42B9-A3DF-5F77BDE5AA08/L0/001 bytes=19187
[THUMB_RUNTIME] phase=gallery_load path=photos://asset/A49FAC2C-82BE-4F88-A193-B3EF2E16F5A5/L0/001 complete=true naturalWidth=120 naturalHeight=260 renderWidth=135 renderHeight=108 uri_bytes=10867
[THUMB_RUNTIME] phase=gallery_load path=photos://asset/C1F3ECAC-EE19-4A67-AD03-333DEE3FCA5A/L0/001 complete=true naturalWidth=120 naturalHeight=260 renderWidth=135 renderHeight=108 uri_bytes=15735
[THUMB_RUNTIME] phase=gallery_load path=photos://asset/51EEEA46-006B-42B9-A3DF-5F77BDE5AA08/L0/001 complete=true naturalWidth=120 naturalHeight=260 renderWidth=135 renderHeight=108 uri_bytes=19187
[THUMB_RUNTIME] phase=gallery_load path=photos://asset/64285D20-492A-460F-B674-1755E22A598A/L0/001 complete=true naturalWidth=120 naturalHeight=260 renderWidth=135 renderHeight=108 uri_bytes=12475
[PHOTOS_DEBUG] in_process_thumb_success asset_id=5F8DE87C-4877-4AFF-A5F3-63CA8CC16790/L0/001 bytes=14843
[PHOTOS_DEBUG] in_process_thumb_success asset_id=9088C68A-5F09-4E3D-95BD-D515FCFFB428/L0/001 bytes=11275
[THUMB_RUNTIME] phase=gallery_load path=photos://asset/5F8DE87C-4877-4AFF-A5F3-63CA8CC16790/L0/001 complete=true naturalWidth=187 naturalHeight=260 renderWidth=135 renderHeight=108 uri_bytes=14843
[THUMB_RUNTIME] phase=gallery_load path=photos://asset/9088C68A-5F09-4E3D-95BD-D515FCFFB428/L0/001 complete=true naturalWidth=120 naturalHeight=260 renderWidth=135 renderHeight=108 uri_bytes=11275
[PHOTOS_DEBUG] in_process_thumb_success asset_id=778DE165-AF15-4BE2-A15F-104AE59B7C51/L0/001 bytes=21623
[THUMB_RUNTIME] phase=gallery_load path=photos://asset/778DE165-AF15-4BE2-A15F-104AE59B7C51/L0/001 complete=true naturalWidth=254 naturalHeight=260 renderWidth=135 renderHeight=108 uri_bytes=21623
[PHOTOS_DEBUG] in_process_thumb_success asset_id=529D8C4B-3CEE-413C-B396-8F12BA379BFE/L0/001 bytes=19695
[THUMB_RUNTIME] phase=gallery_load path=photos://asset/529D8C4B-3CEE-413C-B396-8F12BA379BFE/L0/001 complete=true naturalWidth=120 naturalHeight=260 renderWidth=135 renderHeight=108 uri_bytes=19695
[PHOTOS_DEBUG] in_process_thumb_success asset_id=086582B5-2EA9-4605-8E19-82B3628D9F9E/L0/001 bytes=20275
[THUMB_RUNTIME] phase=gallery_load path=photos://asset/086582B5-2EA9-4605-8E19-82B3628D9F9E/L0/001 complete=true naturalWidth=120 naturalHeight=260 renderWidth=135 renderHeight=108 uri_bytes=20275
[PHOTOS_DEBUG] in_process_thumb_success asset_id=07F769DB-0E5E-418B-86D9-A0FA181FAB5B/L0/001 bytes=32123
[PHOTOS_DEBUG] in_process_thumb_success asset_id=A5E80D84-6525-4F30-B8BF-2BDC4526A30D/L0/001 bytes=28683
[THUMB_RUNTIME] phase=gallery_load path=photos://asset/07F769DB-0E5E-418B-86D9-A0FA181FAB5B/L0/001 complete=true naturalWidth=260 naturalHeight=146 renderWidth=135 renderHeight=108 uri_bytes=32123
[THUMB_RUNTIME] phase=gallery_load path=photos://asset/A5E80D84-6525-4F30-B8BF-2BDC4526A30D/L0/001 complete=true naturalWidth=260 naturalHeight=144 renderWidth=135 renderHeight=108 uri_bytes=28683
[PHOTOS_DEBUG] in_process_thumb_success asset_id=DCA18BEF-3217-4F8E-8A1A-E9DDF56B6154/L0/001 bytes=11443
[PHOTOS_DEBUG] in_process_thumb_success asset_id=0463D6B4-19AD-4F86-8B87-5CEB34D696FC/L0/001 bytes=19123
[THUMB_RUNTIME] phase=gallery_load path=photos://asset/DCA18BEF-3217-4F8E-8A1A-E9DDF56B6154/L0/001 complete=true naturalWidth=120 naturalHeight=260 renderWidth=135 renderHeight=108 uri_bytes=11443
[THUMB_RUNTIME] phase=gallery_load path=photos://asset/0463D6B4-19AD-4F86-8B87-5CEB34D696FC/L0/001 complete=true naturalWidth=260 naturalHeight=162 renderWidth=135 renderHeight=108 uri_bytes=19123
[PHOTOS_DEBUG] in_process_thumb_success asset_id=A46710D5-1482-4CF8-94FE-AC209B3F2E98/L0/001 bytes=21899
[THUMB_RUNTIME] phase=gallery_load path=photos://asset/A46710D5-1482-4CF8-94FE-AC209B3F2E98/L0/001 complete=true naturalWidth=260 naturalHeight=112 renderWidth=135 renderHeight=108 uri_bytes=21899
[PHOTOS_DEBUG] in_process_thumb_success asset_id=286C9553-48BE-42A2-8C40-AA8F32782D1A/L0/001 bytes=21999
[THUMB_RUNTIME] phase=gallery_load path=photos://asset/286C9553-48BE-42A2-8C40-AA8F32782D1A/L0/001 complete=true naturalWidth=120 naturalHeight=260 renderWidth=135 renderHeight=108 uri_bytes=21999
[PHOTOS_DEBUG] in_process_thumb_success asset_id=6A9E00C2-A4A4-4A12-BDB3-694EB4B51B87/L0/001 bytes=14151
[PHOTOS_DEBUG] in_process_thumb_success asset_id=ED7FF7DC-7835-473C-A954-DA574BD6E6C2/L0/001 bytes=22903
[PHOTOS_DEBUG] in_process_thumb_success asset_id=EE4C2FD1-E829-44F4-8EF6-98347D7234F5/L0/001 bytes=14007
[PHOTOS_DEBUG] in_process_thumb_success asset_id=0747E91C-BA59-44DA-8C5E-D5A8A1E0252A/L0/001 bytes=20803
[THUMB_RUNTIME] phase=gallery_load path=photos://asset/6A9E00C2-A4A4-4A12-BDB3-694EB4B51B87/L0/001 complete=true naturalWidth=120 naturalHeight=260 renderWidth=135 renderHeight=108 uri_bytes=14151
[PHOTOS_DEBUG] in_process_thumb_success asset_id=A300B50A-96B1-480F-8C71-3EB9DC68E251/L0/001 bytes=14099
[THUMB_RUNTIME] phase=gallery_load path=photos://asset/ED7FF7DC-7835-473C-A954-DA574BD6E6C2/L0/001 complete=true naturalWidth=260 naturalHeight=240 renderWidth=135 renderHeight=108 uri_bytes=22903
[PHOTOS_DEBUG] in_process_thumb_success asset_id=4A0F350B-8D24-49D9-9304-897F5055BB50/L0/001 bytes=12851
[THUMB_RUNTIME] phase=gallery_load path=photos://asset/EE4C2FD1-E829-44F4-8EF6-98347D7234F5/L0/001 complete=true naturalWidth=260 naturalHeight=76 renderWidth=135 renderHeight=108 uri_bytes=14007
[THUMB_RUNTIME] phase=gallery_load path=photos://asset/0747E91C-BA59-44DA-8C5E-D5A8A1E0252A/L0/001 complete=true naturalWidth=120 naturalHeight=260 renderWidth=135 renderHeight=108 uri_bytes=20803
[THUMB_RUNTIME] phase=gallery_load path=photos://asset/A300B50A-96B1-480F-8C71-3EB9DC68E251/L0/001 complete=true naturalWidth=120 naturalHeight=260 renderWidth=135 renderHeight=108 uri_bytes=14099
[THUMB_RUNTIME] phase=gallery_load path=photos://asset/4A0F350B-8D24-49D9-9304-897F5055BB50/L0/001 complete=true naturalWidth=185 naturalHeight=260 renderWidth=135 renderHeight=108 uri_bytes=12851
[PHOTOS_DEBUG] in_process_thumb_success asset_id=8FC86876-1422-4CA0-A555-49957FCBDC45/L0/001 bytes=4735
[THUMB_RUNTIME] phase=gallery_load path=photos://asset/8FC86876-1422-4CA0-A555-49957FCBDC45/L0/001 complete=true naturalWidth=120 naturalHeight=260 renderWidth=135 renderHeight=108 uri_bytes=4735
[PHOTOS_DEBUG] in_process_thumb_success asset_id=8FD41B69-E6D7-49E0-AB7E-D9040EFE6200/L0/001 bytes=27831
[THUMB_RUNTIME] phase=gallery_load path=photos://asset/8FD41B69-E6D7-49E0-AB7E-D9040EFE6200/L0/001 complete=true naturalWidth=146 naturalHeight=260 renderWidth=135 renderHeight=108 uri_bytes=27831[PHOTOS_DEBUG] in_process_thumb_success asset_id=6811A860-9F87-407E-A476-F4FECB2F239A/L0/001 bytes=23507

[THUMB_RUNTIME] phase=gallery_load path=photos://asset/6811A860-9F87-407E-A476-F4FECB2F239A/L0/001 complete=true naturalWidth=146 naturalHeight=260 renderWidth=135 renderHeight=108 uri_bytes=23507
[PHOTOS_DEBUG] in_process_thumb_success asset_id=CB3F5E99-8940-4BB2-8941-E1D9FC957B59/L0/001 bytes=15443
[THUMB_RUNTIME] phase=gallery_load path=photos://asset/CB3F5E99-8940-4BB2-8941-E1D9FC957B59/L0/001 complete=true naturalWidth=120 naturalHeight=260 renderWidth=135 renderHeight=108 uri_bytes=15443
[PHOTOS_DEBUG] in_process_thumb_success asset_id=91D12FE5-D775-4773-B531-60B4F510279D/L0/001 bytes=18795
[THUMB_RUNTIME] phase=gallery_load path=photos://asset/91D12FE5-D775-4773-B531-60B4F510279D/L0/001 complete=true naturalWidth=156 naturalHeight=260 renderWidth=135 renderHeight=108 uri_bytes=18795
[PHOTOS_DEBUG] in_process_thumb_success asset_id=3AB846BE-AEB9-4696-80C8-B2EFC3912F66/L0/001 bytes=25639
[PHOTOS_DEBUG] in_process_thumb_success asset_id=E35AE33C-EE40-4E11-B250-8AD3C710CAAC/L0/001 bytes=24351
[THUMB_RUNTIME] phase=gallery_load path=photos://asset/3AB846BE-AEB9-4696-80C8-B2EFC3912F66/L0/001 complete=true naturalWidth=196 naturalHeight=260 renderWidth=135 renderHeight=108 uri_bytes=25639
[THUMB_RUNTIME] phase=gallery_load path=photos://asset/E35AE33C-EE40-4E11-B250-8AD3C710CAAC/L0/001 complete=true naturalWidth=196 naturalHeight=260 renderWidth=135 renderHeight=108 uri_bytes=24351
[PHOTOS_DEBUG] in_process_thumb_success asset_id=29755E84-F94A-478E-A663-A70F28F08704/L0/001 bytes=34179
[THUMB_RUNTIME] phase=gallery_load path=photos://asset/29755E84-F94A-478E-A663-A70F28F08704/L0/001 complete=true naturalWidth=196 naturalHeight=260 renderWidth=135 renderHeight=108 uri_bytes=34179
[PHOTOS_DEBUG] in_process_thumb_success asset_id=C4FAF116-295A-40A4-9328-C0EEA1C4586C/L0/001 bytes=24391
[THUMB_RUNTIME] phase=gallery_load path=photos://asset/C4FAF116-295A-40A4-9328-C0EEA1C4586C/L0/001 complete=true naturalWidth=196 naturalHeight=260 renderWidth=135 renderHeight=108 uri_bytes=24391
[PHOTOS_DEBUG] in_process_thumb_success asset_id=F8EFE244-7B10-440C-BD92-0DBBC92F4FEC/L0/001 bytes=21347
[PHOTOS_DEBUG] in_process_thumb_success asset_id=0503F4E5-BC54-4F1C-B2A1-1C8596781F35/L0/001 bytes=28259
[THUMB_RUNTIME] phase=gallery_load path=photos://asset/F8EFE244-7B10-440C-BD92-0DBBC92F4FEC/L0/001 complete=true naturalWidth=196 naturalHeight=260 renderWidth=135 renderHeight=108 uri_bytes=21347
[THUMB_RUNTIME] phase=gallery_load path=photos://asset/0503F4E5-BC54-4F1C-B2A1-1C8596781F35/L0/001 complete=true naturalWidth=196 naturalHeight=260 renderWidth=135 renderHeight=108 uri_bytes=28259
[PHOTOS_DEBUG] in_process_thumb_success asset_id=CCB4FBA2-1CF9-4811-B832-107A6A220197/L0/001 bytes=23331
[THUMB_RUNTIME] phase=gallery_load path=photos://asset/CCB4FBA2-1CF9-4811-B832-107A6A220197/L0/001 complete=true naturalWidth=196 naturalHeight=260 renderWidth=135 renderHeight=108 uri_bytes=23331
[PHOTOS_DEBUG] in_process_thumb_success asset_id=842552A7-4D8E-40E5-B998-CFFEB284F0FA/L0/001 bytes=25007
[THUMB_RUNTIME] phase=gallery_load path=photos://asset/842552A7-4D8E-40E5-B998-CFFEB284F0FA/L0/001 complete=true naturalWidth=196 naturalHeight=260 renderWidth=135 renderHeight=108 uri_bytes=25007
[PHOTOS_DEBUG] in_process_thumb_success asset_id=DD1D6B16-2151-4E46-BE6F-A627022B0491/L0/001 bytes=25159
[PHOTOS_DEBUG] in_process_thumb_success asset_id=69EC8E33-E961-4DA9-B7F4-1C8077C87915/L0/001 bytes=23935
[PHOTOS_DEBUG] in_process_thumb_success asset_id=667598D1-FC6E-47EF-8FC2-D4C2FC1A6733/L0/001 bytes=24779
[THUMB_RUNTIME] phase=gallery_load path=photos://asset/DD1D6B16-2151-4E46-BE6F-A627022B0491/L0/001 complete=true naturalWidth=196 naturalHeight=260 renderWidth=135 renderHeight=108 uri_bytes=25159
[THUMB_RUNTIME] phase=gallery_load path=photos://asset/69EC8E33-E961-4DA9-B7F4-1C8077C87915/L0/001 complete=true naturalWidth=196 naturalHeight=260 renderWidth=135 renderHeight=108 uri_bytes=23935
[THUMB_RUNTIME] phase=gallery_load path=photos://asset/667598D1-FC6E-47EF-8FC2-D4C2FC1A6733/L0/001 complete=true naturalWidth=196 naturalHeight=260 renderWidth=135 renderHeight=108 uri_bytes=24779
[PHOTOS_DEBUG] in_process_thumb_success asset_id=EB9E1987-238C-497E-8F87-EBE12782D1B7/L0/001 bytes=24831
[PHOTOS_DEBUG] in_process_thumb_success asset_id=6A127F3B-3A30-4F53-92BA-B0B9A0C0D6C2/L0/001 bytes=28059
[THUMB_RUNTIME] phase=gallery_load path=photos://asset/EB9E1987-238C-497E-8F87-EBE12782D1B7/L0/001 complete=true naturalWidth=196 naturalHeight=260 renderWidth=135 renderHeight=108 uri_bytes=24831
[PHOTOS_DEBUG] in_process_thumb_success asset_id=5BC7F352-46CA-415C-BF73-34149E27BBA7/L0/001 bytes=17235
[THUMB_RUNTIME] phase=gallery_load path=photos://asset/6A127F3B-3A30-4F53-92BA-B0B9A0C0D6C2/L0/001 complete=true naturalWidth=196 naturalHeight=260 renderWidth=135 renderHeight=108 uri_bytes=28059
[THUMB_RUNTIME] phase=gallery_load path=photos://asset/5BC7F352-46CA-415C-BF73-34149E27BBA7/L0/001 complete=true naturalWidth=196 naturalHeight=260 renderWidth=135 renderHeight=108 uri_bytes=17235
[PHOTOS_DEBUG] in_process_thumb_success asset_id=88E34304-1621-442A-AE42-715660E4E1DC/L0/001 bytes=28503
[THUMB_RUNTIME] phase=gallery_load path=photos://asset/88E34304-1621-442A-AE42-715660E4E1DC/L0/001 complete=true naturalWidth=196 naturalHeight=260 renderWidth=135 renderHeight=108 uri_bytes=28503
[PHOTOS_DEBUG] in_process_thumb_success asset_id=85158FA6-0B41-419C-97EB-5A360441CCA9/L0/001 bytes=19187
[THUMB_RUNTIME] phase=gallery_load path=photos://asset/85158FA6-0B41-419C-97EB-5A360441CCA9/L0/001 complete=true naturalWidth=196 naturalHeight=260 renderWidth=135 renderHeight=108 uri_bytes=19187
[PHOTOS_DEBUG] in_process_thumb_success asset_id=2872DA49-5072-497D-8382-F40999073C7B/L0/001 bytes=26507
[THUMB_RUNTIME] phase=gallery_load path=photos://asset/2872DA49-5072-497D-8382-F40999073C7B/L0/001 complete=true naturalWidth=196 naturalHeight=260 renderWidth=135 renderHeight=108 uri_bytes=26507
[PHOTOS_DEBUG] in_process_thumb_success asset_id=F018E487-E08F-4189-B0E0-E54CDD3EA270/L0/001 bytes=20287
[PHOTOS_DEBUG] in_process_thumb_success asset_id=95AB0758-DC5E-48EB-9D58-B0771EBC55F1/L0/001 bytes=26191
[THUMB_RUNTIME] phase=gallery_load path=photos://asset/F018E487-E08F-4189-B0E0-E54CDD3EA270/L0/001 complete=true naturalWidth=196 naturalHeight=260 renderWidth=135 renderHeight=108 uri_bytes=20287
[THUMB_RUNTIME] phase=gallery_load path=photos://asset/95AB0758-DC5E-48EB-9D58-B0771EBC55F1/L0/001 complete=true naturalWidth=196 naturalHeight=260 renderWidth=135 renderHeight=108 uri_bytes=26191
[PHOTOS_DEBUG] in_process_thumb_success asset_id=82E775E3-404A-4349-8CD4-56CC3A25F68D/L0/001 bytes=27351
[THUMB_RUNTIME] phase=gallery_load path=photos://asset/82E775E3-404A-4349-8CD4-56CC3A25F68D/L0/001 complete=true naturalWidth=196 naturalHeight=260 renderWidth=135 renderHeight=108 uri_bytes=27351
[PHOTOS_DEBUG] in_process_thumb_success asset_id=9D54244C-4FD5-4E34-B190-32586C95D3BE/L0/001 bytes=25015
[THUMB_RUNTIME] phase=gallery_load path=photos://asset/9D54244C-4FD5-4E34-B190-32586C95D3BE/L0/001 complete=true naturalWidth=196 naturalHeight=260 renderWidth=135 renderHeight=108 uri_bytes=25015
[PHOTOS_DEBUG] in_process_thumb_success asset_id=088274B8-0B9E-4939-BD90-D3840BB82BAD/L0/001 bytes=33339
[PHOTOS_DEBUG] in_process_thumb_success asset_id=A0831C6B-D745-4E4F-A2EC-EAEC989CECE8/L0/001 bytes=16467
[PHOTOS_DEBUG] in_process_thumb_success asset_id=5710BE83-882E-4150-AE56-2EF4DB25CD33/L0/001 bytes=22771
[THUMB_RUNTIME] phase=gallery_load path=photos://asset/088274B8-0B9E-4939-BD90-D3840BB82BAD/L0/001 complete=true naturalWidth=196 naturalHeight=260 renderWidth=135 renderHeight=108 uri_bytes=33339
[PHOTOS_DEBUG] in_process_thumb_success asset_id=C8D9D240-DEF4-4F5A-A2E8-B46E30F7C6DF/L0/001 bytes=25955
[THUMB_RUNTIME] phase=gallery_load path=photos://asset/A0831C6B-D745-4E4F-A2EC-EAEC989CECE8/L0/001 complete=true naturalWidth=196 naturalHeight=260 renderWidth=135 renderHeight=108 uri_bytes=16467
[PHOTOS_DEBUG] in_process_thumb_success asset_id=5D8D1E54-C79A-44A8-96D5-9E4F176F25BF/L0/001 bytes=35631
[PHOTOS_DEBUG] in_process_thumb_success asset_id=C5102003-DED0-4409-9E61-E3D66091EB88/L0/001 bytes=23955
[THUMB_RUNTIME] phase=gallery_load path=photos://asset/5710BE83-882E-4150-AE56-2EF4DB25CD33/L0/001 complete=true naturalWidth=196 naturalHeight=260 renderWidth=135 renderHeight=108 uri_bytes=22771
[THUMB_RUNTIME] phase=gallery_load path=photos://asset/C8D9D240-DEF4-4F5A-A2E8-B46E30F7C6DF/L0/001 complete=true naturalWidth=196 naturalHeight=260 renderWidth=135 renderHeight=108 uri_bytes=25955
[PHOTOS_DEBUG] in_process_thumb_success asset_id=B3633772-FF96-4F8C-A9E8-BF59A6CFA915/L0/001 bytes=16083
[THUMB_RUNTIME] phase=gallery_load path=photos://asset/5D8D1E54-C79A-44A8-96D5-9E4F176F25BF/L0/001 complete=true naturalWidth=196 naturalHeight=260 renderWidth=135 renderHeight=108 uri_bytes=35631
[PHOTOS_DEBUG] in_process_thumb_success asset_id=F665617B-DED4-4405-95A6-0E8DA6F45BAE/L0/001 bytes=18063
[THUMB_RUNTIME] phase=gallery_load path=photos://asset/C5102003-DED0-4409-9E61-E3D66091EB88/L0/001 complete=true naturalWidth=196 naturalHeight=260 renderWidth=135 renderHeight=108 uri_bytes=23955
[THUMB_RUNTIME] phase=gallery_load path=photos://asset/B3633772-FF96-4F8C-A9E8-BF59A6CFA915/L0/001 complete=true naturalWidth=196 naturalHeight=260 renderWidth=135 renderHeight=108 uri_bytes=16083
[THUMB_RUNTIME] phase=gallery_load path=photos://asset/F665617B-DED4-4405-95A6-0E8DA6F45BAE/L0/001 complete=true naturalWidth=196 naturalHeight=260 renderWidth=135 renderHeight=108 uri_bytes=18063
[PHOTOS_DEBUG] in_process_export_success asset_id=5762A0CE-356A-481C-A296-73D0A23C2107/L0/001 target=/Users/yilonglin/Library/Caches/com.noki.desktop/photos/5762A0CE_356A_481C_A296_73D0A23C2107_L0_001.jpg
[THUMB_RUNTIME] phase=attachment_load path=/Users/yilonglin/Library/Caches/com.noki.desktop/photos/5762A0CE_356A_481C_A296_73D0A23C2107_L0_001.jpg complete=true naturalWidth=2160 naturalHeight=3840 renderWidth=26 renderHeight=26 uri_bytes=1653019
[BROWSER] location=Noki resolved=/Users/yilonglin/Documents/Noki exists=yes permission=yes raw_count=0 filtered_count=0 image_count=0 error=none
[PHOTOS_DEBUG] in_process=yes photos_auth_status=authorized photos_asset_count=80 photos_result_count=80
[BROWSER] location=Pictures resolved=/Users/yilonglin/Pictures exists=yes permission=yes raw_count=4 filtered_count=80 image_count=80 error=none
[PHOTOS_DEBUG] pictures_path=/Users/yilonglin/Pictures pictures_file_count=0 raw_count=4 photos_auth_status=authorized photos_asset_count=80 photos_result_count=80 total_entries=80
[GALLERY_LAYOUT] clientWidth=942 scrollWidth=942 clientHeight=343 scrollHeight=2445 horizontal=false vertical=true
[PHOTOS_DEBUG] in_process_thumb_success asset_id=3996ED3D-F391-427B-82E0-5080BEBFE306/L0/001 bytes=13443
[THUMB_RUNTIME] phase=gallery_load path=photos://asset/3996ED3D-F391-427B-82E0-5080BEBFE306/L0/001 complete=true naturalWidth=167 naturalHeight=260 renderWidth=135 renderHeight=108 uri_bytes=13443
[PHOTOS_DEBUG] in_process_thumb_success asset_id=5762A0CE-356A-481C-A296-73D0A23C2107/L0/001 bytes=25631
[PHOTOS_DEBUG] in_process_thumb_success asset_id=3417EDFA-5EDE-466D-A8A6-6C5F335C1793/L0/001 bytes=16215
[PHOTOS_DEBUG] in_process_thumb_success asset_id=DEBBA9A2-88CA-429C-823E-C4B15D64CE0C/L0/001 bytes=14043
[THUMB_RUNTIME] phase=gallery_load path=photos://asset/5762A0CE-356A-481C-A296-73D0A23C2107/L0/001 complete=true naturalWidth=146 naturalHeight=260 renderWidth=135 renderHeight=108 uri_bytes=25631
[THUMB_RUNTIME] phase=gallery_load path=photos://asset/3417EDFA-5EDE-466D-A8A6-6C5F335C1793/L0/001 complete=true naturalWidth=120 naturalHeight=260 renderWidth=135 renderHeight=108 uri_bytes=16215
[THUMB_RUNTIME] phase=gallery_load path=photos://asset/DEBBA9A2-88CA-429C-823E-C4B15D64CE0C/L0/001 complete=true naturalWidth=146 naturalHeight=260 renderWidth=135 renderHeight=108 uri_bytes=14043
[PHOTOS_DEBUG] in_process_thumb_success asset_id=C55AB001-423F-4D44-B3D8-AC3C40CDDAC8/L0/001 bytes=23759
[THUMB_RUNTIME] phase=gallery_load path=photos://asset/C55AB001-423F-4D44-B3D8-AC3C40CDDAC8/L0/001 complete=true naturalWidth=146 naturalHeight=260 renderWidth=135 renderHeight=108 uri_bytes=23759
[PHOTOS_DEBUG] in_process_thumb_success asset_id=3AF3AEEC-D43B-43AA-9C86-5321DAE085BE/L0/001 bytes=18763
[THUMB_RUNTIME] phase=gallery_load path=photos://asset/3AF3AEEC-D43B-43AA-9C86-5321DAE085BE/L0/001 complete=true naturalWidth=120 naturalHeight=260 renderWidth=135 renderHeight=108 uri_bytes=18763
[PHOTOS_DEBUG] in_process_thumb_success asset_id=E9650388-348C-4E4B-88E3-50B762EA834D/L0/001 bytes=13907
[THUMB_RUNTIME] phase=gallery_load path=photos://asset/E9650388-348C-4E4B-88E3-50B762EA834D/L0/001 complete=true naturalWidth=120 naturalHeight=260 renderWidth=135 renderHeight=108 uri_bytes=13907
[PHOTOS_DEBUG] in_process_thumb_success asset_id=C3BB8688-707F-4495-837E-28BE7BD6A776/L0/001 bytes=25923
[THUMB_RUNTIME] phase=gallery_load path=photos://asset/C3BB8688-707F-4495-837E-28BE7BD6A776/L0/001 complete=true naturalWidth=146 naturalHeight=260 renderWidth=135 renderHeight=108 uri_bytes=25923
[PHOTOS_DEBUG] in_process_thumb_success asset_id=14A2F553-7A09-49F4-8F36-7B20B6C02A9D/L0/001 bytes=12923
[PHOTOS_DEBUG] in_process_thumb_success asset_id=5EFF61F8-4F87-407E-8D6F-06F6740DB73C/L0/001 bytes=16763
[THUMB_RUNTIME] phase=gallery_load path=photos://asset/14A2F553-7A09-49F4-8F36-7B20B6C02A9D/L0/001 complete=true naturalWidth=120 naturalHeight=260 renderWidth=135 renderHeight=108 uri_bytes=12923
[THUMB_RUNTIME] phase=gallery_load path=photos://asset/5EFF61F8-4F87-407E-8D6F-06F6740DB73C/L0/001 complete=true naturalWidth=120 naturalHeight=260 renderWidth=135 renderHeight=108 uri_bytes=16763
[PHOTOS_DEBUG] in_process_thumb_success asset_id=FE91AE8C-5D84-4E6C-B979-E4A07A5EB392/L0/001 bytes=28843
[PHOTOS_DEBUG] in_process_thumb_success asset_id=7B299703-5CEA-4D34-AC13-4E13FA030FE5/L0/001 bytes=18355
[THUMB_RUNTIME] phase=gallery_load path=photos://asset/FE91AE8C-5D84-4E6C-B979-E4A07A5EB392/L0/001 complete=true naturalWidth=146 naturalHeight=260 renderWidth=135 renderHeight=108 uri_bytes=28843
[THUMB_RUNTIME] phase=gallery_load path=photos://asset/7B299703-5CEA-4D34-AC13-4E13FA030FE5/L0/001 complete=true naturalWidth=120 naturalHeight=260 renderWidth=135 renderHeight=108 uri_bytes=18355
[PHOTOS_DEBUG] in_process_thumb_success asset_id=02AE3CE4-F3F5-4592-A565-F471ABFB06CE/L0/001 bytes=24439
[THUMB_RUNTIME] phase=gallery_load path=photos://asset/02AE3CE4-F3F5-4592-A565-F471ABFB06CE/L0/001 complete=true naturalWidth=173 naturalHeight=260 renderWidth=135 renderHeight=108 uri_bytes=24439
[PHOTOS_DEBUG] in_process_thumb_success asset_id=94A098A1-5220-4C4F-AB0D-D534698551A4/L0/001 bytes=20679
[PHOTOS_DEBUG] in_process_thumb_success asset_id=D2C8F2BB-0BCC-4DA1-A8CE-767D09B99A3D/L0/001 bytes=13551
[THUMB_RUNTIME] phase=gallery_load path=photos://asset/94A098A1-5220-4C4F-AB0D-D534698551A4/L0/001 complete=true naturalWidth=120 naturalHeight=260 renderWidth=135 renderHeight=108 uri_bytes=20679
[THUMB_RUNTIME] phase=gallery_load path=photos://asset/D2C8F2BB-0BCC-4DA1-A8CE-767D09B99A3D/L0/001 complete=true naturalWidth=169 naturalHeight=260 renderWidth=135 renderHeight=108 uri_bytes=13551
[PHOTOS_DEBUG] in_process_thumb_success asset_id=64285D20-492A-460F-B674-1755E22A598A/L0/001 bytes=12475
[PHOTOS_DEBUG] in_process_thumb_success asset_id=A49FAC2C-82BE-4F88-A193-B3EF2E16F5A5/L0/001 bytes=10867
[THUMB_RUNTIME] phase=gallery_load path=photos://asset/64285D20-492A-460F-B674-1755E22A598A/L0/001 complete=true naturalWidth=120 naturalHeight=260 renderWidth=135 renderHeight=108 uri_bytes=12475
[THUMB_RUNTIME] phase=gallery_load path=photos://asset/A49FAC2C-82BE-4F88-A193-B3EF2E16F5A5/L0/001 complete=true naturalWidth=120 naturalHeight=260 renderWidth=135 renderHeight=108 uri_bytes=10867
[PHOTOS_DEBUG] in_process_thumb_success asset_id=A145E6EC-A6C1-49EA-AF82-9AC3C67CB951/L0/001 bytes=12651
[THUMB_RUNTIME] phase=gallery_load path=photos://asset/A145E6EC-A6C1-49EA-AF82-9AC3C67CB951/L0/001 complete=true naturalWidth=120 naturalHeight=260 renderWidth=135 renderHeight=108 uri_bytes=12651
[PHOTOS_DEBUG] in_process_thumb_success asset_id=4DC59BA5-D134-48E4-93BF-50472EA69D89/L0/001 bytes=10651
[PHOTOS_DEBUG] in_process_thumb_success asset_id=057ABF65-831E-46B8-9851-EEBDBD6FED4D/L0/001 bytes=17551
[THUMB_RUNTIME] phase=gallery_load path=photos://asset/4DC59BA5-D134-48E4-93BF-50472EA69D89/L0/001 complete=true naturalWidth=120 naturalHeight=260 renderWidth=135 renderHeight=108 uri_bytes=10651
[THUMB_RUNTIME] phase=gallery_load path=photos://asset/057ABF65-831E-46B8-9851-EEBDBD6FED4D/L0/001 complete=true naturalWidth=120 naturalHeight=260 renderWidth=135 renderHeight=108 uri_bytes=17551
[PHOTOS_DEBUG] in_process_thumb_success asset_id=0F101A83-918B-413E-B112-7567819EEFDC/L0/001 bytes=19083
[PHOTOS_DEBUG] in_process_thumb_success asset_id=83D5731F-E532-4B62-AA5C-7C161B6282B5/L0/001 bytes=10275
[THUMB_RUNTIME] phase=gallery_load path=photos://asset/0F101A83-918B-413E-B112-7567819EEFDC/L0/001 complete=true naturalWidth=120 naturalHeight=260 renderWidth=135 renderHeight=108 uri_bytes=19083
[THUMB_RUNTIME] phase=gallery_load path=photos://asset/83D5731F-E532-4B62-AA5C-7C161B6282B5/L0/001 complete=true naturalWidth=120 naturalHeight=260 renderWidth=135 renderHeight=108 uri_bytes=10275
[PHOTOS_DEBUG] in_process_thumb_success asset_id=086582B5-2EA9-4605-8E19-82B3628D9F9E/L0/001 bytes=20275
[THUMB_RUNTIME] phase=gallery_load path=photos://asset/086582B5-2EA9-4605-8E19-82B3628D9F9E/L0/001 complete=true naturalWidth=120 naturalHeight=260 renderWidth=135 renderHeight=108 uri_bytes=20275
[PHOTOS_DEBUG] in_process_thumb_success asset_id=C1F3ECAC-EE19-4A67-AD03-333DEE3FCA5A/L0/001 bytes=15735
[THUMB_RUNTIME] phase=gallery_load path=photos://asset/C1F3ECAC-EE19-4A67-AD03-333DEE3FCA5A/L0/001 complete=true naturalWidth=120 naturalHeight=260 renderWidth=135 renderHeight=108 uri_bytes=15735
[PHOTOS_DEBUG] in_process_thumb_success asset_id=F420F813-2013-4627-961A-70ABC0F2AA22/L0/001 bytes=19095
[PHOTOS_DEBUG] in_process_thumb_success asset_id=9088C68A-5F09-4E3D-95BD-D515FCFFB428/L0/001 bytes=11275
[THUMB_RUNTIME] phase=gallery_load path=photos://asset/F420F813-2013-4627-961A-70ABC0F2AA22/L0/001 complete=true naturalWidth=120 naturalHeight=260 renderWidth=135 renderHeight=108 uri_bytes=19095
[THUMB_RUNTIME] phase=gallery_load path=photos://asset/9088C68A-5F09-4E3D-95BD-D515FCFFB428/L0/001 complete=true naturalWidth=120 naturalHeight=260 renderWidth=135 renderHeight=108 uri_bytes=11275
[PHOTOS_DEBUG] in_process_thumb_success asset_id=DCA18BEF-3217-4F8E-8A1A-E9DDF56B6154/L0/001 bytes=11443
[THUMB_RUNTIME] phase=gallery_load path=photos://asset/DCA18BEF-3217-4F8E-8A1A-E9DDF56B6154/L0/001 complete=true naturalWidth=120 naturalHeight=260 renderWidth=135 renderHeight=108 uri_bytes=11443
[PHOTOS_DEBUG] in_process_thumb_success asset_id=07F769DB-0E5E-418B-86D9-A0FA181FAB5B/L0/001 bytes=32123
[PHOTOS_DEBUG] in_process_thumb_success asset_id=529D8C4B-3CEE-413C-B396-8F12BA379BFE/L0/001 bytes=19695
[THUMB_RUNTIME] phase=gallery_load path=photos://asset/529D8C4B-3CEE-413C-B396-8F12BA379BFE/L0/001 complete=true naturalWidth=120 naturalHeight=260 renderWidth=135 renderHeight=108 uri_bytes=19695
[THUMB_RUNTIME] phase=gallery_load path=photos://asset/07F769DB-0E5E-418B-86D9-A0FA181FAB5B/L0/001 complete=true naturalWidth=260 naturalHeight=146 renderWidth=135 renderHeight=108 uri_bytes=32123
[PHOTOS_DEBUG] in_process_thumb_success asset_id=AA081FA8-F6D8-4EA6-AD41-EDABAB1BE99F/L0/001 bytes=8979
[THUMB_RUNTIME] phase=gallery_load path=photos://asset/AA081FA8-F6D8-4EA6-AD41-EDABAB1BE99F/L0/001 complete=true naturalWidth=120 naturalHeight=260 renderWidth=135 renderHeight=108 uri_bytes=8979
[PHOTOS_DEBUG] in_process_thumb_success asset_id=4A0F350B-8D24-49D9-9304-897F5055BB50/L0/001 bytes=12851
[PHOTOS_DEBUG] in_process_thumb_success asset_id=778DE165-AF15-4BE2-A15F-104AE59B7C51/L0/001 bytes=21623
[THUMB_RUNTIME] phase=gallery_load path=photos://asset/4A0F350B-8D24-49D9-9304-897F5055BB50/L0/001 complete=true naturalWidth=185 naturalHeight=260 renderWidth=135 renderHeight=108 uri_bytes=12851
[PHOTOS_DEBUG] in_process_thumb_success asset_id=4EC4DD34-3C41-4ED5-B795-49F00CDB3F01/L0/001 bytes=10523
[THUMB_RUNTIME] phase=gallery_load path=photos://asset/778DE165-AF15-4BE2-A15F-104AE59B7C51/L0/001 complete=true naturalWidth=254 naturalHeight=260 renderWidth=135 renderHeight=108 uri_bytes=21623
[THUMB_RUNTIME] phase=gallery_load path=photos://asset/4EC4DD34-3C41-4ED5-B795-49F00CDB3F01/L0/001 complete=true naturalWidth=120 naturalHeight=260 renderWidth=135 renderHeight=108 uri_bytes=10523
[PHOTOS_DEBUG] in_process_thumb_success asset_id=A5E80D84-6525-4F30-B8BF-2BDC4526A30D/L0/001 bytes=28683
[PHOTOS_DEBUG] in_process_thumb_success asset_id=286C9553-48BE-42A2-8C40-AA8F32782D1A/L0/001 bytes=21999
[THUMB_RUNTIME] phase=gallery_load path=photos://asset/A5E80D84-6525-4F30-B8BF-2BDC4526A30D/L0/001 complete=true naturalWidth=260 naturalHeight=144 renderWidth=135 renderHeight=108 uri_bytes=28683
[THUMB_RUNTIME] phase=gallery_load path=photos://asset/286C9553-48BE-42A2-8C40-AA8F32782D1A/L0/001 complete=true naturalWidth=120 naturalHeight=260 renderWidth=135 renderHeight=108 uri_bytes=21999
[PHOTOS_DEBUG] in_process_thumb_success asset_id=1181DE8C-9E2D-4779-A760-EC5362137286/L0/001 bytes=19023
[THUMB_RUNTIME] phase=gallery_load path=photos://asset/1181DE8C-9E2D-4779-A760-EC5362137286/L0/001 complete=true naturalWidth=120 naturalHeight=260 renderWidth=135 renderHeight=108 uri_bytes=19023
[PHOTOS_DEBUG] in_process_thumb_success asset_id=5F8DE87C-4877-4AFF-A5F3-63CA8CC16790/L0/001 bytes=14843
[PHOTOS_DEBUG] in_process_thumb_success asset_id=0747E91C-BA59-44DA-8C5E-D5A8A1E0252A/L0/001 bytes=20803
[THUMB_RUNTIME] phase=gallery_load path=photos://asset/5F8DE87C-4877-4AFF-A5F3-63CA8CC16790/L0/001 complete=true naturalWidth=187 naturalHeight=260 renderWidth=135 renderHeight=108 uri_bytes=14843
[PHOTOS_DEBUG] in_process_thumb_success asset_id=6A9E00C2-A4A4-4A12-BDB3-694EB4B51B87/L0/001 bytes=14151
[PHOTOS_DEBUG] in_process_thumb_success asset_id=ED7FF7DC-7835-473C-A954-DA574BD6E6C2/L0/001 bytes=22903
[THUMB_RUNTIME] phase=gallery_load path=photos://asset/0747E91C-BA59-44DA-8C5E-D5A8A1E0252A/L0/001 complete=true naturalWidth=120 naturalHeight=260 renderWidth=135 renderHeight=108 uri_bytes=20803
[THUMB_RUNTIME] phase=gallery_load path=photos://asset/6A9E00C2-A4A4-4A12-BDB3-694EB4B51B87/L0/001 complete=true naturalWidth=120 naturalHeight=260 renderWidth=135 renderHeight=108 uri_bytes=14151
[THUMB_RUNTIME] phase=gallery_load path=photos://asset/ED7FF7DC-7835-473C-A954-DA574BD6E6C2/L0/001 complete=true naturalWidth=260 naturalHeight=240 renderWidth=135 renderHeight=108 uri_bytes=22903
[PHOTOS_DEBUG] in_process_thumb_success asset_id=51EEEA46-006B-42B9-A3DF-5F77BDE5AA08/L0/001 bytes=19187
[THUMB_RUNTIME] phase=gallery_load path=photos://asset/51EEEA46-006B-42B9-A3DF-5F77BDE5AA08/L0/001 complete=true naturalWidth=120 naturalHeight=260 renderWidth=135 renderHeight=108 uri_bytes=19187
[PHOTOS_DEBUG] in_process_thumb_success asset_id=087AFEC9-6A07-4DC0-AA87-612DF7E56E1B/L0/001 bytes=16271
[PHOTOS_DEBUG] in_process_thumb_success asset_id=EE4C2FD1-E829-44F4-8EF6-98347D7234F5/L0/001 bytes=14007
[THUMB_RUNTIME] phase=gallery_load path=photos://asset/087AFEC9-6A07-4DC0-AA87-612DF7E56E1B/L0/001 complete=true naturalWidth=120 naturalHeight=260 renderWidth=135 renderHeight=108 uri_bytes=16271
[THUMB_RUNTIME] phase=gallery_load path=photos://asset/EE4C2FD1-E829-44F4-8EF6-98347D7234F5/L0/001 complete=true naturalWidth=260 naturalHeight=76 renderWidth=135 renderHeight=108 uri_bytes=14007
[PHOTOS_DEBUG] in_process_thumb_success asset_id=0463D6B4-19AD-4F86-8B87-5CEB34D696FC/L0/001 bytes=19123
[THUMB_RUNTIME] phase=gallery_load path=photos://asset/0463D6B4-19AD-4F86-8B87-5CEB34D696FC/L0/001 complete=true naturalWidth=260 naturalHeight=162 renderWidth=135 renderHeight=108 uri_bytes=19123
[PHOTOS_DEBUG] in_process_thumb_success asset_id=8FC86876-1422-4CA0-A555-49957FCBDC45/L0/001 bytes=4735
[THUMB_RUNTIME] phase=gallery_load path=photos://asset/8FC86876-1422-4CA0-A555-49957FCBDC45/L0/001 complete=true naturalWidth=120 naturalHeight=260 renderWidth=135 renderHeight=108 uri_bytes=4735
[PHOTOS_DEBUG] in_process_thumb_success asset_id=8FD41B69-E6D7-49E0-AB7E-D9040EFE6200/L0/001 bytes=27831
[PHOTOS_DEBUG] in_process_thumb_success asset_id=A46710D5-1482-4CF8-94FE-AC209B3F2E98/L0/001 bytes=21899
[THUMB_RUNTIME] phase=gallery_load path=photos://asset/8FD41B69-E6D7-49E0-AB7E-D9040EFE6200/L0/001 complete=true naturalWidth=146 naturalHeight=260 renderWidth=135 renderHeight=108 uri_bytes=27831
[THUMB_RUNTIME] phase=gallery_load path=photos://asset/A46710D5-1482-4CF8-94FE-AC209B3F2E98/L0/001 complete=true naturalWidth=260 naturalHeight=112 renderWidth=135 renderHeight=108 uri_bytes=21899
[PHOTOS_DEBUG] in_process_thumb_success asset_id=6811A860-9F87-407E-A476-F4FECB2F239A/L0/001 bytes=23507
[THUMB_RUNTIME] phase=gallery_load path=photos://asset/6811A860-9F87-407E-A476-F4FECB2F239A/L0/001 complete=true naturalWidth=146 naturalHeight=260 renderWidth=135 renderHeight=108 uri_bytes=23507
[PHOTOS_DEBUG] in_process_thumb_success asset_id=CB3F5E99-8940-4BB2-8941-E1D9FC957B59/L0/001 bytes=15443
[PHOTOS_DEBUG] in_process_thumb_success asset_id=A300B50A-96B1-480F-8C71-3EB9DC68E251/L0/001 bytes=14099
[THUMB_RUNTIME] phase=gallery_load path=photos://asset/CB3F5E99-8940-4BB2-8941-E1D9FC957B59/L0/001 complete=true naturalWidth=120 naturalHeight=260 renderWidth=135 renderHeight=108 uri_bytes=15443
[THUMB_RUNTIME] phase=gallery_load path=photos://asset/A300B50A-96B1-480F-8C71-3EB9DC68E251/L0/001 complete=true naturalWidth=120 naturalHeight=260 renderWidth=135 renderHeight=108 uri_bytes=14099
[PHOTOS_DEBUG] in_process_thumb_success asset_id=91D12FE5-D775-4773-B531-60B4F510279D/L0/001 bytes=18795
[THUMB_RUNTIME] phase=gallery_load path=photos://asset/91D12FE5-D775-4773-B531-60B4F510279D/L0/001 complete=true naturalWidth=156 naturalHeight=260 renderWidth=135 renderHeight=108 uri_bytes=18795
[PHOTOS_DEBUG] in_process_thumb_success asset_id=29755E84-F94A-478E-A663-A70F28F08704/L0/001 bytes=34179
[PHOTOS_DEBUG] in_process_thumb_success asset_id=3AB846BE-AEB9-4696-80C8-B2EFC3912F66/L0/001 bytes=25639
[PHOTOS_DEBUG] in_process_thumb_success asset_id=0503F4E5-BC54-4F1C-B2A1-1C8596781F35/L0/001 bytes=28259
[THUMB_RUNTIME] phase=gallery_load path=photos://asset/29755E84-F94A-478E-A663-A70F28F08704/L0/001 complete=true naturalWidth=196 naturalHeight=260 renderWidth=135 renderHeight=108 uri_bytes=34179
[THUMB_RUNTIME] phase=gallery_load path=photos://asset/3AB846BE-AEB9-4696-80C8-B2EFC3912F66/L0/001 complete=true naturalWidth=196 naturalHeight=260 renderWidth=135 renderHeight=108 uri_bytes=25639
[THUMB_RUNTIME] phase=gallery_load path=photos://asset/0503F4E5-BC54-4F1C-B2A1-1C8596781F35/L0/001 complete=true naturalWidth=196 naturalHeight=260 renderWidth=135 renderHeight=108 uri_bytes=28259
[PHOTOS_DEBUG] in_process_thumb_success asset_id=CCB4FBA2-1CF9-4811-B832-107A6A220197/L0/001 bytes=23331
[THUMB_RUNTIME] phase=gallery_load path=photos://asset/CCB4FBA2-1CF9-4811-B832-107A6A220197/L0/001 complete=true naturalWidth=196 naturalHeight=260 renderWidth=135 renderHeight=108 uri_bytes=23331
[PHOTOS_DEBUG] in_process_thumb_success asset_id=F8EFE244-7B10-440C-BD92-0DBBC92F4FEC/L0/001 bytes=21347
[THUMB_RUNTIME] phase=gallery_load path=photos://asset/F8EFE244-7B10-440C-BD92-0DBBC92F4FEC/L0/001 complete=true naturalWidth=196 naturalHeight=260 renderWidth=135 renderHeight=108 uri_bytes=21347
[PHOTOS_DEBUG] in_process_thumb_success asset_id=E35AE33C-EE40-4E11-B250-8AD3C710CAAC/L0/001 bytes=24351
[PHOTOS_DEBUG] in_process_thumb_success asset_id=88E34304-1621-442A-AE42-715660E4E1DC/L0/001 bytes=28503
[THUMB_RUNTIME] phase=gallery_load path=photos://asset/E35AE33C-EE40-4E11-B250-8AD3C710CAAC/L0/001 complete=true naturalWidth=196 naturalHeight=260 renderWidth=135 renderHeight=108 uri_bytes=24351
[THUMB_RUNTIME] phase=gallery_load path=photos://asset/88E34304-1621-442A-AE42-715660E4E1DC/L0/001 complete=true naturalWidth=196 naturalHeight=260 renderWidth=135 renderHeight=108 uri_bytes=28503
[PHOTOS_DEBUG] in_process_thumb_success asset_id=667598D1-FC6E-47EF-8FC2-D4C2FC1A6733/L0/001 bytes=24779
[PHOTOS_DEBUG] in_process_thumb_success asset_id=95AB0758-DC5E-48EB-9D58-B0771EBC55F1/L0/001 bytes=26191
[PHOTOS_DEBUG] in_process_thumb_success asset_id=842552A7-4D8E-40E5-B998-CFFEB284F0FA/L0/001 bytes=25007
[THUMB_RUNTIME] phase=gallery_load path=photos://asset/667598D1-FC6E-47EF-8FC2-D4C2FC1A6733/L0/001 complete=true naturalWidth=196 naturalHeight=260 renderWidth=135 renderHeight=108 uri_bytes=24779
[PHOTOS_DEBUG] in_process_thumb_success asset_id=C8D9D240-DEF4-4F5A-A2E8-B46E30F7C6DF/L0/001 bytes=25955
[THUMB_RUNTIME] phase=gallery_load path=photos://asset/95AB0758-DC5E-48EB-9D58-B0771EBC55F1/L0/001 complete=true naturalWidth=196 naturalHeight=260 renderWidth=135 renderHeight=108 uri_bytes=26191
[THUMB_RUNTIME] phase=gallery_load path=photos://asset/842552A7-4D8E-40E5-B998-CFFEB284F0FA/L0/001 complete=true naturalWidth=196 naturalHeight=260 renderWidth=135 renderHeight=108 uri_bytes=25007
[THUMB_RUNTIME] phase=gallery_load path=photos://asset/C8D9D240-DEF4-4F5A-A2E8-B46E30F7C6DF/L0/001 complete=true naturalWidth=196 naturalHeight=260 renderWidth=135 renderHeight=108 uri_bytes=25955
[PHOTOS_DEBUG] in_process_thumb_success asset_id=85158FA6-0B41-419C-97EB-5A360441CCA9/L0/001 bytes=19187
[PHOTOS_DEBUG] in_process_thumb_success asset_id=5710BE83-882E-4150-AE56-2EF4DB25CD33/L0/001 bytes=22771
[PHOTOS_DEBUG] in_process_thumb_success asset_id=69EC8E33-E961-4DA9-B7F4-1C8077C87915/L0/001 bytes=23935
[THUMB_RUNTIME] phase=gallery_load path=photos://asset/5710BE83-882E-4150-AE56-2EF4DB25CD33/L0/001 complete=true naturalWidth=196 naturalHeight=260 renderWidth=135 renderHeight=108 uri_bytes=22771
[THUMB_RUNTIME] phase=gallery_load path=photos://asset/85158FA6-0B41-419C-97EB-5A360441CCA9/L0/001 complete=true naturalWidth=196 naturalHeight=260 renderWidth=135 renderHeight=108 uri_bytes=19187
[THUMB_RUNTIME] phase=gallery_load path=photos://asset/69EC8E33-E961-4DA9-B7F4-1C8077C87915/L0/001 complete=true naturalWidth=196 naturalHeight=260 renderWidth=135 renderHeight=108 uri_bytes=23935
[PHOTOS_DEBUG] in_process_thumb_success asset_id=088274B8-0B9E-4939-BD90-D3840BB82BAD/L0/001 bytes=33339
[THUMB_RUNTIME] phase=gallery_load path=photos://asset/088274B8-0B9E-4939-BD90-D3840BB82BAD/L0/001 complete=true naturalWidth=196 naturalHeight=260 renderWidth=135 renderHeight=108 uri_bytes=33339
[PHOTOS_DEBUG] in_process_thumb_success asset_id=C4FAF116-295A-40A4-9328-C0EEA1C4586C/L0/001 bytes=24391
[THUMB_RUNTIME] phase=gallery_load path=photos://asset/C4FAF116-295A-40A4-9328-C0EEA1C4586C/L0/001 complete=true naturalWidth=196 naturalHeight=260 renderWidth=135 renderHeight=108 uri_bytes=24391
[PHOTOS_DEBUG] in_process_thumb_success asset_id=9D54244C-4FD5-4E34-B190-32586C95D3BE/L0/001 bytes=25015
[PHOTOS_DEBUG] in_process_thumb_success asset_id=EB9E1987-238C-497E-8F87-EBE12782D1B7/L0/001 bytes=24831
[PHOTOS_DEBUG] in_process_thumb_success asset_id=F018E487-E08F-4189-B0E0-E54CDD3EA270/L0/001 bytes=20287
[THUMB_RUNTIME] phase=gallery_load path=photos://asset/9D54244C-4FD5-4E34-B190-32586C95D3BE/L0/001 complete=true naturalWidth=196 naturalHeight=260 renderWidth=135 renderHeight=108 uri_bytes=25015
[THUMB_RUNTIME] phase=gallery_load path=photos://asset/EB9E1987-238C-497E-8F87-EBE12782D1B7/L0/001 complete=true naturalWidth=196 naturalHeight=260 renderWidth=135 renderHeight=108 uri_bytes=24831
[THUMB_RUNTIME] phase=gallery_load path=photos://asset/F018E487-E08F-4189-B0E0-E54CDD3EA270/L0/001 complete=true naturalWidth=196 naturalHeight=260 renderWidth=135 renderHeight=108 uri_bytes=20287
[PHOTOS_DEBUG] in_process_thumb_success asset_id=5BC7F352-46CA-415C-BF73-34149E27BBA7/L0/001 bytes=17235
[THUMB_RUNTIME] phase=gallery_load path=photos://asset/5BC7F352-46CA-415C-BF73-34149E27BBA7/L0/001 complete=true naturalWidth=196 naturalHeight=260 renderWidth=135 renderHeight=108 uri_bytes=17235
[PHOTOS_DEBUG] in_process_thumb_success asset_id=DD1D6B16-2151-4E46-BE6F-A627022B0491/L0/001 bytes=25159
[THUMB_RUNTIME] phase=gallery_load path=photos://asset/DD1D6B16-2151-4E46-BE6F-A627022B0491/L0/001 complete=true naturalWidth=196 naturalHeight=260 renderWidth=135 renderHeight=108 uri_bytes=25159
[PHOTOS_DEBUG] in_process_thumb_success asset_id=A0831C6B-D745-4E4F-A2EC-EAEC989CECE8/L0/001 bytes=16467
[PHOTOS_DEBUG] in_process_thumb_success asset_id=C5102003-DED0-4409-9E61-E3D66091EB88/L0/001 bytes=23955
[PHOTOS_DEBUG] in_process_thumb_success asset_id=6A127F3B-3A30-4F53-92BA-B0B9A0C0D6C2/L0/001 bytes=28059
[THUMB_RUNTIME] phase=gallery_load path=photos://asset/A0831C6B-D745-4E4F-A2EC-EAEC989CECE8/L0/001 complete=true naturalWidth=196 naturalHeight=260 renderWidth=135 renderHeight=108 uri_bytes=16467
[PHOTOS_DEBUG] in_process_thumb_success asset_id=F665617B-DED4-4405-95A6-0E8DA6F45BAE/L0/001 bytes=18063
[PHOTOS_DEBUG] in_process_thumb_success asset_id=82E775E3-404A-4349-8CD4-56CC3A25F68D/L0/001 bytes=27351
[PHOTOS_DEBUG] in_process_thumb_success asset_id=5D8D1E54-C79A-44A8-96D5-9E4F176F25BF/L0/001 bytes=35631[THUMB_RUNTIME] phase=gallery_load path=photos://asset/C5102003-DED0-4409-9E61-E3D66091EB88/L0/001 complete=true naturalWidth=196 naturalHeight=260 renderWidth=135 renderHeight=108 uri_bytes=23955

[THUMB_RUNTIME] phase=gallery_load path=photos://asset/F665617B-DED4-4405-95A6-0E8DA6F45BAE/L0/001 complete=true naturalWidth=196 naturalHeight=260 renderWidth=135 renderHeight=108 uri_bytes=18063
[PHOTOS_DEBUG] in_process_thumb_success asset_id=2872DA49-5072-497D-8382-F40999073C7B/L0/001 bytes=26507
[THUMB_RUNTIME] phase=gallery_load path=photos://asset/6A127F3B-3A30-4F53-92BA-B0B9A0C0D6C2/L0/001 complete=true naturalWidth=196 naturalHeight=260 renderWidth=135 renderHeight=108 uri_bytes=28059
[PHOTOS_DEBUG] in_process_thumb_success asset_id=B3633772-FF96-4F8C-A9E8-BF59A6CFA915/L0/001 bytes=16083
[THUMB_RUNTIME] phase=gallery_load path=photos://asset/82E775E3-404A-4349-8CD4-56CC3A25F68D/L0/001 complete=true naturalWidth=196 naturalHeight=260 renderWidth=135 renderHeight=108 uri_bytes=27351
[THUMB_RUNTIME] phase=gallery_load path=photos://asset/5D8D1E54-C79A-44A8-96D5-9E4F176F25BF/L0/001 complete=true naturalWidth=196 naturalHeight=260 renderWidth=135 renderHeight=108 uri_bytes=35631
[THUMB_RUNTIME] phase=gallery_load path=photos://asset/2872DA49-5072-497D-8382-F40999073C7B/L0/001 complete=true naturalWidth=196 naturalHeight=260 renderWidth=135 renderHeight=108 uri_bytes=26507
[THUMB_RUNTIME] phase=gallery_load path=photos://asset/B3633772-FF96-4F8C-A9E8-BF59A6CFA915/L0/001 complete=true naturalWidth=196 naturalHeight=260 renderWidth=135 renderHeight=108 uri_bytes=16083
[PHOTOS_DEBUG] in_process_export_success asset_id=EB9E1987-238C-497E-8F87-EBE12782D1B7/L0/001 target=/Users/yilonglin/Library/Caches/com.noki.desktop/photos/EB9E1987_238C_497E_8F87_EBE12782D1B7_L0_001.jpg
[THUMB_RUNTIME] phase=attachment_load path=/Users/yilonglin/Library/Caches/com.noki.desktop/photos/EB9E1987_238C_497E_8F87_EBE12782D1B7_L0_001.jpg complete=true naturalWidth=120 naturalHeight=160 renderWidth=26 renderHeight=26 uri_bytes=22315
[PHOTOS_DEBUG] in_process=yes photos_auth_status=authorized photos_asset_count=80 photos_result_count=80
[BROWSER] location=Pictures resolved=/Users/yilonglin/Pictures exists=yes permission=yes raw_count=4 filtered_count=80 image_count=80 error=none
[PHOTOS_DEBUG] pictures_path=/Users/yilonglin/Pictures pictures_file_count=0 raw_count=4 photos_auth_status=authorized photos_asset_count=80 photos_result_count=80 total_entries=80
[PHOTOS_DEBUG] in_process_thumb_success asset_id=3996ED3D-F391-427B-82E0-5080BEBFE306/L0/001 bytes=13443
[GALLERY_LAYOUT] clientWidth=942 scrollWidth=942 clientHeight=343 scrollHeight=2445 horizontal=false vertical=true
[THUMB_RUNTIME] phase=gallery_load path=photos://asset/3996ED3D-F391-427B-82E0-5080BEBFE306/L0/001 complete=true naturalWidth=167 naturalHeight=260 renderWidth=135 renderHeight=108 uri_bytes=13443
[PHOTOS_DEBUG] in_process_thumb_success asset_id=5762A0CE-356A-481C-A296-73D0A23C2107/L0/001 bytes=25631
[PHOTOS_DEBUG] in_process_thumb_success asset_id=DEBBA9A2-88CA-429C-823E-C4B15D64CE0C/L0/001 bytes=14043
[THUMB_RUNTIME] phase=gallery_load path=photos://asset/5762A0CE-356A-481C-A296-73D0A23C2107/L0/001 complete=true naturalWidth=146 naturalHeight=260 renderWidth=135 renderHeight=108 uri_bytes=25631
[THUMB_RUNTIME] phase=gallery_load path=photos://asset/DEBBA9A2-88CA-429C-823E-C4B15D64CE0C/L0/001 complete=true naturalWidth=146 naturalHeight=260 renderWidth=135 renderHeight=108 uri_bytes=14043
[PHOTOS_DEBUG] in_process_thumb_success asset_id=C55AB001-423F-4D44-B3D8-AC3C40CDDAC8/L0/001 bytes=23759
[THUMB_RUNTIME] phase=gallery_load path=photos://asset/C55AB001-423F-4D44-B3D8-AC3C40CDDAC8/L0/001 complete=true naturalWidth=146 naturalHeight=260 renderWidth=135 renderHeight=108 uri_bytes=23759
[PHOTOS_DEBUG] in_process_thumb_success asset_id=3417EDFA-5EDE-466D-A8A6-6C5F335C1793/L0/001 bytes=16215
[PHOTOS_DEBUG] in_process_thumb_success asset_id=3AF3AEEC-D43B-43AA-9C86-5321DAE085BE/L0/001 bytes=18763
[THUMB_RUNTIME] phase=gallery_load path=photos://asset/3417EDFA-5EDE-466D-A8A6-6C5F335C1793/L0/001 complete=true naturalWidth=120 naturalHeight=260 renderWidth=135 renderHeight=108 uri_bytes=16215
[THUMB_RUNTIME] phase=gallery_load path=photos://asset/3AF3AEEC-D43B-43AA-9C86-5321DAE085BE/L0/001 complete=true naturalWidth=120 naturalHeight=260 renderWidth=135 renderHeight=108 uri_bytes=18763
[PHOTOS_DEBUG] in_process_thumb_success asset_id=087AFEC9-6A07-4DC0-AA87-612DF7E56E1B/L0/001 bytes=16271
[THUMB_RUNTIME] phase=gallery_load path=photos://asset/087AFEC9-6A07-4DC0-AA87-612DF7E56E1B/L0/001 complete=true naturalWidth=120 naturalHeight=260 renderWidth=135 renderHeight=108 uri_bytes=16271
[PHOTOS_DEBUG] in_process_thumb_success asset_id=E9650388-348C-4E4B-88E3-50B762EA834D/L0/001 bytes=13907
[THUMB_RUNTIME] phase=gallery_load path=photos://asset/E9650388-348C-4E4B-88E3-50B762EA834D/L0/001 complete=true naturalWidth=120 naturalHeight=260 renderWidth=135 renderHeight=108 uri_bytes=13907
[PHOTOS_DEBUG] in_process_thumb_success asset_id=14A2F553-7A09-49F4-8F36-7B20B6C02A9D/L0/001 bytes=12923
[THUMB_RUNTIME] phase=gallery_load path=photos://asset/14A2F553-7A09-49F4-8F36-7B20B6C02A9D/L0/001 complete=true naturalWidth=120 naturalHeight=260 renderWidth=135 renderHeight=108 uri_bytes=12923
[PHOTOS_DEBUG] in_process_thumb_success asset_id=C3BB8688-707F-4495-837E-28BE7BD6A776/L0/001 bytes=25923
[THUMB_RUNTIME] phase=gallery_load path=photos://asset/C3BB8688-707F-4495-837E-28BE7BD6A776/L0/001 complete=true naturalWidth=146 naturalHeight=260 renderWidth=135 renderHeight=108 uri_bytes=25923
[PHOTOS_DEBUG] in_process_thumb_success asset_id=5EFF61F8-4F87-407E-8D6F-06F6740DB73C/L0/001 bytes=16763
[THUMB_RUNTIME] phase=gallery_load path=photos://asset/5EFF61F8-4F87-407E-8D6F-06F6740DB73C/L0/001 complete=true naturalWidth=120 naturalHeight=260 renderWidth=135 renderHeight=108 uri_bytes=16763
[PHOTOS_DEBUG] in_process_thumb_success asset_id=FE91AE8C-5D84-4E6C-B979-E4A07A5EB392/L0/001 bytes=28843
[PHOTOS_DEBUG] in_process_thumb_success asset_id=D2C8F2BB-0BCC-4DA1-A8CE-767D09B99A3D/L0/001 bytes=13551
[THUMB_RUNTIME] phase=gallery_load path=photos://asset/D2C8F2BB-0BCC-4DA1-A8CE-767D09B99A3D/L0/001 complete=true naturalWidth=169 naturalHeight=260 renderWidth=135 renderHeight=108 uri_bytes=13551
[THUMB_RUNTIME] phase=gallery_load path=photos://asset/FE91AE8C-5D84-4E6C-B979-E4A07A5EB392/L0/001 complete=true naturalWidth=146 naturalHeight=260 renderWidth=135 renderHeight=108 uri_bytes=28843
[PHOTOS_DEBUG] in_process_thumb_success asset_id=7B299703-5CEA-4D34-AC13-4E13FA030FE5/L0/001 bytes=18355
[THUMB_RUNTIME] phase=gallery_load path=photos://asset/7B299703-5CEA-4D34-AC13-4E13FA030FE5/L0/001 complete=true naturalWidth=120 naturalHeight=260 renderWidth=135 renderHeight=108 uri_bytes=18355
[PHOTOS_DEBUG] in_process_thumb_success asset_id=F420F813-2013-4627-961A-70ABC0F2AA22/L0/001 bytes=19095
[THUMB_RUNTIME] phase=gallery_load path=photos://asset/F420F813-2013-4627-961A-70ABC0F2AA22/L0/001 complete=true naturalWidth=120 naturalHeight=260 renderWidth=135 renderHeight=108 uri_bytes=19095
[PHOTOS_DEBUG] in_process_thumb_success asset_id=A145E6EC-A6C1-49EA-AF82-9AC3C67CB951/L0/001 bytes=12651
[PHOTOS_DEBUG] in_process_thumb_success asset_id=0F101A83-918B-413E-B112-7567819EEFDC/L0/001 bytes=19083
[THUMB_RUNTIME] phase=gallery_load path=photos://asset/A145E6EC-A6C1-49EA-AF82-9AC3C67CB951/L0/001 complete=true naturalWidth=120 naturalHeight=260 renderWidth=135 renderHeight=108 uri_bytes=12651
[THUMB_RUNTIME] phase=gallery_load path=photos://asset/0F101A83-918B-413E-B112-7567819EEFDC/L0/001 complete=true naturalWidth=120 naturalHeight=260 renderWidth=135 renderHeight=108 uri_bytes=19083
[PHOTOS_DEBUG] in_process_thumb_success asset_id=057ABF65-831E-46B8-9851-EEBDBD6FED4D/L0/001 bytes=17551
[PHOTOS_DEBUG] in_process_thumb_success asset_id=94A098A1-5220-4C4F-AB0D-D534698551A4/L0/001 bytes=20679
[THUMB_RUNTIME] phase=gallery_load path=photos://asset/057ABF65-831E-46B8-9851-EEBDBD6FED4D/L0/001 complete=true naturalWidth=120 naturalHeight=260 renderWidth=135 renderHeight=108 uri_bytes=17551
[THUMB_RUNTIME] phase=gallery_load path=photos://asset/94A098A1-5220-4C4F-AB0D-D534698551A4/L0/001 complete=true naturalWidth=120 naturalHeight=260 renderWidth=135 renderHeight=108 uri_bytes=20679
[PHOTOS_DEBUG] in_process_thumb_success asset_id=A49FAC2C-82BE-4F88-A193-B3EF2E16F5A5/L0/001 bytes=10867
[PHOTOS_DEBUG] in_process_thumb_success asset_id=02AE3CE4-F3F5-4592-A565-F471ABFB06CE/L0/001 bytes=24439
[PHOTOS_DEBUG] in_process_thumb_success asset_id=4EC4DD34-3C41-4ED5-B795-49F00CDB3F01/L0/001 bytes=10523
[THUMB_RUNTIME] phase=gallery_load path=photos://asset/A49FAC2C-82BE-4F88-A193-B3EF2E16F5A5/L0/001 complete=true naturalWidth=120 naturalHeight=260 renderWidth=135 renderHeight=108 uri_bytes=10867
[THUMB_RUNTIME] phase=gallery_load path=photos://asset/02AE3CE4-F3F5-4592-A565-F471ABFB06CE/L0/001 complete=true naturalWidth=173 naturalHeight=260 renderWidth=135 renderHeight=108 uri_bytes=24439
[THUMB_RUNTIME] phase=gallery_load path=photos://asset/4EC4DD34-3C41-4ED5-B795-49F00CDB3F01/L0/001 complete=true naturalWidth=120 naturalHeight=260 renderWidth=135 renderHeight=108 uri_bytes=10523
[PHOTOS_DEBUG] in_process_thumb_success asset_id=9088C68A-5F09-4E3D-95BD-D515FCFFB428/L0/001 bytes=11275
[THUMB_RUNTIME] phase=gallery_load path=photos://asset/9088C68A-5F09-4E3D-95BD-D515FCFFB428/L0/001 complete=true naturalWidth=120 naturalHeight=260 renderWidth=135 renderHeight=108 uri_bytes=11275
[PHOTOS_DEBUG] in_process_thumb_success asset_id=1181DE8C-9E2D-4779-A760-EC5362137286/L0/001 bytes=19023
[THUMB_RUNTIME] phase=gallery_load path=photos://asset/1181DE8C-9E2D-4779-A760-EC5362137286/L0/001 complete=true naturalWidth=120 naturalHeight=260 renderWidth=135 renderHeight=108 uri_bytes=19023
[PHOTOS_DEBUG] in_process_thumb_success asset_id=C1F3ECAC-EE19-4A67-AD03-333DEE3FCA5A/L0/001 bytes=15735
[THUMB_RUNTIME] phase=gallery_load path=photos://asset/C1F3ECAC-EE19-4A67-AD03-333DEE3FCA5A/L0/001 complete=true naturalWidth=120 naturalHeight=260 renderWidth=135 renderHeight=108 uri_bytes=15735
[PHOTOS_DEBUG] in_process_thumb_success asset_id=A5E80D84-6525-4F30-B8BF-2BDC4526A30D/L0/001 bytes=28683
[PHOTOS_DEBUG] in_process_thumb_success asset_id=83D5731F-E532-4B62-AA5C-7C161B6282B5/L0/001 bytes=10275
[THUMB_RUNTIME] phase=gallery_load path=photos://asset/A5E80D84-6525-4F30-B8BF-2BDC4526A30D/L0/001 complete=true naturalWidth=260 naturalHeight=144 renderWidth=135 renderHeight=108 uri_bytes=28683
[THUMB_RUNTIME] phase=gallery_load path=photos://asset/83D5731F-E532-4B62-AA5C-7C161B6282B5/L0/001 complete=true naturalWidth=120 naturalHeight=260 renderWidth=135 renderHeight=108 uri_bytes=10275
[PHOTOS_DEBUG] in_process_thumb_success asset_id=286C9553-48BE-42A2-8C40-AA8F32782D1A/L0/001 bytes=21999
[PHOTOS_DEBUG] in_process_thumb_success asset_id=07F769DB-0E5E-418B-86D9-A0FA181FAB5B/L0/001 bytes=32123
[PHOTOS_DEBUG] in_process_thumb_success asset_id=086582B5-2EA9-4605-8E19-82B3628D9F9E/L0/001 bytes=20275
[THUMB_RUNTIME] phase=gallery_load path=photos://asset/286C9553-48BE-42A2-8C40-AA8F32782D1A/L0/001 complete=true naturalWidth=120 naturalHeight=260 renderWidth=135 renderHeight=108 uri_bytes=21999
[THUMB_RUNTIME] phase=gallery_load path=photos://asset/07F769DB-0E5E-418B-86D9-A0FA181FAB5B/L0/001 complete=true naturalWidth=260 naturalHeight=146 renderWidth=135 renderHeight=108 uri_bytes=32123
[THUMB_RUNTIME] phase=gallery_load path=photos://asset/086582B5-2EA9-4605-8E19-82B3628D9F9E/L0/001 complete=true naturalWidth=120 naturalHeight=260 renderWidth=135 renderHeight=108 uri_bytes=20275
[PHOTOS_DEBUG] in_process_thumb_success asset_id=A46710D5-1482-4CF8-94FE-AC209B3F2E98/L0/001 bytes=21899
[THUMB_RUNTIME] phase=gallery_load path=photos://asset/A46710D5-1482-4CF8-94FE-AC209B3F2E98/L0/001 complete=true naturalWidth=260 naturalHeight=112 renderWidth=135 renderHeight=108 uri_bytes=21899
[PHOTOS_DEBUG] in_process_thumb_success asset_id=5F8DE87C-4877-4AFF-A5F3-63CA8CC16790/L0/001 bytes=14843
[THUMB_RUNTIME] phase=gallery_load path=photos://asset/5F8DE87C-4877-4AFF-A5F3-63CA8CC16790/L0/001 complete=true naturalWidth=187 naturalHeight=260 renderWidth=135 renderHeight=108 uri_bytes=14843
[PHOTOS_DEBUG] in_process_thumb_success asset_id=DCA18BEF-3217-4F8E-8A1A-E9DDF56B6154/L0/001 bytes=11443
[THUMB_RUNTIME] phase=gallery_load path=photos://asset/DCA18BEF-3217-4F8E-8A1A-E9DDF56B6154/L0/001 complete=true naturalWidth=120 naturalHeight=260 renderWidth=135 renderHeight=108 uri_bytes=11443
[PHOTOS_DEBUG] in_process_thumb_success asset_id=AA081FA8-F6D8-4EA6-AD41-EDABAB1BE99F/L0/001 bytes=8979
[PHOTOS_DEBUG] in_process_thumb_success asset_id=51EEEA46-006B-42B9-A3DF-5F77BDE5AA08/L0/001 bytes=19187
[PHOTOS_DEBUG] in_process_thumb_success asset_id=778DE165-AF15-4BE2-A15F-104AE59B7C51/L0/001 bytes=21623
[THUMB_RUNTIME] phase=gallery_load path=photos://asset/51EEEA46-006B-42B9-A3DF-5F77BDE5AA08/L0/001 complete=true naturalWidth=120 naturalHeight=260 renderWidth=135 renderHeight=108 uri_bytes=19187
[THUMB_RUNTIME] phase=gallery_load path=photos://asset/AA081FA8-F6D8-4EA6-AD41-EDABAB1BE99F/L0/001 complete=true naturalWidth=120 naturalHeight=260 renderWidth=135 renderHeight=108 uri_bytes=8979
[THUMB_RUNTIME] phase=gallery_load path=photos://asset/778DE165-AF15-4BE2-A15F-104AE59B7C51/L0/001 complete=true naturalWidth=254 naturalHeight=260 renderWidth=135 renderHeight=108 uri_bytes=21623
[PHOTOS_DEBUG] in_process_thumb_success asset_id=CB3F5E99-8940-4BB2-8941-E1D9FC957B59/L0/001 bytes=15443
[PHOTOS_DEBUG] in_process_thumb_success asset_id=EE4C2FD1-E829-44F4-8EF6-98347D7234F5/L0/001 bytes=14007
[THUMB_RUNTIME] phase=gallery_load path=photos://asset/CB3F5E99-8940-4BB2-8941-E1D9FC957B59/L0/001 complete=true naturalWidth=120 naturalHeight=260 renderWidth=135 renderHeight=108 uri_bytes=15443
[THUMB_RUNTIME] phase=gallery_load path=photos://asset/EE4C2FD1-E829-44F4-8EF6-98347D7234F5/L0/001 complete=true naturalWidth=260 naturalHeight=76 renderWidth=135 renderHeight=108 uri_bytes=14007
[PHOTOS_DEBUG] in_process_thumb_success asset_id=6A9E00C2-A4A4-4A12-BDB3-694EB4B51B87/L0/001 bytes=14151
[PHOTOS_DEBUG] in_process_thumb_success asset_id=4A0F350B-8D24-49D9-9304-897F5055BB50/L0/001 bytes=12851
[THUMB_RUNTIME] phase=gallery_load path=photos://asset/6A9E00C2-A4A4-4A12-BDB3-694EB4B51B87/L0/001 complete=true naturalWidth=120 naturalHeight=260 renderWidth=135 renderHeight=108 uri_bytes=14151
[THUMB_RUNTIME] phase=gallery_load path=photos://asset/4A0F350B-8D24-49D9-9304-897F5055BB50/L0/001 complete=true naturalWidth=185 naturalHeight=260 renderWidth=135 renderHeight=108 uri_bytes=12851
[PHOTOS_DEBUG] in_process_thumb_success asset_id=ED7FF7DC-7835-473C-A954-DA574BD6E6C2/L0/001 bytes=22903
[THUMB_RUNTIME] phase=gallery_load path=photos://asset/ED7FF7DC-7835-473C-A954-DA574BD6E6C2/L0/001 complete=true naturalWidth=260 naturalHeight=240 renderWidth=135 renderHeight=108 uri_bytes=22903
[PHOTOS_DEBUG] in_process_thumb_success asset_id=A300B50A-96B1-480F-8C71-3EB9DC68E251/L0/001 bytes=14099
[THUMB_RUNTIME] phase=gallery_load path=photos://asset/A300B50A-96B1-480F-8C71-3EB9DC68E251/L0/001 complete=true naturalWidth=120 naturalHeight=260 renderWidth=135 renderHeight=108 uri_bytes=14099
[PHOTOS_DEBUG] in_process_thumb_success asset_id=8FC86876-1422-4CA0-A555-49957FCBDC45/L0/001 bytes=4735
[PHOTOS_DEBUG] in_process_thumb_success asset_id=0463D6B4-19AD-4F86-8B87-5CEB34D696FC/L0/001 bytes=19123
[THUMB_RUNTIME] phase=gallery_load path=photos://asset/8FC86876-1422-4CA0-A555-49957FCBDC45/L0/001 complete=true naturalWidth=120 naturalHeight=260 renderWidth=135 renderHeight=108 uri_bytes=4735
[THUMB_RUNTIME] phase=gallery_load path=photos://asset/0463D6B4-19AD-4F86-8B87-5CEB34D696FC/L0/001 complete=true naturalWidth=260 naturalHeight=162 renderWidth=135 renderHeight=108 uri_bytes=19123
[PHOTOS_DEBUG] in_process_thumb_success asset_id=8FD41B69-E6D7-49E0-AB7E-D9040EFE6200/L0/001 bytes=27831
[PHOTOS_DEBUG] in_process_thumb_success asset_id=6811A860-9F87-407E-A476-F4FECB2F239A/L0/001 bytes=23507
[THUMB_RUNTIME] phase=gallery_load path=photos://asset/8FD41B69-E6D7-49E0-AB7E-D9040EFE6200/L0/001 complete=true naturalWidth=146 naturalHeight=260 renderWidth=135 renderHeight=108 uri_bytes=27831
[THUMB_RUNTIME] phase=gallery_load path=photos://asset/6811A860-9F87-407E-A476-F4FECB2F239A/L0/001 complete=true naturalWidth=146 naturalHeight=260 renderWidth=135 renderHeight=108 uri_bytes=23507
[PHOTOS_DEBUG] in_process_thumb_success asset_id=64285D20-492A-460F-B674-1755E22A598A/L0/001 bytes=12475
[THUMB_RUNTIME] phase=gallery_load path=photos://asset/64285D20-492A-460F-B674-1755E22A598A/L0/001 complete=true naturalWidth=120 naturalHeight=260 renderWidth=135 renderHeight=108 uri_bytes=12475
[PHOTOS_DEBUG] in_process_thumb_success asset_id=0747E91C-BA59-44DA-8C5E-D5A8A1E0252A/L0/001 bytes=20803
[PHOTOS_DEBUG] in_process_thumb_success asset_id=4DC59BA5-D134-48E4-93BF-50472EA69D89/L0/001 bytes=10651
[THUMB_RUNTIME] phase=gallery_load path=photos://asset/0747E91C-BA59-44DA-8C5E-D5A8A1E0252A/L0/001 complete=true naturalWidth=120 naturalHeight=260 renderWidth=135 renderHeight=108 uri_bytes=20803
[THUMB_RUNTIME] phase=gallery_load path=photos://asset/4DC59BA5-D134-48E4-93BF-50472EA69D89/L0/001 complete=true naturalWidth=120 naturalHeight=260 renderWidth=135 renderHeight=108 uri_bytes=10651
[PHOTOS_DEBUG] in_process_thumb_success asset_id=529D8C4B-3CEE-413C-B396-8F12BA379BFE/L0/001 bytes=19695
[THUMB_RUNTIME] phase=gallery_load path=photos://asset/529D8C4B-3CEE-413C-B396-8F12BA379BFE/L0/001 complete=true naturalWidth=120 naturalHeight=260 renderWidth=135 renderHeight=108 uri_bytes=19695
[PHOTOS_DEBUG] in_process_thumb_success asset_id=E35AE33C-EE40-4E11-B250-8AD3C710CAAC/L0/001 bytes=24351
[THUMB_RUNTIME] phase=gallery_load path=photos://asset/E35AE33C-EE40-4E11-B250-8AD3C710CAAC/L0/001 complete=true naturalWidth=196 naturalHeight=260 renderWidth=135 renderHeight=108 uri_bytes=24351
[PHOTOS_DEBUG] in_process_thumb_success asset_id=91D12FE5-D775-4773-B531-60B4F510279D/L0/001 bytes=18795
[THUMB_RUNTIME] phase=gallery_load path=photos://asset/91D12FE5-D775-4773-B531-60B4F510279D/L0/001 complete=true naturalWidth=156 naturalHeight=260 renderWidth=135 renderHeight=108 uri_bytes=18795
[PHOTOS_DEBUG] in_process_thumb_success asset_id=3AB846BE-AEB9-4696-80C8-B2EFC3912F66/L0/001 bytes=25639
[THUMB_RUNTIME] phase=gallery_load path=photos://asset/3AB846BE-AEB9-4696-80C8-B2EFC3912F66/L0/001 complete=true naturalWidth=196 naturalHeight=260 renderWidth=135 renderHeight=108 uri_bytes=25639
[PHOTOS_DEBUG] in_process_thumb_success asset_id=F8EFE244-7B10-440C-BD92-0DBBC92F4FEC/L0/001 bytes=21347
[THUMB_RUNTIME] phase=gallery_load path=photos://asset/F8EFE244-7B10-440C-BD92-0DBBC92F4FEC/L0/001 complete=true naturalWidth=196 naturalHeight=260 renderWidth=135 renderHeight=108 uri_bytes=21347
[PHOTOS_DEBUG] in_process_thumb_success asset_id=0503F4E5-BC54-4F1C-B2A1-1C8596781F35/L0/001 bytes=28259
[THUMB_RUNTIME] phase=gallery_load path=photos://asset/0503F4E5-BC54-4F1C-B2A1-1C8596781F35/L0/001 complete=true naturalWidth=196 naturalHeight=260 renderWidth=135 renderHeight=108 uri_bytes=28259
[PHOTOS_DEBUG] in_process_thumb_success asset_id=88E34304-1621-442A-AE42-715660E4E1DC/L0/001 bytes=28503
[THUMB_RUNTIME] phase=gallery_load path=photos://asset/88E34304-1621-442A-AE42-715660E4E1DC/L0/001 complete=true naturalWidth=196 naturalHeight=260 renderWidth=135 renderHeight=108 uri_bytes=28503
[PHOTOS_DEBUG] in_process_thumb_success asset_id=CCB4FBA2-1CF9-4811-B832-107A6A220197/L0/001 bytes=23331
[THUMB_RUNTIME] phase=gallery_load path=photos://asset/CCB4FBA2-1CF9-4811-B832-107A6A220197/L0/001 complete=true naturalWidth=196 naturalHeight=260 renderWidth=135 renderHeight=108 uri_bytes=23331
[PHOTOS_DEBUG] in_process_thumb_success asset_id=29755E84-F94A-478E-A663-A70F28F08704/L0/001 bytes=34179
[THUMB_RUNTIME] phase=gallery_load path=photos://asset/29755E84-F94A-478E-A663-A70F28F08704/L0/001 complete=true naturalWidth=196 naturalHeight=260 renderWidth=135 renderHeight=108 uri_bytes=34179
[PHOTOS_DEBUG] in_process_thumb_success asset_id=85158FA6-0B41-419C-97EB-5A360441CCA9/L0/001 bytes=19187
[THUMB_RUNTIME] phase=gallery_load path=photos://asset/85158FA6-0B41-419C-97EB-5A360441CCA9/L0/001 complete=true naturalWidth=196 naturalHeight=260 renderWidth=135 renderHeight=108 uri_bytes=19187
[PHOTOS_DEBUG] in_process_thumb_success asset_id=6A127F3B-3A30-4F53-92BA-B0B9A0C0D6C2/L0/001 bytes=28059
[THUMB_RUNTIME] phase=gallery_load path=photos://asset/6A127F3B-3A30-4F53-92BA-B0B9A0C0D6C2/L0/001 complete=true naturalWidth=196 naturalHeight=260 renderWidth=135 renderHeight=108 uri_bytes=28059
[PHOTOS_DEBUG] in_process_thumb_success asset_id=C4FAF116-295A-40A4-9328-C0EEA1C4586C/L0/001 bytes=24391
[PHOTOS_DEBUG] in_process_thumb_success asset_id=F018E487-E08F-4189-B0E0-E54CDD3EA270/L0/001 bytes=20287
[THUMB_RUNTIME] phase=gallery_load path=photos://asset/C4FAF116-295A-40A4-9328-C0EEA1C4586C/L0/001 complete=true naturalWidth=196 naturalHeight=260 renderWidth=135 renderHeight=108 uri_bytes=24391
[THUMB_RUNTIME] phase=gallery_load path=photos://asset/F018E487-E08F-4189-B0E0-E54CDD3EA270/L0/001 complete=true naturalWidth=196 naturalHeight=260 renderWidth=135 renderHeight=108 uri_bytes=20287
[PHOTOS_DEBUG] in_process_thumb_success asset_id=95AB0758-DC5E-48EB-9D58-B0771EBC55F1/L0/001 bytes=26191
[THUMB_RUNTIME] phase=gallery_load path=photos://asset/95AB0758-DC5E-48EB-9D58-B0771EBC55F1/L0/001 complete=true naturalWidth=196 naturalHeight=260 renderWidth=135 renderHeight=108 uri_bytes=26191
[PHOTOS_DEBUG] in_process_thumb_success asset_id=5710BE83-882E-4150-AE56-2EF4DB25CD33/L0/001 bytes=22771
[THUMB_RUNTIME] phase=gallery_load path=photos://asset/5710BE83-882E-4150-AE56-2EF4DB25CD33/L0/001 complete=true naturalWidth=196 naturalHeight=260 renderWidth=135 renderHeight=108 uri_bytes=22771
[PHOTOS_DEBUG] in_process_thumb_success asset_id=088274B8-0B9E-4939-BD90-D3840BB82BAD/L0/001 bytes=33339
[PHOTOS_DEBUG] in_process_thumb_success asset_id=5BC7F352-46CA-415C-BF73-34149E27BBA7/L0/001 bytes=17235
[THUMB_RUNTIME] phase=gallery_load path=photos://asset/5BC7F352-46CA-415C-BF73-34149E27BBA7/L0/001 complete=true naturalWidth=196 naturalHeight=260 renderWidth=135 renderHeight=108 uri_bytes=17235
[THUMB_RUNTIME] phase=gallery_load path=photos://asset/088274B8-0B9E-4939-BD90-D3840BB82BAD/L0/001 complete=true naturalWidth=196 naturalHeight=260 renderWidth=135 renderHeight=108 uri_bytes=33339
[PHOTOS_DEBUG] in_process_thumb_success asset_id=A0831C6B-D745-4E4F-A2EC-EAEC989CECE8/L0/001 bytes=16467
[THUMB_RUNTIME] phase=gallery_load path=photos://asset/A0831C6B-D745-4E4F-A2EC-EAEC989CECE8/L0/001 complete=true naturalWidth=196 naturalHeight=260 renderWidth=135 renderHeight=108 uri_bytes=16467
[PHOTOS_DEBUG] in_process_thumb_success asset_id=667598D1-FC6E-47EF-8FC2-D4C2FC1A6733/L0/001 bytes=24779
[THUMB_RUNTIME] phase=gallery_load path=photos://asset/667598D1-FC6E-47EF-8FC2-D4C2FC1A6733/L0/001 complete=true naturalWidth=196 naturalHeight=260 renderWidth=135 renderHeight=108 uri_bytes=24779
[PHOTOS_DEBUG] in_process_thumb_success asset_id=F665617B-DED4-4405-95A6-0E8DA6F45BAE/L0/001 bytes=18063
[THUMB_RUNTIME] phase=gallery_load path=photos://asset/F665617B-DED4-4405-95A6-0E8DA6F45BAE/L0/001 complete=true naturalWidth=196 naturalHeight=260 renderWidth=135 renderHeight=108 uri_bytes=18063
[PHOTOS_DEBUG] in_process_thumb_success asset_id=C5102003-DED0-4409-9E61-E3D66091EB88/L0/001 bytes=23955
[THUMB_RUNTIME] phase=gallery_load path=photos://asset/C5102003-DED0-4409-9E61-E3D66091EB88/L0/001 complete=true naturalWidth=196 naturalHeight=260 renderWidth=135 renderHeight=108 uri_bytes=23955
[PHOTOS_DEBUG] in_process_thumb_success asset_id=2872DA49-5072-497D-8382-F40999073C7B/L0/001 bytes=26507
[THUMB_RUNTIME] phase=gallery_load path=photos://asset/2872DA49-5072-497D-8382-F40999073C7B/L0/001 complete=true naturalWidth=196 naturalHeight=260 renderWidth=135 renderHeight=108 uri_bytes=26507
[PHOTOS_DEBUG] in_process_thumb_success asset_id=EB9E1987-238C-497E-8F87-EBE12782D1B7/L0/001 bytes=24831
[THUMB_RUNTIME] phase=gallery_load path=photos://asset/EB9E1987-238C-497E-8F87-EBE12782D1B7/L0/001 complete=true naturalWidth=196 naturalHeight=260 renderWidth=135 renderHeight=108 uri_bytes=24831
[PHOTOS_DEBUG] in_process_thumb_success asset_id=82E775E3-404A-4349-8CD4-56CC3A25F68D/L0/001 bytes=27351
[THUMB_RUNTIME] phase=gallery_load path=photos://asset/82E775E3-404A-4349-8CD4-56CC3A25F68D/L0/001 complete=true naturalWidth=196 naturalHeight=260 renderWidth=135 renderHeight=108 uri_bytes=27351
[PHOTOS_DEBUG] in_process_thumb_success asset_id=DD1D6B16-2151-4E46-BE6F-A627022B0491/L0/001 bytes=25159
[THUMB_RUNTIME] phase=gallery_load path=photos://asset/DD1D6B16-2151-4E46-BE6F-A627022B0491/L0/001 complete=true naturalWidth=196 naturalHeight=260 renderWidth=135 renderHeight=108 uri_bytes=25159
[PHOTOS_DEBUG] in_process_thumb_success asset_id=9D54244C-4FD5-4E34-B190-32586C95D3BE/L0/001 bytes=25015
[THUMB_RUNTIME] phase=gallery_load path=photos://asset/9D54244C-4FD5-4E34-B190-32586C95D3BE/L0/001 complete=true naturalWidth=196 naturalHeight=260 renderWidth=135 renderHeight=108 uri_bytes=25015
[PHOTOS_DEBUG] in_process_thumb_success asset_id=C8D9D240-DEF4-4F5A-A2E8-B46E30F7C6DF/L0/001 bytes=25955
[THUMB_RUNTIME] phase=gallery_load path=photos://asset/C8D9D240-DEF4-4F5A-A2E8-B46E30F7C6DF/L0/001 complete=true naturalWidth=196 naturalHeight=260 renderWidth=135 renderHeight=108 uri_bytes=25955
[PHOTOS_DEBUG] in_process_thumb_success asset_id=69EC8E33-E961-4DA9-B7F4-1C8077C87915/L0/001 bytes=23935
[PHOTOS_DEBUG] in_process_thumb_success asset_id=842552A7-4D8E-40E5-B998-CFFEB284F0FA/L0/001 bytes=25007
[PHOTOS_DEBUG] in_process_thumb_success asset_id=5D8D1E54-C79A-44A8-96D5-9E4F176F25BF/L0/001 bytes=35631
[THUMB_RUNTIME] phase=gallery_load path=photos://asset/69EC8E33-E961-4DA9-B7F4-1C8077C87915/L0/001 complete=true naturalWidth=196 naturalHeight=260 renderWidth=135 renderHeight=108 uri_bytes=23935
[THUMB_RUNTIME] phase=gallery_load path=photos://asset/842552A7-4D8E-40E5-B998-CFFEB284F0FA/L0/001 complete=true naturalWidth=196 naturalHeight=260 renderWidth=135 renderHeight=108 uri_bytes=25007
[PHOTOS_DEBUG] in_process_thumb_success asset_id=B3633772-FF96-4F8C-A9E8-BF59A6CFA915/L0/001 bytes=16083
[THUMB_RUNTIME] phase=gallery_load path=photos://asset/5D8D1E54-C79A-44A8-96D5-9E4F176F25BF/L0/001 complete=true naturalWidth=196 naturalHeight=260 renderWidth=135 renderHeight=108 uri_bytes=35631
[THUMB_RUNTIME] phase=gallery_load path=photos://asset/B3633772-FF96-4F8C-A9E8-BF59A6CFA915/L0/001 complete=true naturalWidth=196 naturalHeight=260 renderWidth=135 renderHeight=108 uri_bytes=16083
[PHOTOS_DEBUG] in_process=yes photos_auth_status=authorized photos_asset_count=80 photos_result_count=80
[BROWSER] location=Pictures resolved=/Users/yilonglin/Pictures exists=yes permission=yes raw_count=4 filtered_count=80 image_count=80 error=none
[PHOTOS_DEBUG] pictures_path=/Users/yilonglin/Pictures pictures_file_count=0 raw_count=4 photos_auth_status=authorized photos_asset_count=80 photos_result_count=80 total_entries=80
[PHOTOS_DEBUG] in_process_thumb_success asset_id=3996ED3D-F391-427B-82E0-5080BEBFE306/L0/001 bytes=13443
[GALLERY_LAYOUT] clientWidth=942 scrollWidth=942 clientHeight=412 scrollHeight=3225 horizontal=false vertical=true
[THUMB_RUNTIME] phase=gallery_load path=photos://asset/3996ED3D-F391-427B-82E0-5080BEBFE306/L0/001 complete=true naturalWidth=167 naturalHeight=260 renderWidth=166 renderHeight=135 uri_bytes=13443
[PHOTOS_DEBUG] in_process_thumb_success asset_id=DEBBA9A2-88CA-429C-823E-C4B15D64CE0C/L0/001 bytes=14043
[PHOTOS_DEBUG] in_process_thumb_success asset_id=5762A0CE-356A-481C-A296-73D0A23C2107/L0/001 bytes=25631
[THUMB_RUNTIME] phase=gallery_load path=photos://asset/DEBBA9A2-88CA-429C-823E-C4B15D64CE0C/L0/001 complete=true naturalWidth=146 naturalHeight=260 renderWidth=166 renderHeight=135 uri_bytes=14043
[PHOTOS_DEBUG] in_process_thumb_success asset_id=C55AB001-423F-4D44-B3D8-AC3C40CDDAC8/L0/001 bytes=23759
[THUMB_RUNTIME] phase=gallery_load path=photos://asset/5762A0CE-356A-481C-A296-73D0A23C2107/L0/001 complete=true naturalWidth=146 naturalHeight=260 renderWidth=166 renderHeight=135 uri_bytes=25631
[THUMB_RUNTIME] phase=gallery_load path=photos://asset/C55AB001-423F-4D44-B3D8-AC3C40CDDAC8/L0/001 complete=true naturalWidth=146 naturalHeight=260 renderWidth=166 renderHeight=135 uri_bytes=23759
[PHOTOS_DEBUG] in_process_thumb_success asset_id=3417EDFA-5EDE-466D-A8A6-6C5F335C1793/L0/001 bytes=16215
[THUMB_RUNTIME] phase=gallery_load path=photos://asset/3417EDFA-5EDE-466D-A8A6-6C5F335C1793/L0/001 complete=true naturalWidth=120 naturalHeight=260 renderWidth=166 renderHeight=135 uri_bytes=16215
[PHOTOS_DEBUG] in_process_thumb_success asset_id=3AF3AEEC-D43B-43AA-9C86-5321DAE085BE/L0/001 bytes=18763
[THUMB_RUNTIME] phase=gallery_load path=photos://asset/3AF3AEEC-D43B-43AA-9C86-5321DAE085BE/L0/001 complete=true naturalWidth=120 naturalHeight=260 renderWidth=166 renderHeight=135 uri_bytes=18763
[PHOTOS_DEBUG] in_process_thumb_success asset_id=FE91AE8C-5D84-4E6C-B979-E4A07A5EB392/L0/001 bytes=28843
[PHOTOS_DEBUG] in_process_thumb_success asset_id=E9650388-348C-4E4B-88E3-50B762EA834D/L0/001 bytes=13907
[PHOTOS_DEBUG] in_process_thumb_success asset_id=D2C8F2BB-0BCC-4DA1-A8CE-767D09B99A3D/L0/001 bytes=13551
[THUMB_RUNTIME] phase=gallery_load path=photos://asset/E9650388-348C-4E4B-88E3-50B762EA834D/L0/001 complete=true naturalWidth=120 naturalHeight=260 renderWidth=166 renderHeight=135 uri_bytes=13907
[THUMB_RUNTIME] phase=gallery_load path=photos://asset/D2C8F2BB-0BCC-4DA1-A8CE-767D09B99A3D/L0/001 complete=true naturalWidth=169 naturalHeight=260 renderWidth=166 renderHeight=135 uri_bytes=13551
[THUMB_RUNTIME] phase=gallery_load path=photos://asset/FE91AE8C-5D84-4E6C-B979-E4A07A5EB392/L0/001 complete=true naturalWidth=146 naturalHeight=260 renderWidth=166 renderHeight=135 uri_bytes=28843
[PHOTOS_DEBUG] in_process_thumb_success asset_id=C3BB8688-707F-4495-837E-28BE7BD6A776/L0/001 bytes=25923
[PHOTOS_DEBUG] in_process_thumb_success asset_id=087AFEC9-6A07-4DC0-AA87-612DF7E56E1B/L0/001 bytes=16271
[THUMB_RUNTIME] phase=gallery_load path=photos://asset/087AFEC9-6A07-4DC0-AA87-612DF7E56E1B/L0/001 complete=true naturalWidth=120 naturalHeight=260 renderWidth=166 renderHeight=135 uri_bytes=16271
[THUMB_RUNTIME] phase=gallery_load path=photos://asset/C3BB8688-707F-4495-837E-28BE7BD6A776/L0/001 complete=true naturalWidth=146 naturalHeight=260 renderWidth=166 renderHeight=135 uri_bytes=25923
[PHOTOS_DEBUG] in_process_thumb_success asset_id=14A2F553-7A09-49F4-8F36-7B20B6C02A9D/L0/001 bytes=12923
[THUMB_RUNTIME] phase=gallery_load path=photos://asset/14A2F553-7A09-49F4-8F36-7B20B6C02A9D/L0/001 complete=true naturalWidth=120 naturalHeight=260 renderWidth=166 renderHeight=135 uri_bytes=12923
[PHOTOS_DEBUG] in_process_thumb_success asset_id=7B299703-5CEA-4D34-AC13-4E13FA030FE5/L0/001 bytes=18355
[THUMB_RUNTIME] phase=gallery_load path=photos://asset/7B299703-5CEA-4D34-AC13-4E13FA030FE5/L0/001 complete=true naturalWidth=120 naturalHeight=260 renderWidth=166 renderHeight=135 uri_bytes=18355
[PHOTOS_DEBUG] in_process_thumb_success asset_id=5EFF61F8-4F87-407E-8D6F-06F6740DB73C/L0/001 bytes=16763
[PHOTOS_DEBUG] in_process_thumb_success asset_id=1181DE8C-9E2D-4779-A760-EC5362137286/L0/001 bytes=19023
[THUMB_RUNTIME] phase=gallery_load path=photos://asset/5EFF61F8-4F87-407E-8D6F-06F6740DB73C/L0/001 complete=true naturalWidth=120 naturalHeight=260 renderWidth=166 renderHeight=135 uri_bytes=16763
[THUMB_RUNTIME] phase=gallery_load path=photos://asset/1181DE8C-9E2D-4779-A760-EC5362137286/L0/001 complete=true naturalWidth=120 naturalHeight=260 renderWidth=166 renderHeight=135 uri_bytes=19023
[PHOTOS_DEBUG] in_process_thumb_success asset_id=A145E6EC-A6C1-49EA-AF82-9AC3C67CB951/L0/001 bytes=12651
[THUMB_RUNTIME] phase=gallery_load path=photos://asset/A145E6EC-A6C1-49EA-AF82-9AC3C67CB951/L0/001 complete=true naturalWidth=120 naturalHeight=260 renderWidth=166 renderHeight=135 uri_bytes=12651
[PHOTOS_DEBUG] in_process_thumb_success asset_id=4EC4DD34-3C41-4ED5-B795-49F00CDB3F01/L0/001 bytes=10523
[THUMB_RUNTIME] phase=gallery_load path=photos://asset/4EC4DD34-3C41-4ED5-B795-49F00CDB3F01/L0/001 complete=true naturalWidth=120 naturalHeight=260 renderWidth=166 renderHeight=135 uri_bytes=10523
[PHOTOS_DEBUG] in_process_thumb_success asset_id=057ABF65-831E-46B8-9851-EEBDBD6FED4D/L0/001 bytes=17551
[PHOTOS_DEBUG] in_process_thumb_success asset_id=4DC59BA5-D134-48E4-93BF-50472EA69D89/L0/001 bytes=10651
[PHOTOS_DEBUG] in_process_thumb_success asset_id=0F101A83-918B-413E-B112-7567819EEFDC/L0/001 bytes=19083
[THUMB_RUNTIME] phase=gallery_load path=photos://asset/057ABF65-831E-46B8-9851-EEBDBD6FED4D/L0/001 complete=true naturalWidth=120 naturalHeight=260 renderWidth=166 renderHeight=135 uri_bytes=17551
[THUMB_RUNTIME] phase=gallery_load path=photos://asset/4DC59BA5-D134-48E4-93BF-50472EA69D89/L0/001 complete=true naturalWidth=120 naturalHeight=260 renderWidth=166 renderHeight=135 uri_bytes=10651
[PHOTOS_DEBUG] in_process_thumb_success asset_id=F420F813-2013-4627-961A-70ABC0F2AA22/L0/001 bytes=19095
[THUMB_RUNTIME] phase=gallery_load path=photos://asset/0F101A83-918B-413E-B112-7567819EEFDC/L0/001 complete=true naturalWidth=120 naturalHeight=260 renderWidth=166 renderHeight=135 uri_bytes=19083
[PHOTOS_DEBUG] in_process_thumb_success asset_id=02AE3CE4-F3F5-4592-A565-F471ABFB06CE/L0/001 bytes=24439
[THUMB_RUNTIME] phase=gallery_load path=photos://asset/F420F813-2013-4627-961A-70ABC0F2AA22/L0/001 complete=true naturalWidth=120 naturalHeight=260 renderWidth=166 renderHeight=135 uri_bytes=19095
[THUMB_RUNTIME] phase=gallery_load path=photos://asset/02AE3CE4-F3F5-4592-A565-F471ABFB06CE/L0/001 complete=true naturalWidth=173 naturalHeight=260 renderWidth=166 renderHeight=135 uri_bytes=24439
[PHOTOS_DEBUG] in_process_thumb_success asset_id=94A098A1-5220-4C4F-AB0D-D534698551A4/L0/001 bytes=20679
[THUMB_RUNTIME] phase=gallery_load path=photos://asset/94A098A1-5220-4C4F-AB0D-D534698551A4/L0/001 complete=true naturalWidth=120 naturalHeight=260 renderWidth=166 renderHeight=135 uri_bytes=20679
[PHOTOS_DEBUG] in_process_thumb_success asset_id=AA081FA8-F6D8-4EA6-AD41-EDABAB1BE99F/L0/001 bytes=8979
[PHOTOS_DEBUG] in_process_thumb_success asset_id=C1F3ECAC-EE19-4A67-AD03-333DEE3FCA5A/L0/001 bytes=15735
[PHOTOS_DEBUG] in_process_thumb_success asset_id=83D5731F-E532-4B62-AA5C-7C161B6282B5/L0/001 bytes=10275
[THUMB_RUNTIME] phase=gallery_load path=photos://asset/AA081FA8-F6D8-4EA6-AD41-EDABAB1BE99F/L0/001 complete=true naturalWidth=120 naturalHeight=260 renderWidth=166 renderHeight=135 uri_bytes=8979
[THUMB_RUNTIME] phase=gallery_load path=photos://asset/C1F3ECAC-EE19-4A67-AD03-333DEE3FCA5A/L0/001 complete=true naturalWidth=120 naturalHeight=260 renderWidth=166 renderHeight=135 uri_bytes=15735
[PHOTOS_DEBUG] in_process_thumb_success asset_id=9088C68A-5F09-4E3D-95BD-D515FCFFB428/L0/001 bytes=11275
[THUMB_RUNTIME] phase=gallery_load path=photos://asset/83D5731F-E532-4B62-AA5C-7C161B6282B5/L0/001 complete=true naturalWidth=120 naturalHeight=260 renderWidth=166 renderHeight=135 uri_bytes=10275
[THUMB_RUNTIME] phase=gallery_load path=photos://asset/9088C68A-5F09-4E3D-95BD-D515FCFFB428/L0/001 complete=true naturalWidth=120 naturalHeight=260 renderWidth=166 renderHeight=135 uri_bytes=11275
[PHOTOS_DEBUG] in_process_thumb_success asset_id=778DE165-AF15-4BE2-A15F-104AE59B7C51/L0/001 bytes=21623
[PHOTOS_DEBUG] in_process_thumb_success asset_id=51EEEA46-006B-42B9-A3DF-5F77BDE5AA08/L0/001 bytes=19187
[THUMB_RUNTIME] phase=gallery_load path=photos://asset/778DE165-AF15-4BE2-A15F-104AE59B7C51/L0/001 complete=true naturalWidth=254 naturalHeight=260 renderWidth=166 renderHeight=135 uri_bytes=21623
[THUMB_RUNTIME] phase=gallery_load path=photos://asset/51EEEA46-006B-42B9-A3DF-5F77BDE5AA08/L0/001 complete=true naturalWidth=120 naturalHeight=260 renderWidth=166 renderHeight=135 uri_bytes=19187
[PHOTOS_DEBUG] in_process_thumb_success asset_id=5F8DE87C-4877-4AFF-A5F3-63CA8CC16790/L0/001 bytes=14843
[THUMB_RUNTIME] phase=gallery_load path=photos://asset/5F8DE87C-4877-4AFF-A5F3-63CA8CC16790/L0/001 complete=true naturalWidth=187 naturalHeight=260 renderWidth=166 renderHeight=135 uri_bytes=14843
[PHOTOS_DEBUG] in_process_thumb_success asset_id=086582B5-2EA9-4605-8E19-82B3628D9F9E/L0/001 bytes=20275
[PHOTOS_DEBUG] in_process_thumb_success asset_id=07F769DB-0E5E-418B-86D9-A0FA181FAB5B/L0/001 bytes=32123
[THUMB_RUNTIME] phase=gallery_load path=photos://asset/086582B5-2EA9-4605-8E19-82B3628D9F9E/L0/001 complete=true naturalWidth=120 naturalHeight=260 renderWidth=166 renderHeight=135 uri_bytes=20275
[PHOTOS_DEBUG] in_process_thumb_success asset_id=529D8C4B-3CEE-413C-B396-8F12BA379BFE/L0/001 bytes=19695
[PHOTOS_DEBUG] in_process_thumb_success asset_id=DCA18BEF-3217-4F8E-8A1A-E9DDF56B6154/L0/001 bytes=11443
[THUMB_RUNTIME] phase=gallery_load path=photos://asset/07F769DB-0E5E-418B-86D9-A0FA181FAB5B/L0/001 complete=true naturalWidth=260 naturalHeight=146 renderWidth=166 renderHeight=135 uri_bytes=32123
[THUMB_RUNTIME] phase=gallery_load path=photos://asset/529D8C4B-3CEE-413C-B396-8F12BA379BFE/L0/001 complete=true naturalWidth=120 naturalHeight=260 renderWidth=166 renderHeight=135 uri_bytes=19695
[THUMB_RUNTIME] phase=gallery_load path=photos://asset/DCA18BEF-3217-4F8E-8A1A-E9DDF56B6154/L0/001 complete=true naturalWidth=120 naturalHeight=260 renderWidth=166 renderHeight=135 uri_bytes=11443
[PHOTOS_DEBUG] in_process_thumb_success asset_id=A46710D5-1482-4CF8-94FE-AC209B3F2E98/L0/001 bytes=21899
[PHOTOS_DEBUG] in_process_thumb_success asset_id=A5E80D84-6525-4F30-B8BF-2BDC4526A30D/L0/001 bytes=28683
[THUMB_RUNTIME] phase=gallery_load path=photos://asset/A46710D5-1482-4CF8-94FE-AC209B3F2E98/L0/001 complete=true naturalWidth=260 naturalHeight=112 renderWidth=166 renderHeight=135 uri_bytes=21899
[THUMB_RUNTIME] phase=gallery_load path=photos://asset/A5E80D84-6525-4F30-B8BF-2BDC4526A30D/L0/001 complete=true naturalWidth=260 naturalHeight=144 renderWidth=166 renderHeight=135 uri_bytes=28683
[PHOTOS_DEBUG] in_process_thumb_success asset_id=A49FAC2C-82BE-4F88-A193-B3EF2E16F5A5/L0/001 bytes=10867
[PHOTOS_DEBUG] in_process_thumb_success asset_id=286C9553-48BE-42A2-8C40-AA8F32782D1A/L0/001 bytes=21999
[PHOTOS_DEBUG] in_process_thumb_success asset_id=0463D6B4-19AD-4F86-8B87-5CEB34D696FC/L0/001 bytes=19123
[THUMB_RUNTIME] phase=gallery_load path=photos://asset/A49FAC2C-82BE-4F88-A193-B3EF2E16F5A5/L0/001 complete=true naturalWidth=120 naturalHeight=260 renderWidth=166 renderHeight=135 uri_bytes=10867
[THUMB_RUNTIME] phase=gallery_load path=photos://asset/286C9553-48BE-42A2-8C40-AA8F32782D1A/L0/001 complete=true naturalWidth=120 naturalHeight=260 renderWidth=166 renderHeight=135 uri_bytes=21999
[THUMB_RUNTIME] phase=gallery_load path=photos://asset/0463D6B4-19AD-4F86-8B87-5CEB34D696FC/L0/001 complete=true naturalWidth=260 naturalHeight=162 renderWidth=166 renderHeight=135 uri_bytes=19123
[PHOTOS_DEBUG] in_process_thumb_success asset_id=64285D20-492A-460F-B674-1755E22A598A/L0/001 bytes=12475
[THUMB_RUNTIME] phase=gallery_load path=photos://asset/64285D20-492A-460F-B674-1755E22A598A/L0/001 complete=true naturalWidth=120 naturalHeight=260 renderWidth=166 renderHeight=135 uri_bytes=12475
[PHOTOS_DEBUG] in_process_thumb_success asset_id=6A9E00C2-A4A4-4A12-BDB3-694EB4B51B87/L0/001 bytes=14151
[PHOTOS_DEBUG] in_process_thumb_success asset_id=ED7FF7DC-7835-473C-A954-DA574BD6E6C2/L0/001 bytes=22903
[PHOTOS_DEBUG] in_process_thumb_success asset_id=4A0F350B-8D24-49D9-9304-897F5055BB50/L0/001 bytes=12851
[PHOTOS_DEBUG] in_process_thumb_success asset_id=EE4C2FD1-E829-44F4-8EF6-98347D7234F5/L0/001 bytes=14007
[PHOTOS_DEBUG] in_process_thumb_success asset_id=0747E91C-BA59-44DA-8C5E-D5A8A1E0252A/L0/001 bytes=20803
[PHOTOS_DEBUG] in_process_thumb_success asset_id=CB3F5E99-8940-4BB2-8941-E1D9FC957B59/L0/001 bytes=15443
[PHOTOS_DEBUG] in_process_thumb_success asset_id=8FC86876-1422-4CA0-A555-49957FCBDC45/L0/001 bytes=4735
[PHOTOS_DEBUG] in_process_thumb_success asset_id=A300B50A-96B1-480F-8C71-3EB9DC68E251/L0/001 bytes=14099
[PHOTOS_DEBUG] in_process_thumb_success asset_id=8FD41B69-E6D7-49E0-AB7E-D9040EFE6200/L0/001 bytes=27831
[THUMB_RUNTIME] phase=gallery_load path=photos://asset/6A9E00C2-A4A4-4A12-BDB3-694EB4B51B87/L0/001 complete=true naturalWidth=120 naturalHeight=260 renderWidth=166 renderHeight=135 uri_bytes=14151
[THUMB_RUNTIME] phase=gallery_load path=photos://asset/ED7FF7DC-7835-473C-A954-DA574BD6E6C2/L0/001 complete=true naturalWidth=260 naturalHeight=240 renderWidth=166 renderHeight=135 uri_bytes=22903
[THUMB_RUNTIME] phase=gallery_load path=photos://asset/4A0F350B-8D24-49D9-9304-897F5055BB50/L0/001 complete=true naturalWidth=185 naturalHeight=260 renderWidth=166 renderHeight=135 uri_bytes=12851
[THUMB_RUNTIME] phase=gallery_load path=photos://asset/EE4C2FD1-E829-44F4-8EF6-98347D7234F5/L0/001 complete=true naturalWidth=260 naturalHeight=76 renderWidth=166 renderHeight=135 uri_bytes=14007
[THUMB_RUNTIME] phase=gallery_load path=photos://asset/0747E91C-BA59-44DA-8C5E-D5A8A1E0252A/L0/001 complete=true naturalWidth=120 naturalHeight=260 renderWidth=166 renderHeight=135 uri_bytes=20803
[THUMB_RUNTIME] phase=gallery_load path=photos://asset/CB3F5E99-8940-4BB2-8941-E1D9FC957B59/L0/001 complete=true naturalWidth=120 naturalHeight=260 renderWidth=166 renderHeight=135 uri_bytes=15443
[THUMB_RUNTIME] phase=gallery_load path=photos://asset/8FC86876-1422-4CA0-A555-49957FCBDC45/L0/001 complete=true naturalWidth=120 naturalHeight=260 renderWidth=166 renderHeight=135 uri_bytes=4735
[THUMB_RUNTIME] phase=gallery_load path=photos://asset/A300B50A-96B1-480F-8C71-3EB9DC68E251/L0/001 complete=true naturalWidth=120 naturalHeight=260 renderWidth=166 renderHeight=135 uri_bytes=14099
[THUMB_RUNTIME] phase=gallery_load path=photos://asset/8FD41B69-E6D7-49E0-AB7E-D9040EFE6200/L0/001 complete=true naturalWidth=146 naturalHeight=260 renderWidth=166 renderHeight=135 uri_bytes=27831
[PHOTOS_DEBUG] in_process_thumb_success asset_id=6811A860-9F87-407E-A476-F4FECB2F239A/L0/001 bytes=23507
[THUMB_RUNTIME] phase=gallery_load path=photos://asset/6811A860-9F87-407E-A476-F4FECB2F239A/L0/001 complete=true naturalWidth=146 naturalHeight=260 renderWidth=166 renderHeight=135 uri_bytes=23507
[PHOTOS_DEBUG] in_process_thumb_success asset_id=91D12FE5-D775-4773-B531-60B4F510279D/L0/001 bytes=18795
[THUMB_RUNTIME] phase=gallery_load path=photos://asset/91D12FE5-D775-4773-B531-60B4F510279D/L0/001 complete=true naturalWidth=156 naturalHeight=260 renderWidth=166 renderHeight=135 uri_bytes=18795
[PHOTOS_DEBUG] in_process_thumb_success asset_id=3AB846BE-AEB9-4696-80C8-B2EFC3912F66/L0/001 bytes=25639
[THUMB_RUNTIME] phase=gallery_load path=photos://asset/3AB846BE-AEB9-4696-80C8-B2EFC3912F66/L0/001 complete=true naturalWidth=196 naturalHeight=260 renderWidth=166 renderHeight=135 uri_bytes=25639
[PHOTOS_DEBUG] in_process_thumb_success asset_id=E35AE33C-EE40-4E11-B250-8AD3C710CAAC/L0/001 bytes=24351
[PHOTOS_DEBUG] in_process_thumb_success asset_id=0503F4E5-BC54-4F1C-B2A1-1C8596781F35/L0/001 bytes=28259
[PHOTOS_DEBUG] in_process_thumb_success asset_id=F8EFE244-7B10-440C-BD92-0DBBC92F4FEC/L0/001 bytes=21347
[THUMB_RUNTIME] phase=gallery_load path=photos://asset/E35AE33C-EE40-4E11-B250-8AD3C710CAAC/L0/001 complete=true naturalWidth=196 naturalHeight=260 renderWidth=166 renderHeight=135 uri_bytes=24351
[THUMB_RUNTIME] phase=gallery_load path=photos://asset/0503F4E5-BC54-4F1C-B2A1-1C8596781F35/L0/001 complete=true naturalWidth=196 naturalHeight=260 renderWidth=166 renderHeight=135 uri_bytes=28259
[THUMB_RUNTIME] phase=gallery_load path=photos://asset/F8EFE244-7B10-440C-BD92-0DBBC92F4FEC/L0/001 complete=true naturalWidth=196 naturalHeight=260 renderWidth=166 renderHeight=135 uri_bytes=21347
[PHOTOS_DEBUG] in_process_thumb_success asset_id=6A127F3B-3A30-4F53-92BA-B0B9A0C0D6C2/L0/001 bytes=28059
[THUMB_RUNTIME] phase=gallery_load path=photos://asset/6A127F3B-3A30-4F53-92BA-B0B9A0C0D6C2/L0/001 complete=true naturalWidth=196 naturalHeight=260 renderWidth=166 renderHeight=135 uri_bytes=28059
[PHOTOS_DEBUG] in_process_thumb_success asset_id=C4FAF116-295A-40A4-9328-C0EEA1C4586C/L0/001 bytes=24391
[THUMB_RUNTIME] phase=gallery_load path=photos://asset/C4FAF116-295A-40A4-9328-C0EEA1C4586C/L0/001 complete=true naturalWidth=196 naturalHeight=260 renderWidth=166 renderHeight=135 uri_bytes=24391
[PHOTOS_DEBUG] in_process_thumb_success asset_id=CCB4FBA2-1CF9-4811-B832-107A6A220197/L0/001 bytes=23331
[PHOTOS_DEBUG] in_process_thumb_success asset_id=88E34304-1621-442A-AE42-715660E4E1DC/L0/001 bytes=28503
[THUMB_RUNTIME] phase=gallery_load path=photos://asset/CCB4FBA2-1CF9-4811-B832-107A6A220197/L0/001 complete=true naturalWidth=196 naturalHeight=260 renderWidth=166 renderHeight=135 uri_bytes=23331
[PHOTOS_DEBUG] in_process_thumb_success asset_id=82E775E3-404A-4349-8CD4-56CC3A25F68D/L0/001 bytes=27351
[PHOTOS_DEBUG] in_process_thumb_success asset_id=667598D1-FC6E-47EF-8FC2-D4C2FC1A6733/L0/001 bytes=24779
[THUMB_RUNTIME] phase=gallery_load path=photos://asset/88E34304-1621-442A-AE42-715660E4E1DC/L0/001 complete=true naturalWidth=196 naturalHeight=260 renderWidth=166 renderHeight=135 uri_bytes=28503
[PHOTOS_DEBUG] in_process_thumb_success asset_id=5BC7F352-46CA-415C-BF73-34149E27BBA7/L0/001 bytes=17235
[THUMB_RUNTIME] phase=gallery_load path=photos://asset/82E775E3-404A-4349-8CD4-56CC3A25F68D/L0/001 complete=true naturalWidth=196 naturalHeight=260 renderWidth=166 renderHeight=135 uri_bytes=27351
[THUMB_RUNTIME] phase=gallery_load path=photos://asset/667598D1-FC6E-47EF-8FC2-D4C2FC1A6733/L0/001 complete=true naturalWidth=196 naturalHeight=260 renderWidth=166 renderHeight=135 uri_bytes=24779
[THUMB_RUNTIME] phase=gallery_load path=photos://asset/5BC7F352-46CA-415C-BF73-34149E27BBA7/L0/001 complete=true naturalWidth=196 naturalHeight=260 renderWidth=166 renderHeight=135 uri_bytes=17235
[PHOTOS_DEBUG] in_process_thumb_success asset_id=EB9E1987-238C-497E-8F87-EBE12782D1B7/L0/001 bytes=24831
[PHOTOS_DEBUG] in_process_thumb_success asset_id=85158FA6-0B41-419C-97EB-5A360441CCA9/L0/001 bytes=19187
[THUMB_RUNTIME] phase=gallery_load path=photos://asset/EB9E1987-238C-497E-8F87-EBE12782D1B7/L0/001 complete=true naturalWidth=196 naturalHeight=260 renderWidth=166 renderHeight=135 uri_bytes=24831
[THUMB_RUNTIME] phase=gallery_load path=photos://asset/85158FA6-0B41-419C-97EB-5A360441CCA9/L0/001 complete=true naturalWidth=196 naturalHeight=260 renderWidth=166 renderHeight=135 uri_bytes=19187
[PHOTOS_DEBUG] in_process_thumb_success asset_id=F018E487-E08F-4189-B0E0-E54CDD3EA270/L0/001 bytes=20287
[PHOTOS_DEBUG] in_process_thumb_success asset_id=95AB0758-DC5E-48EB-9D58-B0771EBC55F1/L0/001 bytes=26191
[THUMB_RUNTIME] phase=gallery_load path=photos://asset/F018E487-E08F-4189-B0E0-E54CDD3EA270/L0/001 complete=true naturalWidth=196 naturalHeight=260 renderWidth=166 renderHeight=135 uri_bytes=20287
[THUMB_RUNTIME] phase=gallery_load path=photos://asset/95AB0758-DC5E-48EB-9D58-B0771EBC55F1/L0/001 complete=true naturalWidth=196 naturalHeight=260 renderWidth=166 renderHeight=135 uri_bytes=26191
[PHOTOS_DEBUG] in_process_thumb_success asset_id=29755E84-F94A-478E-A663-A70F28F08704/L0/001 bytes=34179
[THUMB_RUNTIME] phase=gallery_load path=photos://asset/29755E84-F94A-478E-A663-A70F28F08704/L0/001 complete=true naturalWidth=196 naturalHeight=260 renderWidth=166 renderHeight=135 uri_bytes=34179
[PHOTOS_DEBUG] in_process_thumb_success asset_id=088274B8-0B9E-4939-BD90-D3840BB82BAD/L0/001 bytes=33339
[PHOTOS_DEBUG] in_process_thumb_success asset_id=69EC8E33-E961-4DA9-B7F4-1C8077C87915/L0/001 bytes=23935
[THUMB_RUNTIME] phase=gallery_load path=photos://asset/088274B8-0B9E-4939-BD90-D3840BB82BAD/L0/001 complete=true naturalWidth=196 naturalHeight=260 renderWidth=166 renderHeight=135 uri_bytes=33339
[THUMB_RUNTIME] phase=gallery_load path=photos://asset/69EC8E33-E961-4DA9-B7F4-1C8077C87915/L0/001 complete=true naturalWidth=196 naturalHeight=260 renderWidth=166 renderHeight=135 uri_bytes=23935
[PHOTOS_DEBUG] in_process_thumb_success asset_id=C8D9D240-DEF4-4F5A-A2E8-B46E30F7C6DF/L0/001 bytes=25955
[PHOTOS_DEBUG] in_process_thumb_success asset_id=A0831C6B-D745-4E4F-A2EC-EAEC989CECE8/L0/001 bytes=16467
[PHOTOS_DEBUG] in_process_thumb_success asset_id=F665617B-DED4-4405-95A6-0E8DA6F45BAE/L0/001 bytes=18063
[PHOTOS_DEBUG] in_process_thumb_success asset_id=842552A7-4D8E-40E5-B998-CFFEB284F0FA/L0/001 bytes=25007
[THUMB_RUNTIME] phase=gallery_load path=photos://asset/A0831C6B-D745-4E4F-A2EC-EAEC989CECE8/L0/001 complete=true naturalWidth=196 naturalHeight=260 renderWidth=166 renderHeight=135 uri_bytes=16467
[THUMB_RUNTIME] phase=gallery_load path=photos://asset/C8D9D240-DEF4-4F5A-A2E8-B46E30F7C6DF/L0/001 complete=true naturalWidth=196 naturalHeight=260 renderWidth=166 renderHeight=135 uri_bytes=25955
[THUMB_RUNTIME] phase=gallery_load path=photos://asset/F665617B-DED4-4405-95A6-0E8DA6F45BAE/L0/001 complete=true naturalWidth=196 naturalHeight=260 renderWidth=166 renderHeight=135 uri_bytes=18063
[THUMB_RUNTIME] phase=gallery_load path=photos://asset/842552A7-4D8E-40E5-B998-CFFEB284F0FA/L0/001 complete=true naturalWidth=196 naturalHeight=260 renderWidth=166 renderHeight=135 uri_bytes=25007
[PHOTOS_DEBUG] in_process_thumb_success asset_id=DD1D6B16-2151-4E46-BE6F-A627022B0491/L0/001 bytes=25159
[PHOTOS_DEBUG] in_process_thumb_success asset_id=9D54244C-4FD5-4E34-B190-32586C95D3BE/L0/001 bytes=25015
[THUMB_RUNTIME] phase=gallery_load path=photos://asset/DD1D6B16-2151-4E46-BE6F-A627022B0491/L0/001 complete=true naturalWidth=196 naturalHeight=260 renderWidth=166 renderHeight=135 uri_bytes=25159
[PHOTOS_DEBUG] in_process_thumb_success asset_id=2872DA49-5072-497D-8382-F40999073C7B/L0/001 bytes=26507
[PHOTOS_DEBUG] in_process_thumb_success asset_id=5710BE83-882E-4150-AE56-2EF4DB25CD33/L0/001 bytes=22771
[PHOTOS_DEBUG] in_process_thumb_success asset_id=C5102003-DED0-4409-9E61-E3D66091EB88/L0/001 bytes=23955
[THUMB_RUNTIME] phase=gallery_load path=photos://asset/9D54244C-4FD5-4E34-B190-32586C95D3BE/L0/001 complete=true naturalWidth=196 naturalHeight=260 renderWidth=166 renderHeight=135 uri_bytes=25015
[PHOTOS_DEBUG] in_process_thumb_success asset_id=5D8D1E54-C79A-44A8-96D5-9E4F176F25BF/L0/001 bytes=35631
[THUMB_RUNTIME] phase=gallery_load path=photos://asset/2872DA49-5072-497D-8382-F40999073C7B/L0/001 complete=true naturalWidth=196 naturalHeight=260 renderWidth=166 renderHeight=135 uri_bytes=26507
[THUMB_RUNTIME] phase=gallery_load path=photos://asset/5710BE83-882E-4150-AE56-2EF4DB25CD33/L0/001 complete=true naturalWidth=196 naturalHeight=260 renderWidth=166 renderHeight=135 uri_bytes=22771
[THUMB_RUNTIME] phase=gallery_load path=photos://asset/C5102003-DED0-4409-9E61-E3D66091EB88/L0/001 complete=true naturalWidth=196 naturalHeight=260 renderWidth=166 renderHeight=135 uri_bytes=23955
[PHOTOS_DEBUG] in_process_thumb_success asset_id=B3633772-FF96-4F8C-A9E8-BF59A6CFA915/L0/001 bytes=16083
[THUMB_RUNTIME] phase=gallery_load path=photos://asset/5D8D1E54-C79A-44A8-96D5-9E4F176F25BF/L0/001 complete=true naturalWidth=196 naturalHeight=260 renderWidth=166 renderHeight=135 uri_bytes=35631
[THUMB_RUNTIME] phase=gallery_load path=photos://asset/B3633772-FF96-4F8C-A9E8-BF59A6CFA915/L0/001 complete=true naturalWidth=196 naturalHeight=260 renderWidth=166 renderHeight=135 uri_bytes=16083
[PHOTOS_DEBUG] in_process_export_success asset_id=EB9E1987-238C-497E-8F87-EBE12782D1B7/L0/001 target=/Users/yilonglin/Library/Caches/com.noki.desktop/photos/EB9E1987_238C_497E_8F87_EBE12782D1B7_L0_001.jpg
[THUMB_RUNTIME] phase=attachment_load path=/Users/yilonglin/Library/Caches/com.noki.desktop/photos/EB9E1987_238C_497E_8F87_EBE12782D1B7_L0_001.jpg complete=true naturalWidth=120 naturalHeight=160 renderWidth=26 renderHeight=26 uri_bytes=22315
[BROWSER] location=Desktop resolved=/Users/yilonglin/Desktop exists=yes permission=yes raw_count=4 filtered_count=2 image_count=0 error=none
[BROWSER] location=Desktop resolved=/Users/yilonglin/Desktop/Noki Kamera exists=yes permission=yes raw_count=52 filtered_count=40 image_count=40 error=none
[BROWSER] location=Desktop resolved=/Users/yilonglin/Desktop exists=yes permission=yes raw_count=4 filtered_count=2 image_count=0 error=none
[BROWSER] location=Dokumente resolved=/Users/yilonglin/Documents exists=yes permission=yes raw_count=4 filtered_count=2 image_count=0 error=none
[PHOTOS_DEBUG] in_process=yes photos_auth_status=authorized photos_asset_count=80 photos_result_count=80
[BROWSER] location=Pictures resolved=/Users/yilonglin/Pictures exists=yes permission=yes raw_count=4 filtered_count=80 image_count=80 error=none
[PHOTOS_DEBUG] pictures_path=/Users/yilonglin/Pictures pictures_file_count=0 raw_count=4 photos_auth_status=authorized photos_asset_count=80 photos_result_count=80 total_entries=80
[GALLERY_LAYOUT] clientWidth=942 scrollWidth=942 clientHeight=412 scrollHeight=3225 horizontal=false vertical=true
[PHOTOS_DEBUG] in_process_thumb_success asset_id=3996ED3D-F391-427B-82E0-5080BEBFE306/L0/001 bytes=13443
[THUMB_RUNTIME] phase=gallery_load path=photos://asset/3996ED3D-F391-427B-82E0-5080BEBFE306/L0/001 complete=true naturalWidth=167 naturalHeight=260 renderWidth=166 renderHeight=135 uri_bytes=13443
[PHOTOS_DEBUG] in_process_thumb_success asset_id=DEBBA9A2-88CA-429C-823E-C4B15D64CE0C/L0/001 bytes=14043
[PHOTOS_DEBUG] in_process_thumb_success asset_id=5762A0CE-356A-481C-A296-73D0A23C2107/L0/001 bytes=25631
[PHOTOS_DEBUG] in_process_thumb_success asset_id=C55AB001-423F-4D44-B3D8-AC3C40CDDAC8/L0/001 bytes=23759
[THUMB_RUNTIME] phase=gallery_load path=photos://asset/5762A0CE-356A-481C-A296-73D0A23C2107/L0/001 complete=true naturalWidth=146 naturalHeight=260 renderWidth=166 renderHeight=135 uri_bytes=25631
[THUMB_RUNTIME] phase=gallery_load path=photos://asset/DEBBA9A2-88CA-429C-823E-C4B15D64CE0C/L0/001 complete=true naturalWidth=146 naturalHeight=260 renderWidth=166 renderHeight=135 uri_bytes=14043
[THUMB_RUNTIME] phase=gallery_load path=photos://asset/C55AB001-423F-4D44-B3D8-AC3C40CDDAC8/L0/001 complete=true naturalWidth=146 naturalHeight=260 renderWidth=166 renderHeight=135 uri_bytes=23759
[PHOTOS_DEBUG] in_process_thumb_success asset_id=3417EDFA-5EDE-466D-A8A6-6C5F335C1793/L0/001 bytes=16215
[THUMB_RUNTIME] phase=gallery_load path=photos://asset/3417EDFA-5EDE-466D-A8A6-6C5F335C1793/L0/001 complete=true naturalWidth=120 naturalHeight=260 renderWidth=166 renderHeight=135 uri_bytes=16215
[PHOTOS_DEBUG] in_process_thumb_success asset_id=087AFEC9-6A07-4DC0-AA87-612DF7E56E1B/L0/001 bytes=16271
[THUMB_RUNTIME] phase=gallery_load path=photos://asset/087AFEC9-6A07-4DC0-AA87-612DF7E56E1B/L0/001 complete=true naturalWidth=120 naturalHeight=260 renderWidth=166 renderHeight=135 uri_bytes=16271
[PHOTOS_DEBUG] in_process_thumb_success asset_id=3AF3AEEC-D43B-43AA-9C86-5321DAE085BE/L0/001 bytes=18763
[PHOTOS_DEBUG] in_process_thumb_success asset_id=E9650388-348C-4E4B-88E3-50B762EA834D/L0/001 bytes=13907
[THUMB_RUNTIME] phase=gallery_load path=photos://asset/3AF3AEEC-D43B-43AA-9C86-5321DAE085BE/L0/001 complete=true naturalWidth=120 naturalHeight=260 renderWidth=166 renderHeight=135 uri_bytes=18763
[THUMB_RUNTIME] phase=gallery_load path=photos://asset/E9650388-348C-4E4B-88E3-50B762EA834D/L0/001 complete=true naturalWidth=120 naturalHeight=260 renderWidth=166 renderHeight=135 uri_bytes=13907
[PHOTOS_DEBUG] in_process_thumb_success asset_id=C3BB8688-707F-4495-837E-28BE7BD6A776/L0/001 bytes=25923
[THUMB_RUNTIME] phase=gallery_load path=photos://asset/C3BB8688-707F-4495-837E-28BE7BD6A776/L0/001 complete=true naturalWidth=146 naturalHeight=260 renderWidth=166 renderHeight=135 uri_bytes=25923
[PHOTOS_DEBUG] in_process_thumb_success asset_id=FE91AE8C-5D84-4E6C-B979-E4A07A5EB392/L0/001 bytes=28843
[PHOTOS_DEBUG] in_process_thumb_success asset_id=14A2F553-7A09-49F4-8F36-7B20B6C02A9D/L0/001 bytes=12923
[THUMB_RUNTIME] phase=gallery_load path=photos://asset/14A2F553-7A09-49F4-8F36-7B20B6C02A9D/L0/001 complete=true naturalWidth=120 naturalHeight=260 renderWidth=166 renderHeight=135 uri_bytes=12923
[THUMB_RUNTIME] phase=gallery_load path=photos://asset/FE91AE8C-5D84-4E6C-B979-E4A07A5EB392/L0/001 complete=true naturalWidth=146 naturalHeight=260 renderWidth=166 renderHeight=135 uri_bytes=28843
[PHOTOS_DEBUG] in_process_thumb_success asset_id=D2C8F2BB-0BCC-4DA1-A8CE-767D09B99A3D/L0/001 bytes=13551
[PHOTOS_DEBUG] in_process_thumb_success asset_id=7B299703-5CEA-4D34-AC13-4E13FA030FE5/L0/001 bytes=18355
[THUMB_RUNTIME] phase=gallery_load path=photos://asset/D2C8F2BB-0BCC-4DA1-A8CE-767D09B99A3D/L0/001 complete=true naturalWidth=169 naturalHeight=260 renderWidth=166 renderHeight=135 uri_bytes=13551
[THUMB_RUNTIME] phase=gallery_load path=photos://asset/7B299703-5CEA-4D34-AC13-4E13FA030FE5/L0/001 complete=true naturalWidth=120 naturalHeight=260 renderWidth=166 renderHeight=135 uri_bytes=18355
[PHOTOS_DEBUG] in_process_thumb_success asset_id=5EFF61F8-4F87-407E-8D6F-06F6740DB73C/L0/001 bytes=16763
[PHOTOS_DEBUG] in_process_thumb_success asset_id=1181DE8C-9E2D-4779-A760-EC5362137286/L0/001 bytes=19023
[THUMB_RUNTIME] phase=gallery_load path=photos://asset/5EFF61F8-4F87-407E-8D6F-06F6740DB73C/L0/001 complete=true naturalWidth=120 naturalHeight=260 renderWidth=166 renderHeight=135 uri_bytes=16763
[THUMB_RUNTIME] phase=gallery_load path=photos://asset/1181DE8C-9E2D-4779-A760-EC5362137286/L0/001 complete=true naturalWidth=120 naturalHeight=260 renderWidth=166 renderHeight=135 uri_bytes=19023
[PHOTOS_DEBUG] in_process_thumb_success asset_id=64285D20-492A-460F-B674-1755E22A598A/L0/001 bytes=12475
[PHOTOS_DEBUG] in_process_thumb_success asset_id=4DC59BA5-D134-48E4-93BF-50472EA69D89/L0/001 bytes=10651
[PHOTOS_DEBUG] in_process_thumb_success asset_id=057ABF65-831E-46B8-9851-EEBDBD6FED4D/L0/001 bytes=17551
[THUMB_RUNTIME] phase=gallery_load path=photos://asset/64285D20-492A-460F-B674-1755E22A598A/L0/001 complete=true naturalWidth=120 naturalHeight=260 renderWidth=166 renderHeight=135 uri_bytes=12475
[PHOTOS_DEBUG] in_process_thumb_success asset_id=A145E6EC-A6C1-49EA-AF82-9AC3C67CB951/L0/001 bytes=12651
[THUMB_RUNTIME] phase=gallery_load path=photos://asset/4DC59BA5-D134-48E4-93BF-50472EA69D89/L0/001 complete=true naturalWidth=120 naturalHeight=260 renderWidth=166 renderHeight=135 uri_bytes=10651
[PHOTOS_DEBUG] in_process_thumb_success asset_id=A49FAC2C-82BE-4F88-A193-B3EF2E16F5A5/L0/001 bytes=10867
[PHOTOS_DEBUG] in_process_thumb_success asset_id=0F101A83-918B-413E-B112-7567819EEFDC/L0/001 bytes=19083
[THUMB_RUNTIME] phase=gallery_load path=photos://asset/057ABF65-831E-46B8-9851-EEBDBD6FED4D/L0/001 complete=true naturalWidth=120 naturalHeight=260 renderWidth=166 renderHeight=135 uri_bytes=17551
[THUMB_RUNTIME] phase=gallery_load path=photos://asset/A145E6EC-A6C1-49EA-AF82-9AC3C67CB951/L0/001 complete=true naturalWidth=120 naturalHeight=260 renderWidth=166 renderHeight=135 uri_bytes=12651
[THUMB_RUNTIME] phase=gallery_load path=photos://asset/A49FAC2C-82BE-4F88-A193-B3EF2E16F5A5/L0/001 complete=true naturalWidth=120 naturalHeight=260 renderWidth=166 renderHeight=135 uri_bytes=10867
[PHOTOS_DEBUG] in_process_thumb_success asset_id=F420F813-2013-4627-961A-70ABC0F2AA22/L0/001 bytes=19095
[THUMB_RUNTIME] phase=gallery_load path=photos://asset/0F101A83-918B-413E-B112-7567819EEFDC/L0/001 complete=true naturalWidth=120 naturalHeight=260 renderWidth=166 renderHeight=135 uri_bytes=19083
[PHOTOS_DEBUG] in_process_thumb_success asset_id=02AE3CE4-F3F5-4592-A565-F471ABFB06CE/L0/001 bytes=24439
[THUMB_RUNTIME] phase=gallery_load path=photos://asset/F420F813-2013-4627-961A-70ABC0F2AA22/L0/001 complete=true naturalWidth=120 naturalHeight=260 renderWidth=166 renderHeight=135 uri_bytes=19095
[THUMB_RUNTIME] phase=gallery_load path=photos://asset/02AE3CE4-F3F5-4592-A565-F471ABFB06CE/L0/001 complete=true naturalWidth=173 naturalHeight=260 renderWidth=166 renderHeight=135 uri_bytes=24439
[PHOTOS_DEBUG] in_process_thumb_success asset_id=94A098A1-5220-4C4F-AB0D-D534698551A4/L0/001 bytes=20679
[THUMB_RUNTIME] phase=gallery_load path=photos://asset/94A098A1-5220-4C4F-AB0D-D534698551A4/L0/001 complete=true naturalWidth=120 naturalHeight=260 renderWidth=166 renderHeight=135 uri_bytes=20679
[PHOTOS_DEBUG] in_process_thumb_success asset_id=C1F3ECAC-EE19-4A67-AD03-333DEE3FCA5A/L0/001 bytes=15735
[PHOTOS_DEBUG] in_process_thumb_success asset_id=AA081FA8-F6D8-4EA6-AD41-EDABAB1BE99F/L0/001 bytes=8979
[THUMB_RUNTIME] phase=gallery_load path=photos://asset/AA081FA8-F6D8-4EA6-AD41-EDABAB1BE99F/L0/001 complete=true naturalWidth=120 naturalHeight=260 renderWidth=166 renderHeight=135 uri_bytes=8979
[THUMB_RUNTIME] phase=gallery_load path=photos://asset/C1F3ECAC-EE19-4A67-AD03-333DEE3FCA5A/L0/001 complete=true naturalWidth=120 naturalHeight=260 renderWidth=166 renderHeight=135 uri_bytes=15735
[PHOTOS_DEBUG] in_process_thumb_success asset_id=51EEEA46-006B-42B9-A3DF-5F77BDE5AA08/L0/001 bytes=19187
[THUMB_RUNTIME] phase=gallery_load path=photos://asset/51EEEA46-006B-42B9-A3DF-5F77BDE5AA08/L0/001 complete=true naturalWidth=120 naturalHeight=260 renderWidth=166 renderHeight=135 uri_bytes=19187
[PHOTOS_DEBUG] in_process_thumb_success asset_id=778DE165-AF15-4BE2-A15F-104AE59B7C51/L0/001 bytes=21623
[THUMB_RUNTIME] phase=gallery_load path=photos://asset/778DE165-AF15-4BE2-A15F-104AE59B7C51/L0/001 complete=true naturalWidth=254 naturalHeight=260 renderWidth=166 renderHeight=135 uri_bytes=21623
[PHOTOS_DEBUG] in_process_thumb_success asset_id=9088C68A-5F09-4E3D-95BD-D515FCFFB428/L0/001 bytes=11275
[PHOTOS_DEBUG] in_process_thumb_success asset_id=5F8DE87C-4877-4AFF-A5F3-63CA8CC16790/L0/001 bytes=14843
[THUMB_RUNTIME] phase=gallery_load path=photos://asset/9088C68A-5F09-4E3D-95BD-D515FCFFB428/L0/001 complete=true naturalWidth=120 naturalHeight=260 renderWidth=166 renderHeight=135 uri_bytes=11275
[THUMB_RUNTIME] phase=gallery_load path=photos://asset/5F8DE87C-4877-4AFF-A5F3-63CA8CC16790/L0/001 complete=true naturalWidth=187 naturalHeight=260 renderWidth=166 renderHeight=135 uri_bytes=14843
[PHOTOS_DEBUG] in_process_thumb_success asset_id=086582B5-2EA9-4605-8E19-82B3628D9F9E/L0/001 bytes=20275
[PHOTOS_DEBUG] in_process_thumb_success asset_id=A5E80D84-6525-4F30-B8BF-2BDC4526A30D/L0/001 bytes=28683
[THUMB_RUNTIME] phase=gallery_load path=photos://asset/086582B5-2EA9-4605-8E19-82B3628D9F9E/L0/001 complete=true naturalWidth=120 naturalHeight=260 renderWidth=166 renderHeight=135 uri_bytes=20275
[THUMB_RUNTIME] phase=gallery_load path=photos://asset/A5E80D84-6525-4F30-B8BF-2BDC4526A30D/L0/001 complete=true naturalWidth=260 naturalHeight=144 renderWidth=166 renderHeight=135 uri_bytes=28683
[PHOTOS_DEBUG] in_process_thumb_success asset_id=A46710D5-1482-4CF8-94FE-AC209B3F2E98/L0/001 bytes=21899
[PHOTOS_DEBUG] in_process_thumb_success asset_id=07F769DB-0E5E-418B-86D9-A0FA181FAB5B/L0/001 bytes=32123
[THUMB_RUNTIME] phase=gallery_load path=photos://asset/A46710D5-1482-4CF8-94FE-AC209B3F2E98/L0/001 complete=true naturalWidth=260 naturalHeight=112 renderWidth=166 renderHeight=135 uri_bytes=21899
[PHOTOS_DEBUG] in_process_thumb_success asset_id=DCA18BEF-3217-4F8E-8A1A-E9DDF56B6154/L0/001 bytes=11443
[THUMB_RUNTIME] phase=gallery_load path=photos://asset/07F769DB-0E5E-418B-86D9-A0FA181FAB5B/L0/001 complete=true naturalWidth=260 naturalHeight=146 renderWidth=166 renderHeight=135 uri_bytes=32123
[THUMB_RUNTIME] phase=gallery_load path=photos://asset/DCA18BEF-3217-4F8E-8A1A-E9DDF56B6154/L0/001 complete=true naturalWidth=120 naturalHeight=260 renderWidth=166 renderHeight=135 uri_bytes=11443
[PHOTOS_DEBUG] in_process_thumb_success asset_id=0463D6B4-19AD-4F86-8B87-5CEB34D696FC/L0/001 bytes=19123
[THUMB_RUNTIME] phase=gallery_load path=photos://asset/0463D6B4-19AD-4F86-8B87-5CEB34D696FC/L0/001 complete=true naturalWidth=260 naturalHeight=162 renderWidth=166 renderHeight=135 uri_bytes=19123
[PHOTOS_DEBUG] in_process_thumb_success asset_id=286C9553-48BE-42A2-8C40-AA8F32782D1A/L0/001 bytes=21999
[THUMB_RUNTIME] phase=gallery_load path=photos://asset/286C9553-48BE-42A2-8C40-AA8F32782D1A/L0/001 complete=true naturalWidth=120 naturalHeight=260 renderWidth=166 renderHeight=135 uri_bytes=21999
[PHOTOS_DEBUG] in_process_thumb_success asset_id=6A9E00C2-A4A4-4A12-BDB3-694EB4B51B87/L0/001 bytes=14151
[THUMB_RUNTIME] phase=gallery_load path=photos://asset/6A9E00C2-A4A4-4A12-BDB3-694EB4B51B87/L0/001 complete=true naturalWidth=120 naturalHeight=260 renderWidth=166 renderHeight=135 uri_bytes=14151
[PHOTOS_DEBUG] in_process_thumb_success asset_id=ED7FF7DC-7835-473C-A954-DA574BD6E6C2/L0/001 bytes=22903
[THUMB_RUNTIME] phase=gallery_load path=photos://asset/ED7FF7DC-7835-473C-A954-DA574BD6E6C2/L0/001 complete=true naturalWidth=260 naturalHeight=240 renderWidth=166 renderHeight=135 uri_bytes=22903
[PHOTOS_DEBUG] in_process_thumb_success asset_id=EE4C2FD1-E829-44F4-8EF6-98347D7234F5/L0/001 bytes=14007
[THUMB_RUNTIME] phase=gallery_load path=photos://asset/EE4C2FD1-E829-44F4-8EF6-98347D7234F5/L0/001 complete=true naturalWidth=260 naturalHeight=76 renderWidth=166 renderHeight=135 uri_bytes=14007
[PHOTOS_DEBUG] in_process_thumb_success asset_id=4A0F350B-8D24-49D9-9304-897F5055BB50/L0/001 bytes=12851
[THUMB_RUNTIME] phase=gallery_load path=photos://asset/4A0F350B-8D24-49D9-9304-897F5055BB50/L0/001 complete=true naturalWidth=185 naturalHeight=260 renderWidth=166 renderHeight=135 uri_bytes=12851
[PHOTOS_DEBUG] in_process_thumb_success asset_id=4EC4DD34-3C41-4ED5-B795-49F00CDB3F01/L0/001 bytes=10523
[THUMB_RUNTIME] phase=gallery_load path=photos://asset/4EC4DD34-3C41-4ED5-B795-49F00CDB3F01/L0/001 complete=true naturalWidth=120 naturalHeight=260 renderWidth=166 renderHeight=135 uri_bytes=10523
[PHOTOS_DEBUG] in_process_thumb_success asset_id=8FC86876-1422-4CA0-A555-49957FCBDC45/L0/001 bytes=4735
[THUMB_RUNTIME] phase=gallery_load path=photos://asset/8FC86876-1422-4CA0-A555-49957FCBDC45/L0/001 complete=true naturalWidth=120 naturalHeight=260 renderWidth=166 renderHeight=135 uri_bytes=4735
[PHOTOS_DEBUG] in_process_thumb_success asset_id=8FD41B69-E6D7-49E0-AB7E-D9040EFE6200/L0/001 bytes=27831
[PHOTOS_DEBUG] in_process_thumb_success asset_id=6811A860-9F87-407E-A476-F4FECB2F239A/L0/001 bytes=23507
[THUMB_RUNTIME] phase=gallery_load path=photos://asset/8FD41B69-E6D7-49E0-AB7E-D9040EFE6200/L0/001 complete=true naturalWidth=146 naturalHeight=260 renderWidth=166 renderHeight=135 uri_bytes=27831
[THUMB_RUNTIME] phase=gallery_load path=photos://asset/6811A860-9F87-407E-A476-F4FECB2F239A/L0/001 complete=true naturalWidth=146 naturalHeight=260 renderWidth=166 renderHeight=135 uri_bytes=23507
[PHOTOS_DEBUG] in_process_thumb_success asset_id=0747E91C-BA59-44DA-8C5E-D5A8A1E0252A/L0/001 bytes=20803
[THUMB_RUNTIME] phase=gallery_load path=photos://asset/0747E91C-BA59-44DA-8C5E-D5A8A1E0252A/L0/001 complete=true naturalWidth=120 naturalHeight=260 renderWidth=166 renderHeight=135 uri_bytes=20803
[PHOTOS_DEBUG] in_process_thumb_success asset_id=A300B50A-96B1-480F-8C71-3EB9DC68E251/L0/001 bytes=14099
[THUMB_RUNTIME] phase=gallery_load path=photos://asset/A300B50A-96B1-480F-8C71-3EB9DC68E251/L0/001 complete=true naturalWidth=120 naturalHeight=260 renderWidth=166 renderHeight=135 uri_bytes=14099
[PHOTOS_DEBUG] in_process_thumb_success asset_id=CB3F5E99-8940-4BB2-8941-E1D9FC957B59/L0/001 bytes=15443
[PHOTOS_DEBUG] in_process_thumb_success asset_id=83D5731F-E532-4B62-AA5C-7C161B6282B5/L0/001 bytes=10275
[THUMB_RUNTIME] phase=gallery_load path=photos://asset/CB3F5E99-8940-4BB2-8941-E1D9FC957B59/L0/001 complete=true naturalWidth=120 naturalHeight=260 renderWidth=166 renderHeight=135 uri_bytes=15443
[THUMB_RUNTIME] phase=gallery_load path=photos://asset/83D5731F-E532-4B62-AA5C-7C161B6282B5/L0/001 complete=true naturalWidth=120 naturalHeight=260 renderWidth=166 renderHeight=135 uri_bytes=10275
[PHOTOS_DEBUG] in_process_thumb_success asset_id=529D8C4B-3CEE-413C-B396-8F12BA379BFE/L0/001 bytes=19695
[THUMB_RUNTIME] phase=gallery_load path=photos://asset/529D8C4B-3CEE-413C-B396-8F12BA379BFE/L0/001 complete=true naturalWidth=120 naturalHeight=260 renderWidth=166 renderHeight=135 uri_bytes=19695
[PHOTOS_DEBUG] in_process_thumb_success asset_id=91D12FE5-D775-4773-B531-60B4F510279D/L0/001 bytes=18795
[THUMB_RUNTIME] phase=gallery_load path=photos://asset/91D12FE5-D775-4773-B531-60B4F510279D/L0/001 complete=true naturalWidth=156 naturalHeight=260 renderWidth=166 renderHeight=135 uri_bytes=18795
[PHOTOS_DEBUG] in_process_thumb_success asset_id=29755E84-F94A-478E-A663-A70F28F08704/L0/001 bytes=34179
[THUMB_RUNTIME] phase=gallery_load path=photos://asset/29755E84-F94A-478E-A663-A70F28F08704/L0/001 complete=true naturalWidth=196 naturalHeight=260 renderWidth=166 renderHeight=135 uri_bytes=34179
[PHOTOS_DEBUG] in_process_thumb_success asset_id=3AB846BE-AEB9-4696-80C8-B2EFC3912F66/L0/001 bytes=25639
[PHOTOS_DEBUG] in_process_thumb_success asset_id=E35AE33C-EE40-4E11-B250-8AD3C710CAAC/L0/001 bytes=24351
[THUMB_RUNTIME] phase=gallery_load path=photos://asset/3AB846BE-AEB9-4696-80C8-B2EFC3912F66/L0/001 complete=true naturalWidth=196 naturalHeight=260 renderWidth=166 renderHeight=135 uri_bytes=25639
[THUMB_RUNTIME] phase=gallery_load path=photos://asset/E35AE33C-EE40-4E11-B250-8AD3C710CAAC/L0/001 complete=true naturalWidth=196 naturalHeight=260 renderWidth=166 renderHeight=135 uri_bytes=24351
[PHOTOS_DEBUG] in_process_thumb_success asset_id=0503F4E5-BC54-4F1C-B2A1-1C8596781F35/L0/001 bytes=28259
[THUMB_RUNTIME] phase=gallery_load path=photos://asset/0503F4E5-BC54-4F1C-B2A1-1C8596781F35/L0/001 complete=true naturalWidth=196 naturalHeight=260 renderWidth=166 renderHeight=135 uri_bytes=28259
[PHOTOS_DEBUG] in_process_thumb_success asset_id=F8EFE244-7B10-440C-BD92-0DBBC92F4FEC/L0/001 bytes=21347
[PHOTOS_DEBUG] in_process_thumb_success asset_id=CCB4FBA2-1CF9-4811-B832-107A6A220197/L0/001 bytes=23331
[PHOTOS_DEBUG] in_process_thumb_success asset_id=88E34304-1621-442A-AE42-715660E4E1DC/L0/001 bytes=28503
[PHOTOS_DEBUG] in_process_thumb_success asset_id=85158FA6-0B41-419C-97EB-5A360441CCA9/L0/001 bytes=19187
[THUMB_RUNTIME] phase=gallery_load path=photos://asset/F8EFE244-7B10-440C-BD92-0DBBC92F4FEC/L0/001 complete=true naturalWidth=196 naturalHeight=260 renderWidth=166 renderHeight=135 uri_bytes=21347
[PHOTOS_DEBUG] in_process_thumb_success asset_id=5BC7F352-46CA-415C-BF73-34149E27BBA7/L0/001 bytes=17235
[THUMB_RUNTIME] phase=gallery_load path=photos://asset/CCB4FBA2-1CF9-4811-B832-107A6A220197/L0/001 complete=true naturalWidth=196 naturalHeight=260 renderWidth=166 renderHeight=135 uri_bytes=23331
[PHOTOS_DEBUG] in_process_thumb_success asset_id=6A127F3B-3A30-4F53-92BA-B0B9A0C0D6C2/L0/001 bytes=28059
[THUMB_RUNTIME] phase=gallery_load path=photos://asset/88E34304-1621-442A-AE42-715660E4E1DC/L0/001 complete=true naturalWidth=196 naturalHeight=260 renderWidth=166 renderHeight=135 uri_bytes=28503
[PHOTOS_DEBUG] in_process_thumb_success asset_id=F018E487-E08F-4189-B0E0-E54CDD3EA270/L0/001 bytes=20287
[THUMB_RUNTIME] phase=gallery_load path=photos://asset/85158FA6-0B41-419C-97EB-5A360441CCA9/L0/001 complete=true naturalWidth=196 naturalHeight=260 renderWidth=166 renderHeight=135 uri_bytes=19187
[THUMB_RUNTIME] phase=gallery_load path=photos://asset/5BC7F352-46CA-415C-BF73-34149E27BBA7/L0/001 complete=true naturalWidth=196 naturalHeight=260 renderWidth=166 renderHeight=135 uri_bytes=17235
[THUMB_RUNTIME] phase=gallery_load path=photos://asset/6A127F3B-3A30-4F53-92BA-B0B9A0C0D6C2/L0/001 complete=true naturalWidth=196 naturalHeight=260 renderWidth=166 renderHeight=135 uri_bytes=28059
[THUMB_RUNTIME] phase=gallery_load path=photos://asset/F018E487-E08F-4189-B0E0-E54CDD3EA270/L0/001 complete=true naturalWidth=196 naturalHeight=260 renderWidth=166 renderHeight=135 uri_bytes=20287
[PHOTOS_DEBUG] in_process_thumb_success asset_id=95AB0758-DC5E-48EB-9D58-B0771EBC55F1/L0/001 bytes=26191
[PHOTOS_DEBUG] in_process_thumb_success asset_id=088274B8-0B9E-4939-BD90-D3840BB82BAD/L0/001 bytes=33339
[THUMB_RUNTIME] phase=gallery_load path=photos://asset/95AB0758-DC5E-48EB-9D58-B0771EBC55F1/L0/001 complete=true naturalWidth=196 naturalHeight=260 renderWidth=166 renderHeight=135 uri_bytes=26191
[THUMB_RUNTIME] phase=gallery_load path=photos://asset/088274B8-0B9E-4939-BD90-D3840BB82BAD/L0/001 complete=true naturalWidth=196 naturalHeight=260 renderWidth=166 renderHeight=135 uri_bytes=33339
[PHOTOS_DEBUG] in_process_thumb_success asset_id=82E775E3-404A-4349-8CD4-56CC3A25F68D/L0/001 bytes=27351
[THUMB_RUNTIME] phase=gallery_load path=photos://asset/82E775E3-404A-4349-8CD4-56CC3A25F68D/L0/001 complete=true naturalWidth=196 naturalHeight=260 renderWidth=166 renderHeight=135 uri_bytes=27351
[PHOTOS_DEBUG] in_process_thumb_success asset_id=DD1D6B16-2151-4E46-BE6F-A627022B0491/L0/001 bytes=25159
[THUMB_RUNTIME] phase=gallery_load path=photos://asset/DD1D6B16-2151-4E46-BE6F-A627022B0491/L0/001 complete=true naturalWidth=196 naturalHeight=260 renderWidth=166 renderHeight=135 uri_bytes=25159
[PHOTOS_DEBUG] in_process_thumb_success asset_id=5710BE83-882E-4150-AE56-2EF4DB25CD33/L0/001 bytes=22771
[THUMB_RUNTIME] phase=gallery_load path=photos://asset/5710BE83-882E-4150-AE56-2EF4DB25CD33/L0/001 complete=true naturalWidth=196 naturalHeight=260 renderWidth=166 renderHeight=135 uri_bytes=22771
[PHOTOS_DEBUG] in_process_thumb_success asset_id=EB9E1987-238C-497E-8F87-EBE12782D1B7/L0/001 bytes=24831
[THUMB_RUNTIME] phase=gallery_load path=photos://asset/EB9E1987-238C-497E-8F87-EBE12782D1B7/L0/001 complete=true naturalWidth=196 naturalHeight=260 renderWidth=166 renderHeight=135 uri_bytes=24831
[PHOTOS_DEBUG] in_process_thumb_success asset_id=A0831C6B-D745-4E4F-A2EC-EAEC989CECE8/L0/001 bytes=16467
[THUMB_RUNTIME] phase=gallery_load path=photos://asset/A0831C6B-D745-4E4F-A2EC-EAEC989CECE8/L0/001 complete=true naturalWidth=196 naturalHeight=260 renderWidth=166 renderHeight=135 uri_bytes=16467
[PHOTOS_DEBUG] in_process_thumb_success asset_id=9D54244C-4FD5-4E34-B190-32586C95D3BE/L0/001 bytes=25015
[PHOTOS_DEBUG] in_process_thumb_success asset_id=2872DA49-5072-497D-8382-F40999073C7B/L0/001 bytes=26507
[THUMB_RUNTIME] phase=gallery_load path=photos://asset/9D54244C-4FD5-4E34-B190-32586C95D3BE/L0/001 complete=true naturalWidth=196 naturalHeight=260 renderWidth=166 renderHeight=135 uri_bytes=25015
[THUMB_RUNTIME] phase=gallery_load path=photos://asset/2872DA49-5072-497D-8382-F40999073C7B/L0/001 complete=true naturalWidth=196 naturalHeight=260 renderWidth=166 renderHeight=135 uri_bytes=26507
[PHOTOS_DEBUG] in_process_thumb_success asset_id=F665617B-DED4-4405-95A6-0E8DA6F45BAE/L0/001 bytes=18063
[THUMB_RUNTIME] phase=gallery_load path=photos://asset/F665617B-DED4-4405-95A6-0E8DA6F45BAE/L0/001 complete=true naturalWidth=196 naturalHeight=260 renderWidth=166 renderHeight=135 uri_bytes=18063
[PHOTOS_DEBUG] in_process_thumb_success asset_id=C5102003-DED0-4409-9E61-E3D66091EB88/L0/001 bytes=23955
[PHOTOS_DEBUG] in_process_thumb_success asset_id=667598D1-FC6E-47EF-8FC2-D4C2FC1A6733/L0/001 bytes=24779
[PHOTOS_DEBUG] in_process_thumb_success asset_id=C8D9D240-DEF4-4F5A-A2E8-B46E30F7C6DF/L0/001 bytes=25955
[PHOTOS_DEBUG] in_process_thumb_success asset_id=842552A7-4D8E-40E5-B998-CFFEB284F0FA/L0/001 bytes=25007
[PHOTOS_DEBUG] in_process_thumb_success asset_id=C4FAF116-295A-40A4-9328-C0EEA1C4586C/L0/001 bytes=24391
[PHOTOS_DEBUG] in_process_thumb_success asset_id=5D8D1E54-C79A-44A8-96D5-9E4F176F25BF/L0/001 bytes=35631
[THUMB_RUNTIME] phase=gallery_load path=photos://asset/C5102003-DED0-4409-9E61-E3D66091EB88/L0/001 complete=true naturalWidth=196 naturalHeight=260 renderWidth=166 renderHeight=135 uri_bytes=23955
[PHOTOS_DEBUG] in_process_thumb_success asset_id=B3633772-FF96-4F8C-A9E8-BF59A6CFA915/L0/001 bytes=16083
[THUMB_RUNTIME] phase=gallery_load path=photos://asset/667598D1-FC6E-47EF-8FC2-D4C2FC1A6733/L0/001 complete=true naturalWidth=196 naturalHeight=260 renderWidth=166 renderHeight=135 uri_bytes=24779
[THUMB_RUNTIME] phase=gallery_load path=photos://asset/C8D9D240-DEF4-4F5A-A2E8-B46E30F7C6DF/L0/001 complete=true naturalWidth=196 naturalHeight=260 renderWidth=166 renderHeight=135 uri_bytes=25955
[THUMB_RUNTIME] phase=gallery_load path=photos://asset/842552A7-4D8E-40E5-B998-CFFEB284F0FA/L0/001 complete=true naturalWidth=196 naturalHeight=260 renderWidth=166 renderHeight=135 uri_bytes=25007
[PHOTOS_DEBUG] in_process_thumb_success asset_id=69EC8E33-E961-4DA9-B7F4-1C8077C87915/L0/001 bytes=23935
[THUMB_RUNTIME] phase=gallery_load path=photos://asset/C4FAF116-295A-40A4-9328-C0EEA1C4586C/L0/001 complete=true naturalWidth=196 naturalHeight=260 renderWidth=166 renderHeight=135 uri_bytes=24391
[THUMB_RUNTIME] phase=gallery_load path=photos://asset/5D8D1E54-C79A-44A8-96D5-9E4F176F25BF/L0/001 complete=true naturalWidth=196 naturalHeight=260 renderWidth=166 renderHeight=135 uri_bytes=35631
[THUMB_RUNTIME] phase=gallery_load path=photos://asset/B3633772-FF96-4F8C-A9E8-BF59A6CFA915/L0/001 complete=true naturalWidth=196 naturalHeight=260 renderWidth=166 renderHeight=135 uri_bytes=16083
[THUMB_RUNTIME] phase=gallery_load path=photos://asset/69EC8E33-E961-4DA9-B7F4-1C8077C87915/L0/001 complete=true naturalWidth=196 naturalHeight=260 renderWidth=166 renderHeight=135 uri_bytes=23935
[PHOTOS_DEBUG] in_process_thumb_success asset_id=3996ED3D-F391-427B-82E0-5080BEBFE306/L0/001 bytes=13443
[PHOTOS_DEBUG] in_process_thumb_success asset_id=3996ED3D-F391-427B-82E0-5080BEBFE306/L0/001 bytes=13443
[PHOTOS_DEBUG] in_process_thumb_success asset_id=3996ED3D-F391-427B-82E0-5080BEBFE306/L0/001 bytes=13443
[PHOTOS_DEBUG] in_process_thumb_success asset_id=3996ED3D-F391-427B-82E0-5080BEBFE306/L0/001 bytes=13443
[PHOTOS_DEBUG] in_process_thumb_success asset_id=3996ED3D-F391-427B-82E0-5080BEBFE306/L0/001 bytes=13443
[PHOTOS_DEBUG] in_process_thumb_success asset_id=3996ED3D-F391-427B-82E0-5080BEBFE306/L0/001 bytes=13443
[PHOTOS_DEBUG] in_process_thumb_success asset_id=3996ED3D-F391-427B-82E0-5080BEBFE306/L0/001 bytes=13443
[PHOTOS_DEBUG] in_process_thumb_success asset_id=3996ED3D-F391-427B-82E0-5080BEBFE306/L0/001 bytes=13443
[PHOTOS_HELPER] not authorized: denied
[PHOTOS_DEBUG] in_process=yes photos_auth_status=authorized photos_asset_count=4380 photos_offset=0 photos_result_count=40
[BROWSER] location=Pictures resolved=/Users/yilonglin/Pictures exists=yes permission=yes raw_count=4 filtered_count=40 image_count=40 error=none
[PHOTOS_DEBUG] pictures_path=/Users/yilonglin/Pictures pictures_file_count=0 raw_count=4 photos_auth_status=authorized photos_asset_count=40 photos_result_count=40 total_entries=40
[GALLERY_LAYOUT] clientWidth=942 scrollWidth=942 clientHeight=415 scrollHeight=1417 horizontal=false vertical=true
[PHOTOS_DEBUG] in_process_thumb_success asset_id=EE4C2FD1-E829-44F4-8EF6-98347D7234F5/L0/001 bytes=14007
[PHOTOS_DEBUG] in_process_thumb_success asset_id=8FC86876-1422-4CA0-A555-49957FCBDC45/L0/001 bytes=4735
[PHOTOS_DEBUG] in_process_thumb_success asset_id=8FD41B69-E6D7-49E0-AB7E-D9040EFE6200/L0/001 bytes=27831[PHOTOS_DEBUG] in_process_thumb_success asset_id=6811A860-9F87-407E-A476-F4FECB2F239A/L0/001 bytes=23507

[THUMB_RUNTIME] phase=gallery_load path=photos://asset/EE4C2FD1-E829-44F4-8EF6-98347D7234F5/L0/001 complete=true naturalWidth=260 naturalHeight=76 renderWidth=166 renderHeight=135 uri_bytes=14007
[THUMB_RUNTIME] phase=gallery_load path=photos://asset/8FC86876-1422-4CA0-A555-49957FCBDC45/L0/001 complete=true naturalWidth=120 naturalHeight=260 renderWidth=166 renderHeight=135 uri_bytes=4735
[PHOTOS_DEBUG] in_process_thumb_success asset_id=4A0F350B-8D24-49D9-9304-897F5055BB50/L0/001 bytes=12851
[THUMB_RUNTIME] phase=gallery_load path=photos://asset/6811A860-9F87-407E-A476-F4FECB2F239A/L0/001 complete=true naturalWidth=146 naturalHeight=260 renderWidth=166 renderHeight=135 uri_bytes=23507
[THUMB_RUNTIME] phase=gallery_load path=photos://asset/8FD41B69-E6D7-49E0-AB7E-D9040EFE6200/L0/001 complete=true naturalWidth=146 naturalHeight=260 renderWidth=166 renderHeight=135 uri_bytes=27831
[THUMB_RUNTIME] phase=gallery_load path=photos://asset/4A0F350B-8D24-49D9-9304-897F5055BB50/L0/001 complete=true naturalWidth=185 naturalHeight=260 renderWidth=166 renderHeight=135 uri_bytes=12851
[PHOTOS_DEBUG] in_process_thumb_success asset_id=ED7FF7DC-7835-473C-A954-DA574BD6E6C2/L0/001 bytes=22903
[THUMB_RUNTIME] phase=gallery_load path=photos://asset/ED7FF7DC-7835-473C-A954-DA574BD6E6C2/L0/001 complete=true naturalWidth=260 naturalHeight=240 renderWidth=166 renderHeight=135 uri_bytes=22903
[PHOTOS_DEBUG] in_process_thumb_success asset_id=6A9E00C2-A4A4-4A12-BDB3-694EB4B51B87/L0/001 bytes=14151
[THUMB_RUNTIME] phase=gallery_load path=photos://asset/6A9E00C2-A4A4-4A12-BDB3-694EB4B51B87/L0/001 complete=true naturalWidth=120 naturalHeight=260 renderWidth=166 renderHeight=135 uri_bytes=14151
[PHOTOS_DEBUG] in_process_thumb_success asset_id=286C9553-48BE-42A2-8C40-AA8F32782D1A/L0/001 bytes=21999
[PHOTOS_DEBUG] in_process_thumb_success asset_id=DCA18BEF-3217-4F8E-8A1A-E9DDF56B6154/L0/001 bytes=11443
[THUMB_RUNTIME] phase=gallery_load path=photos://asset/286C9553-48BE-42A2-8C40-AA8F32782D1A/L0/001 complete=true naturalWidth=120 naturalHeight=260 renderWidth=166 renderHeight=135 uri_bytes=21999
[THUMB_RUNTIME] phase=gallery_load path=photos://asset/DCA18BEF-3217-4F8E-8A1A-E9DDF56B6154/L0/001 complete=true naturalWidth=120 naturalHeight=260 renderWidth=166 renderHeight=135 uri_bytes=11443
[PHOTOS_DEBUG] in_process_thumb_success asset_id=0463D6B4-19AD-4F86-8B87-5CEB34D696FC/L0/001 bytes=19123
[PHOTOS_DEBUG] in_process_thumb_success asset_id=086582B5-2EA9-4605-8E19-82B3628D9F9E/L0/001 bytes=20275
[PHOTOS_DEBUG] in_process_thumb_success asset_id=A46710D5-1482-4CF8-94FE-AC209B3F2E98/L0/001 bytes=21899
[THUMB_RUNTIME] phase=gallery_load path=photos://asset/086582B5-2EA9-4605-8E19-82B3628D9F9E/L0/001 complete=true naturalWidth=120 naturalHeight=260 renderWidth=166 renderHeight=135 uri_bytes=20275
[THUMB_RUNTIME] phase=gallery_load path=photos://asset/0463D6B4-19AD-4F86-8B87-5CEB34D696FC/L0/001 complete=true naturalWidth=260 naturalHeight=162 renderWidth=166 renderHeight=135 uri_bytes=19123
[PHOTOS_DEBUG] in_process_thumb_success asset_id=07F769DB-0E5E-418B-86D9-A0FA181FAB5B/L0/001 bytes=32123
[PHOTOS_DEBUG] in_process_thumb_success asset_id=A5E80D84-6525-4F30-B8BF-2BDC4526A30D/L0/001 bytes=28683
[THUMB_RUNTIME] phase=gallery_load path=photos://asset/A46710D5-1482-4CF8-94FE-AC209B3F2E98/L0/001 complete=true naturalWidth=260 naturalHeight=112 renderWidth=166 renderHeight=135 uri_bytes=21899
[THUMB_RUNTIME] phase=gallery_load path=photos://asset/A5E80D84-6525-4F30-B8BF-2BDC4526A30D/L0/001 complete=true naturalWidth=260 naturalHeight=144 renderWidth=166 renderHeight=135 uri_bytes=28683
[PHOTOS_DEBUG] in_process_thumb_success asset_id=A300B50A-96B1-480F-8C71-3EB9DC68E251/L0/001 bytes=14099
[THUMB_RUNTIME] phase=gallery_load path=photos://asset/07F769DB-0E5E-418B-86D9-A0FA181FAB5B/L0/001 complete=true naturalWidth=260 naturalHeight=146 renderWidth=166 renderHeight=135 uri_bytes=32123
[THUMB_RUNTIME] phase=gallery_load path=photos://asset/A300B50A-96B1-480F-8C71-3EB9DC68E251/L0/001 complete=true naturalWidth=120 naturalHeight=260 renderWidth=166 renderHeight=135 uri_bytes=14099
[PHOTOS_DEBUG] in_process_thumb_success asset_id=CB3F5E99-8940-4BB2-8941-E1D9FC957B59/L0/001 bytes=15443
[THUMB_RUNTIME] phase=gallery_load path=photos://asset/CB3F5E99-8940-4BB2-8941-E1D9FC957B59/L0/001 complete=true naturalWidth=120 naturalHeight=260 renderWidth=166 renderHeight=135 uri_bytes=15443
[PHOTOS_DEBUG] in_process_thumb_success asset_id=0747E91C-BA59-44DA-8C5E-D5A8A1E0252A/L0/001 bytes=20803
[THUMB_RUNTIME] phase=gallery_load path=photos://asset/0747E91C-BA59-44DA-8C5E-D5A8A1E0252A/L0/001 complete=true naturalWidth=120 naturalHeight=260 renderWidth=166 renderHeight=135 uri_bytes=20803
[PHOTOS_DEBUG] in_process_thumb_success asset_id=A0831C6B-D745-4E4F-A2EC-EAEC989CECE8/L0/001 bytes=16467
[PHOTOS_DEBUG] in_process_thumb_success asset_id=B3633772-FF96-4F8C-A9E8-BF59A6CFA915/L0/001 bytes=16083
[PHOTOS_DEBUG] in_process_thumb_success asset_id=F665617B-DED4-4405-95A6-0E8DA6F45BAE/L0/001 bytes=18063
[PHOTOS_DEBUG] in_process_thumb_success asset_id=5710BE83-882E-4150-AE56-2EF4DB25CD33/L0/001 bytes=22771
[PHOTOS_DEBUG] in_process_thumb_success asset_id=C5102003-DED0-4409-9E61-E3D66091EB88/L0/001 bytes=23955
[PHOTOS_DEBUG] in_process_thumb_success asset_id=5D8D1E54-C79A-44A8-96D5-9E4F176F25BF/L0/001 bytes=35631
[PHOTOS_DEBUG] in_process_thumb_success asset_id=9D54244C-4FD5-4E34-B190-32586C95D3BE/L0/001 bytes=25015
[PHOTOS_DEBUG] in_process_thumb_success asset_id=C8D9D240-DEF4-4F5A-A2E8-B46E30F7C6DF/L0/001 bytes=25955
[THUMB_RUNTIME] phase=gallery_load path=photos://asset/A0831C6B-D745-4E4F-A2EC-EAEC989CECE8/L0/001 complete=true naturalWidth=196 naturalHeight=260 renderWidth=166 renderHeight=135 uri_bytes=16467
[THUMB_RUNTIME] phase=gallery_load path=photos://asset/B3633772-FF96-4F8C-A9E8-BF59A6CFA915/L0/001 complete=true naturalWidth=196 naturalHeight=260 renderWidth=166 renderHeight=135 uri_bytes=16083
[THUMB_RUNTIME] phase=gallery_load path=photos://asset/F665617B-DED4-4405-95A6-0E8DA6F45BAE/L0/001 complete=true naturalWidth=196 naturalHeight=260 renderWidth=166 renderHeight=135 uri_bytes=18063
[THUMB_RUNTIME] phase=gallery_load path=photos://asset/5710BE83-882E-4150-AE56-2EF4DB25CD33/L0/001 complete=true naturalWidth=196 naturalHeight=260 renderWidth=166 renderHeight=135 uri_bytes=22771
[THUMB_RUNTIME] phase=gallery_load path=photos://asset/5D8D1E54-C79A-44A8-96D5-9E4F176F25BF/L0/001 complete=true naturalWidth=196 naturalHeight=260 renderWidth=166 renderHeight=135 uri_bytes=35631
[THUMB_RUNTIME] phase=gallery_load path=photos://asset/C5102003-DED0-4409-9E61-E3D66091EB88/L0/001 complete=true naturalWidth=196 naturalHeight=260 renderWidth=166 renderHeight=135 uri_bytes=23955
[THUMB_RUNTIME] phase=gallery_load path=photos://asset/9D54244C-4FD5-4E34-B190-32586C95D3BE/L0/001 complete=true naturalWidth=196 naturalHeight=260 renderWidth=166 renderHeight=135 uri_bytes=25015
[THUMB_RUNTIME] phase=gallery_load path=photos://asset/C8D9D240-DEF4-4F5A-A2E8-B46E30F7C6DF/L0/001 complete=true naturalWidth=196 naturalHeight=260 renderWidth=166 renderHeight=135 uri_bytes=25955
[PHOTOS_DEBUG] in_process_thumb_success asset_id=5F8DE87C-4877-4AFF-A5F3-63CA8CC16790/L0/001 bytes=14843
[PHOTOS_DEBUG] in_process_thumb_success asset_id=3996ED3D-F391-427B-82E0-5080BEBFE306/L0/001 bytes=13443
[PHOTOS_DEBUG] in_process_thumb_success asset_id=778DE165-AF15-4BE2-A15F-104AE59B7C51/L0/001 bytes=21623
[THUMB_RUNTIME] phase=gallery_load path=photos://asset/5F8DE87C-4877-4AFF-A5F3-63CA8CC16790/L0/001 complete=true naturalWidth=187 naturalHeight=260 renderWidth=166 renderHeight=135 uri_bytes=14843
[THUMB_RUNTIME] phase=gallery_load path=photos://asset/3996ED3D-F391-427B-82E0-5080BEBFE306/L0/001 complete=true naturalWidth=167 naturalHeight=260 renderWidth=166 renderHeight=135 uri_bytes=13443
[THUMB_RUNTIME] phase=gallery_load path=photos://asset/778DE165-AF15-4BE2-A15F-104AE59B7C51/L0/001 complete=true naturalWidth=254 naturalHeight=260 renderWidth=166 renderHeight=135 uri_bytes=21623
[PHOTOS_DEBUG] in_process_thumb_success asset_id=51EEEA46-006B-42B9-A3DF-5F77BDE5AA08/L0/001 bytes=19187
[PHOTOS_DEBUG] in_process_thumb_success asset_id=9088C68A-5F09-4E3D-95BD-D515FCFFB428/L0/001 bytes=11275
[THUMB_RUNTIME] phase=gallery_load path=photos://asset/51EEEA46-006B-42B9-A3DF-5F77BDE5AA08/L0/001 complete=true naturalWidth=120 naturalHeight=260 renderWidth=166 renderHeight=135 uri_bytes=19187
[THUMB_RUNTIME] phase=gallery_load path=photos://asset/9088C68A-5F09-4E3D-95BD-D515FCFFB428/L0/001 complete=true naturalWidth=120 naturalHeight=260 renderWidth=166 renderHeight=135 uri_bytes=11275
[PHOTOS_DEBUG] in_process_thumb_success asset_id=AA081FA8-F6D8-4EA6-AD41-EDABAB1BE99F/L0/001 bytes=8979
[PHOTOS_DEBUG] in_process_thumb_success asset_id=C1F3ECAC-EE19-4A67-AD03-333DEE3FCA5A/L0/001 bytes=15735
[THUMB_RUNTIME] phase=gallery_load path=photos://asset/AA081FA8-F6D8-4EA6-AD41-EDABAB1BE99F/L0/001 complete=true naturalWidth=120 naturalHeight=260 renderWidth=166 renderHeight=135 uri_bytes=8979
[THUMB_RUNTIME] phase=gallery_load path=photos://asset/C1F3ECAC-EE19-4A67-AD03-333DEE3FCA5A/L0/001 complete=true naturalWidth=120 naturalHeight=260 renderWidth=166 renderHeight=135 uri_bytes=15735
[PHOTOS_DEBUG] in_process_thumb_success asset_id=5762A0CE-356A-481C-A296-73D0A23C2107/L0/001 bytes=25631
[THUMB_RUNTIME] phase=gallery_load path=photos://asset/5762A0CE-356A-481C-A296-73D0A23C2107/L0/001 complete=true naturalWidth=146 naturalHeight=260 renderWidth=166 renderHeight=135 uri_bytes=25631
[PHOTOS_DEBUG] in_process_thumb_success asset_id=02AE3CE4-F3F5-4592-A565-F471ABFB06CE/L0/001 bytes=24439
[PHOTOS_DEBUG] in_process_thumb_success asset_id=94A098A1-5220-4C4F-AB0D-D534698551A4/L0/001 bytes=20679
[THUMB_RUNTIME] phase=gallery_load path=photos://asset/02AE3CE4-F3F5-4592-A565-F471ABFB06CE/L0/001 complete=true naturalWidth=173 naturalHeight=260 renderWidth=166 renderHeight=135 uri_bytes=24439
[THUMB_RUNTIME] phase=gallery_load path=photos://asset/94A098A1-5220-4C4F-AB0D-D534698551A4/L0/001 complete=true naturalWidth=120 naturalHeight=260 renderWidth=166 renderHeight=135 uri_bytes=20679
[PHOTOS_DEBUG] in_process_thumb_success asset_id=DEBBA9A2-88CA-429C-823E-C4B15D64CE0C/L0/001 bytes=14043
[THUMB_RUNTIME] phase=gallery_load path=photos://asset/DEBBA9A2-88CA-429C-823E-C4B15D64CE0C/L0/001 complete=true naturalWidth=146 naturalHeight=260 renderWidth=166 renderHeight=135 uri_bytes=14043
[PHOTOS_DEBUG] in_process_thumb_success asset_id=95AB0758-DC5E-48EB-9D58-B0771EBC55F1/L0/001 bytes=26191
[PHOTOS_DEBUG] in_process_thumb_success asset_id=088274B8-0B9E-4939-BD90-D3840BB82BAD/L0/001 bytes=33339
[THUMB_RUNTIME] phase=gallery_load path=photos://asset/95AB0758-DC5E-48EB-9D58-B0771EBC55F1/L0/001 complete=true naturalWidth=196 naturalHeight=260 renderWidth=166 renderHeight=135 uri_bytes=26191
[THUMB_RUNTIME] phase=gallery_load path=photos://asset/088274B8-0B9E-4939-BD90-D3840BB82BAD/L0/001 complete=true naturalWidth=196 naturalHeight=260 renderWidth=166 renderHeight=135 uri_bytes=33339
[PHOTOS_DEBUG] in_process_thumb_success asset_id=F018E487-E08F-4189-B0E0-E54CDD3EA270/L0/001 bytes=20287
[THUMB_RUNTIME] phase=gallery_load path=photos://asset/F018E487-E08F-4189-B0E0-E54CDD3EA270/L0/001 complete=true naturalWidth=196 naturalHeight=260 renderWidth=166 renderHeight=135 uri_bytes=20287
[PHOTOS_DEBUG] in_process_thumb_success asset_id=6A127F3B-3A30-4F53-92BA-B0B9A0C0D6C2/L0/001 bytes=28059
[THUMB_RUNTIME] phase=gallery_load path=photos://asset/6A127F3B-3A30-4F53-92BA-B0B9A0C0D6C2/L0/001 complete=true naturalWidth=196 naturalHeight=260 renderWidth=166 renderHeight=135 uri_bytes=28059
[PHOTOS_DEBUG] in_process=yes photos_auth_status=authorized photos_asset_count=4380 photos_offset=40 photos_result_count=40
[GALLERY_PAGE] offset=40 loaded=40 next=80 total=4380
[PHOTOS_DEBUG] in_process_thumb_success asset_id=0F101A83-918B-413E-B112-7567819EEFDC/L0/001 bytes=19083
[PHOTOS_DEBUG] in_process_thumb_success asset_id=F420F813-2013-4627-961A-70ABC0F2AA22/L0/001 bytes=19095
[THUMB_RUNTIME] phase=gallery_load path=photos://asset/0F101A83-918B-413E-B112-7567819EEFDC/L0/001 complete=true naturalWidth=120 naturalHeight=260 renderWidth=166 renderHeight=135 uri_bytes=19083
[PHOTOS_DEBUG] in_process_thumb_success asset_id=057ABF65-831E-46B8-9851-EEBDBD6FED4D/L0/001 bytes=17551
[THUMB_RUNTIME] phase=gallery_load path=photos://asset/F420F813-2013-4627-961A-70ABC0F2AA22/L0/001 complete=true naturalWidth=120 naturalHeight=260 renderWidth=166 renderHeight=135 uri_bytes=19095
[THUMB_RUNTIME] phase=gallery_load path=photos://asset/057ABF65-831E-46B8-9851-EEBDBD6FED4D/L0/001 complete=true naturalWidth=120 naturalHeight=260 renderWidth=166 renderHeight=135 uri_bytes=17551
[PHOTOS_DEBUG] in_process_thumb_success asset_id=1181DE8C-9E2D-4779-A760-EC5362137286/L0/001 bytes=19023
[PHOTOS_DEBUG] in_process_thumb_success asset_id=5EFF61F8-4F87-407E-8D6F-06F6740DB73C/L0/001 bytes=16763
[THUMB_RUNTIME] phase=gallery_load path=photos://asset/1181DE8C-9E2D-4779-A760-EC5362137286/L0/001 complete=true naturalWidth=120 naturalHeight=260 renderWidth=166 renderHeight=135 uri_bytes=19023
[PHOTOS_DEBUG] in_process_thumb_success asset_id=7B299703-5CEA-4D34-AC13-4E13FA030FE5/L0/001 bytes=18355
[THUMB_RUNTIME] phase=gallery_load path=photos://asset/5EFF61F8-4F87-407E-8D6F-06F6740DB73C/L0/001 complete=true naturalWidth=120 naturalHeight=260 renderWidth=166 renderHeight=135 uri_bytes=16763
[THUMB_RUNTIME] phase=gallery_load path=photos://asset/7B299703-5CEA-4D34-AC13-4E13FA030FE5/L0/001 complete=true naturalWidth=120 naturalHeight=260 renderWidth=166 renderHeight=135 uri_bytes=18355
[PHOTOS_DEBUG] in_process_thumb_success asset_id=529D8C4B-3CEE-413C-B396-8F12BA379BFE/L0/001 bytes=19695
[THUMB_RUNTIME] phase=gallery_load path=photos://asset/529D8C4B-3CEE-413C-B396-8F12BA379BFE/L0/001 complete=true naturalWidth=120 naturalHeight=260 renderWidth=166 renderHeight=135 uri_bytes=19695
[PHOTOS_DEBUG] in_process_thumb_success asset_id=83D5731F-E532-4B62-AA5C-7C161B6282B5/L0/001 bytes=10275
[THUMB_RUNTIME] phase=gallery_load path=photos://asset/83D5731F-E532-4B62-AA5C-7C161B6282B5/L0/001 complete=true naturalWidth=120 naturalHeight=260 renderWidth=166 renderHeight=135 uri_bytes=10275
[PHOTOS_DEBUG] in_process_thumb_success asset_id=A49FAC2C-82BE-4F88-A193-B3EF2E16F5A5/L0/001 bytes=10867
[THUMB_RUNTIME] phase=gallery_load path=photos://asset/A49FAC2C-82BE-4F88-A193-B3EF2E16F5A5/L0/001 complete=true naturalWidth=120 naturalHeight=260 renderWidth=166 renderHeight=135 uri_bytes=10867
[PHOTOS_DEBUG] in_process_thumb_success asset_id=4DC59BA5-D134-48E4-93BF-50472EA69D89/L0/001 bytes=10651
[PHOTOS_DEBUG] in_process_thumb_success asset_id=64285D20-492A-460F-B674-1755E22A598A/L0/001 bytes=12475
[PHOTOS_DEBUG] in_process_thumb_success asset_id=4EC4DD34-3C41-4ED5-B795-49F00CDB3F01/L0/001 bytes=10523
[THUMB_RUNTIME] phase=gallery_load path=photos://asset/4DC59BA5-D134-48E4-93BF-50472EA69D89/L0/001 complete=true naturalWidth=120 naturalHeight=260 renderWidth=166 renderHeight=135 uri_bytes=10651
[THUMB_RUNTIME] phase=gallery_load path=photos://asset/64285D20-492A-460F-B674-1755E22A598A/L0/001 complete=true naturalWidth=120 naturalHeight=260 renderWidth=166 renderHeight=135 uri_bytes=12475
[THUMB_RUNTIME] phase=gallery_load path=photos://asset/4EC4DD34-3C41-4ED5-B795-49F00CDB3F01/L0/001 complete=true naturalWidth=120 naturalHeight=260 renderWidth=166 renderHeight=135 uri_bytes=10523
[PHOTOS_DEBUG] in_process_thumb_success asset_id=91D12FE5-D775-4773-B531-60B4F510279D/L0/001 bytes=18795
[THUMB_RUNTIME] phase=gallery_load path=photos://asset/91D12FE5-D775-4773-B531-60B4F510279D/L0/001 complete=true naturalWidth=156 naturalHeight=260 renderWidth=166 renderHeight=135 uri_bytes=18795
[PHOTOS_DEBUG] in_process_thumb_success asset_id=85158FA6-0B41-419C-97EB-5A360441CCA9/L0/001 bytes=19187
[THUMB_RUNTIME] phase=gallery_load path=photos://asset/85158FA6-0B41-419C-97EB-5A360441CCA9/L0/001 complete=true naturalWidth=196 naturalHeight=260 renderWidth=166 renderHeight=135 uri_bytes=19187
[PHOTOS_DEBUG] in_process_thumb_success asset_id=5BC7F352-46CA-415C-BF73-34149E27BBA7/L0/001 bytes=17235
[THUMB_RUNTIME] phase=gallery_load path=photos://asset/5BC7F352-46CA-415C-BF73-34149E27BBA7/L0/001 complete=true naturalWidth=196 naturalHeight=260 renderWidth=166 renderHeight=135 uri_bytes=17235
[PHOTOS_DEBUG] in_process_thumb_success asset_id=D2C8F2BB-0BCC-4DA1-A8CE-767D09B99A3D/L0/001 bytes=13551
[THUMB_RUNTIME] phase=gallery_load path=photos://asset/D2C8F2BB-0BCC-4DA1-A8CE-767D09B99A3D/L0/001 complete=true naturalWidth=169 naturalHeight=260 renderWidth=166 renderHeight=135 uri_bytes=13551
[PHOTOS_DEBUG] in_process_thumb_success asset_id=14A2F553-7A09-49F4-8F36-7B20B6C02A9D/L0/001 bytes=12923
[THUMB_RUNTIME] phase=gallery_load path=photos://asset/14A2F553-7A09-49F4-8F36-7B20B6C02A9D/L0/001 complete=true naturalWidth=120 naturalHeight=260 renderWidth=166 renderHeight=135 uri_bytes=12923
[PHOTOS_DEBUG] in_process_thumb_success asset_id=C3BB8688-707F-4495-837E-28BE7BD6A776/L0/001 bytes=25923
[THUMB_RUNTIME] phase=gallery_load path=photos://asset/C3BB8688-707F-4495-837E-28BE7BD6A776/L0/001 complete=true naturalWidth=146 naturalHeight=260 renderWidth=166 renderHeight=135 uri_bytes=25923
[PHOTOS_DEBUG] in_process_thumb_success asset_id=C55AB001-423F-4D44-B3D8-AC3C40CDDAC8/L0/001 bytes=23759
[THUMB_RUNTIME] phase=gallery_load path=photos://asset/C55AB001-423F-4D44-B3D8-AC3C40CDDAC8/L0/001 complete=true naturalWidth=146 naturalHeight=260 renderWidth=166 renderHeight=135 uri_bytes=23759
[PHOTOS_DEBUG] in_process_thumb_success asset_id=A145E6EC-A6C1-49EA-AF82-9AC3C67CB951/L0/001 bytes=12651
[THUMB_RUNTIME] phase=gallery_load path=photos://asset/A145E6EC-A6C1-49EA-AF82-9AC3C67CB951/L0/001 complete=true naturalWidth=120 naturalHeight=260 renderWidth=166 renderHeight=135 uri_bytes=12651
[PHOTOS_DEBUG] in_process_thumb_success asset_id=FE91AE8C-5D84-4E6C-B979-E4A07A5EB392/L0/001 bytes=28843
[PHOTOS_DEBUG] in_process_thumb_success asset_id=E9650388-348C-4E4B-88E3-50B762EA834D/L0/001 bytes=13907
[THUMB_RUNTIME] phase=gallery_load path=photos://asset/E9650388-348C-4E4B-88E3-50B762EA834D/L0/001 complete=true naturalWidth=120 naturalHeight=260 renderWidth=166 renderHeight=135 uri_bytes=13907
[THUMB_RUNTIME] phase=gallery_load path=photos://asset/FE91AE8C-5D84-4E6C-B979-E4A07A5EB392/L0/001 complete=true naturalWidth=146 naturalHeight=260 renderWidth=166 renderHeight=135 uri_bytes=28843
[PHOTOS_DEBUG] in_process_thumb_success asset_id=087AFEC9-6A07-4DC0-AA87-612DF7E56E1B/L0/001 bytes=16271[PHOTOS_DEBUG] in_process_thumb_success asset_id=3AF3AEEC-D43B-43AA-9C86-5321DAE085BE/L0/001 bytes=18763

[THUMB_RUNTIME] phase=gallery_load path=photos://asset/087AFEC9-6A07-4DC0-AA87-612DF7E56E1B/L0/001 complete=true naturalWidth=120 naturalHeight=260 renderWidth=166 renderHeight=135 uri_bytes=16271
[THUMB_RUNTIME] phase=gallery_load path=photos://asset/3AF3AEEC-D43B-43AA-9C86-5321DAE085BE/L0/001 complete=true naturalWidth=120 naturalHeight=260 renderWidth=166 renderHeight=135 uri_bytes=18763
[PHOTOS_DEBUG] in_process_thumb_success asset_id=88E34304-1621-442A-AE42-715660E4E1DC/L0/001 bytes=28503
[THUMB_RUNTIME] phase=gallery_load path=photos://asset/88E34304-1621-442A-AE42-715660E4E1DC/L0/001 complete=true naturalWidth=196 naturalHeight=260 renderWidth=166 renderHeight=135 uri_bytes=28503
[PHOTOS_DEBUG] in_process_thumb_success asset_id=3417EDFA-5EDE-466D-A8A6-6C5F335C1793/L0/001 bytes=16215
[THUMB_RUNTIME] phase=gallery_load path=photos://asset/3417EDFA-5EDE-466D-A8A6-6C5F335C1793/L0/001 complete=true naturalWidth=120 naturalHeight=260 renderWidth=166 renderHeight=135 uri_bytes=16215
[PHOTOS_DEBUG] in_process_thumb_success asset_id=CCB4FBA2-1CF9-4811-B832-107A6A220197/L0/001 bytes=23331
[THUMB_RUNTIME] phase=gallery_load path=photos://asset/CCB4FBA2-1CF9-4811-B832-107A6A220197/L0/001 complete=true naturalWidth=196 naturalHeight=260 renderWidth=166 renderHeight=135 uri_bytes=23331
[PHOTOS_DEBUG] in_process_thumb_success asset_id=F8EFE244-7B10-440C-BD92-0DBBC92F4FEC/L0/001 bytes=21347
[THUMB_RUNTIME] phase=gallery_load path=photos://asset/F8EFE244-7B10-440C-BD92-0DBBC92F4FEC/L0/001 complete=true naturalWidth=196 naturalHeight=260 renderWidth=166 renderHeight=135 uri_bytes=21347
[PHOTOS_DEBUG] in_process_thumb_success asset_id=0503F4E5-BC54-4F1C-B2A1-1C8596781F35/L0/001 bytes=28259
[THUMB_RUNTIME] phase=gallery_load path=photos://asset/0503F4E5-BC54-4F1C-B2A1-1C8596781F35/L0/001 complete=true naturalWidth=196 naturalHeight=260 renderWidth=166 renderHeight=135 uri_bytes=28259
[PHOTOS_DEBUG] in_process_thumb_success asset_id=3AB846BE-AEB9-4696-80C8-B2EFC3912F66/L0/001 bytes=25639
[THUMB_RUNTIME] phase=gallery_load path=photos://asset/3AB846BE-AEB9-4696-80C8-B2EFC3912F66/L0/001 complete=true naturalWidth=196 naturalHeight=260 renderWidth=166 renderHeight=135 uri_bytes=25639
[PHOTOS_DEBUG] in_process_thumb_success asset_id=29755E84-F94A-478E-A663-A70F28F08704/L0/001 bytes=34179
[THUMB_RUNTIME] phase=gallery_load path=photos://asset/29755E84-F94A-478E-A663-A70F28F08704/L0/001 complete=true naturalWidth=196 naturalHeight=260 renderWidth=166 renderHeight=135 uri_bytes=34179
[PHOTOS_DEBUG] in_process_thumb_success asset_id=E35AE33C-EE40-4E11-B250-8AD3C710CAAC/L0/001 bytes=24351
[THUMB_RUNTIME] phase=gallery_load path=photos://asset/E35AE33C-EE40-4E11-B250-8AD3C710CAAC/L0/001 complete=true naturalWidth=196 naturalHeight=260 renderWidth=166 renderHeight=135 uri_bytes=24351
[PHOTOS_DEBUG] in_process_thumb_success asset_id=69EC8E33-E961-4DA9-B7F4-1C8077C87915/L0/001 bytes=23935
[THUMB_RUNTIME] phase=gallery_load path=photos://asset/69EC8E33-E961-4DA9-B7F4-1C8077C87915/L0/001 complete=true naturalWidth=196 naturalHeight=260 renderWidth=166 renderHeight=135 uri_bytes=23935
[PHOTOS_DEBUG] in_process_thumb_success asset_id=82E775E3-404A-4349-8CD4-56CC3A25F68D/L0/001 bytes=27351[PHOTOS_DEBUG] in_process_thumb_success asset_id=DD1D6B16-2151-4E46-BE6F-A627022B0491/L0/001 bytes=25159

[THUMB_RUNTIME] phase=gallery_load path=photos://asset/DD1D6B16-2151-4E46-BE6F-A627022B0491/L0/001 complete=true naturalWidth=196 naturalHeight=260 renderWidth=166 renderHeight=135 uri_bytes=25159
[THUMB_RUNTIME] phase=gallery_load path=photos://asset/82E775E3-404A-4349-8CD4-56CC3A25F68D/L0/001 complete=true naturalWidth=196 naturalHeight=260 renderWidth=166 renderHeight=135 uri_bytes=27351
[PHOTOS_DEBUG] in_process_thumb_success asset_id=2872DA49-5072-497D-8382-F40999073C7B/L0/001 bytes=26507
[THUMB_RUNTIME] phase=gallery_load path=photos://asset/2872DA49-5072-497D-8382-F40999073C7B/L0/001 complete=true naturalWidth=196 naturalHeight=260 renderWidth=166 renderHeight=135 uri_bytes=26507
[PHOTOS_DEBUG] in_process_thumb_success asset_id=842552A7-4D8E-40E5-B998-CFFEB284F0FA/L0/001 bytes=25007
[PHOTOS_DEBUG] in_process_thumb_success asset_id=EB9E1987-238C-497E-8F87-EBE12782D1B7/L0/001 bytes=24831
[PHOTOS_DEBUG] in_process_thumb_success asset_id=667598D1-FC6E-47EF-8FC2-D4C2FC1A6733/L0/001 bytes=24779
[THUMB_RUNTIME] phase=gallery_load path=photos://asset/842552A7-4D8E-40E5-B998-CFFEB284F0FA/L0/001 complete=true naturalWidth=196 naturalHeight=260 renderWidth=166 renderHeight=135 uri_bytes=25007
[THUMB_RUNTIME] phase=gallery_load path=photos://asset/667598D1-FC6E-47EF-8FC2-D4C2FC1A6733/L0/001 complete=true naturalWidth=196 naturalHeight=260 renderWidth=166 renderHeight=135 uri_bytes=24779
[THUMB_RUNTIME] phase=gallery_load path=photos://asset/EB9E1987-238C-497E-8F87-EBE12782D1B7/L0/001 complete=true naturalWidth=196 naturalHeight=260 renderWidth=166 renderHeight=135 uri_bytes=24831
[PHOTOS_DEBUG] in_process_thumb_success asset_id=C4FAF116-295A-40A4-9328-C0EEA1C4586C/L0/001 bytes=24391
[THUMB_RUNTIME] phase=gallery_load path=photos://asset/C4FAF116-295A-40A4-9328-C0EEA1C4586C/L0/001 complete=true naturalWidth=196 naturalHeight=260 renderWidth=166 renderHeight=135 uri_bytes=24391
[PHOTOS_DEBUG] in_process=yes photos_auth_status=authorized photos_asset_count=4380 photos_offset=80 photos_result_count=40
[GALLERY_PAGE] offset=80 loaded=40 next=120 total=4380
[PHOTOS_DEBUG] in_process_thumb_success asset_id=070195AC-E0A7-40B2-89B1-54F85CAC2B95/L0/001 bytes=15611
[THUMB_RUNTIME] phase=gallery_load path=photos://asset/070195AC-E0A7-40B2-89B1-54F85CAC2B95/L0/001 complete=true naturalWidth=120 naturalHeight=260 renderWidth=166 renderHeight=135 uri_bytes=15611
[PHOTOS_DEBUG] in_process_thumb_success asset_id=07B1AA32-7953-4492-B142-4B0FF57BF8EB/L0/001 bytes=49303
[PHOTOS_DEBUG] in_process_thumb_success asset_id=34FE1592-0F1A-4B37-BDBC-2D1A4941FDB8/L0/001 bytes=13703
[THUMB_RUNTIME] phase=gallery_load path=photos://asset/07B1AA32-7953-4492-B142-4B0FF57BF8EB/L0/001 complete=true naturalWidth=260 naturalHeight=260 renderWidth=166 renderHeight=135 uri_bytes=49303
[THUMB_RUNTIME] phase=gallery_load path=photos://asset/34FE1592-0F1A-4B37-BDBC-2D1A4941FDB8/L0/001 complete=true naturalWidth=120 naturalHeight=260 renderWidth=166 renderHeight=135 uri_bytes=13703
[PHOTOS_DEBUG] in_process_thumb_success asset_id=1EC7C179-88AF-4DDA-B977-3AD01B4FD640/L0/001 bytes=15483
[THUMB_RUNTIME] phase=gallery_load path=photos://asset/1EC7C179-88AF-4DDA-B977-3AD01B4FD640/L0/001 complete=true naturalWidth=120 naturalHeight=260 renderWidth=166 renderHeight=135 uri_bytes=15483
[PHOTOS_DEBUG] in_process_thumb_success asset_id=862330C0-EF96-43AD-943E-D59A76B8AFD0/L0/001 bytes=13923
[THUMB_RUNTIME] phase=gallery_load path=photos://asset/862330C0-EF96-43AD-943E-D59A76B8AFD0/L0/001 complete=true naturalWidth=120 naturalHeight=260 renderWidth=166 renderHeight=135 uri_bytes=13923
[PHOTOS_DEBUG] in_process_thumb_success asset_id=85DD9BDC-6867-4A97-99BF-F80188F3A6BD/L0/001 bytes=18007
[THUMB_RUNTIME] phase=gallery_load path=photos://asset/85DD9BDC-6867-4A97-99BF-F80188F3A6BD/L0/001 complete=true naturalWidth=196 naturalHeight=260 renderWidth=166 renderHeight=135 uri_bytes=18007
[PHOTOS_DEBUG] in_process_thumb_success asset_id=82EE4CC1-C79D-4D1C-8F69-47E3526FAC6B/L0/001 bytes=26135
[PHOTOS_DEBUG] in_process_thumb_success asset_id=DAFDF733-BCCB-4008-A325-D1820CA5C474/L0/001 bytes=25831
[THUMB_RUNTIME] phase=gallery_load path=photos://asset/82EE4CC1-C79D-4D1C-8F69-47E3526FAC6B/L0/001 complete=true naturalWidth=196 naturalHeight=260 renderWidth=166 renderHeight=135 uri_bytes=26135
[THUMB_RUNTIME] phase=gallery_load path=photos://asset/DAFDF733-BCCB-4008-A325-D1820CA5C474/L0/001 complete=true naturalWidth=196 naturalHeight=260 renderWidth=166 renderHeight=135 uri_bytes=25831
[PHOTOS_DEBUG] in_process_thumb_success asset_id=D28B6B7E-4139-4B08-96B4-286D9CE12083/L0/001 bytes=24339
[THUMB_RUNTIME] phase=gallery_load path=photos://asset/D28B6B7E-4139-4B08-96B4-286D9CE12083/L0/001 complete=true naturalWidth=196 naturalHeight=260 renderWidth=166 renderHeight=135 uri_bytes=24339
[PHOTOS_DEBUG] in_process_thumb_success asset_id=76BD8D34-CA4E-488C-9874-44710B51DE0B/L0/001 bytes=32111
[PHOTOS_DEBUG] in_process_thumb_success asset_id=BB0C307D-0495-4F74-9AE6-A72BB4EB28A9/L0/001 bytes=9383
[THUMB_RUNTIME] phase=gallery_load path=photos://asset/76BD8D34-CA4E-488C-9874-44710B51DE0B/L0/001 complete=true naturalWidth=211 naturalHeight=260 renderWidth=166 renderHeight=135 uri_bytes=32111
[THUMB_RUNTIME] phase=gallery_load path=photos://asset/BB0C307D-0495-4F74-9AE6-A72BB4EB28A9/L0/001 complete=true naturalWidth=241 naturalHeight=260 renderWidth=166 renderHeight=135 uri_bytes=9383
[PHOTOS_DEBUG] in_process_thumb_success asset_id=06093892-8146-4EC3-8096-E2471FF18602/L0/001 bytes=18427
[THUMB_RUNTIME] phase=gallery_load path=photos://asset/06093892-8146-4EC3-8096-E2471FF18602/L0/001 complete=true naturalWidth=260 naturalHeight=217 renderWidth=166 renderHeight=135 uri_bytes=18427
[PHOTOS_DEBUG] in_process_thumb_success asset_id=90197983-7A1F-4A5D-9E2A-0842D0237B6C/L0/001 bytes=28439
[THUMB_RUNTIME] phase=gallery_load path=photos://asset/90197983-7A1F-4A5D-9E2A-0842D0237B6C/L0/001 complete=true naturalWidth=195 naturalHeight=260 renderWidth=166 renderHeight=135 uri_bytes=28439
[PHOTOS_DEBUG] in_process_thumb_success asset_id=ACECD9FD-9FE8-495B-9BEF-164036C6E041/L0/001 bytes=14971
[THUMB_RUNTIME] phase=gallery_load path=photos://asset/ACECD9FD-9FE8-495B-9BEF-164036C6E041/L0/001 complete=true naturalWidth=120 naturalHeight=260 renderWidth=166 renderHeight=135 uri_bytes=14971
[PHOTOS_DEBUG] in_process_thumb_success asset_id=B4DC91C3-D772-47B2-ADCE-9AD66F32C5F6/L0/001 bytes=18879
[PHOTOS_DEBUG] in_process_thumb_success asset_id=3BD5A2EA-1743-488C-9F16-9F538AAC2DA8/L0/001 bytes=18087
[THUMB_RUNTIME] phase=gallery_load path=photos://asset/B4DC91C3-D772-47B2-ADCE-9AD66F32C5F6/L0/001 complete=true naturalWidth=260 naturalHeight=154 renderWidth=166 renderHeight=135 uri_bytes=18879
[THUMB_RUNTIME] phase=gallery_load path=photos://asset/3BD5A2EA-1743-488C-9F16-9F538AAC2DA8/L0/001 complete=true naturalWidth=260 naturalHeight=192 renderWidth=166 renderHeight=135 uri_bytes=18087
[PHOTOS_DEBUG] in_process_thumb_success asset_id=8410C754-F310-4743-9172-1116DD8B667E/L0/001 bytes=16323
[THUMB_RUNTIME] phase=gallery_load path=photos://asset/8410C754-F310-4743-9172-1116DD8B667E/L0/001 complete=true naturalWidth=146 naturalHeight=260 renderWidth=166 renderHeight=135 uri_bytes=16323
[PHOTOS_DEBUG] in_process_thumb_success asset_id=DFA2A2E2-9441-4C96-95A2-DE3F82F01FF9/L0/001 bytes=24811
[PHOTOS_DEBUG] in_process_thumb_success asset_id=F60C916E-FC98-409E-9C7E-E85F7D1DC6E4/L0/001 bytes=11451
[PHOTOS_DEBUG] in_process_thumb_success asset_id=8A39B684-AF35-4548-A5B1-559C733899E6/L0/001 bytes=21431
[PHOTOS_DEBUG] in_process_thumb_success asset_id=8BDC96CE-E774-497C-AB75-3357C905080D/L0/001 bytes=13731
[THUMB_RUNTIME] phase=gallery_load path=photos://asset/F60C916E-FC98-409E-9C7E-E85F7D1DC6E4/L0/001 complete=true naturalWidth=260 naturalHeight=184 renderWidth=166 renderHeight=135 uri_bytes=11451
[THUMB_RUNTIME] phase=gallery_load path=photos://asset/DFA2A2E2-9441-4C96-95A2-DE3F82F01FF9/L0/001 complete=true naturalWidth=260 naturalHeight=167 renderWidth=166 renderHeight=135 uri_bytes=24811
[THUMB_RUNTIME] phase=gallery_load path=photos://asset/8BDC96CE-E774-497C-AB75-3357C905080D/L0/001 complete=true naturalWidth=260 naturalHeight=260 renderWidth=166 renderHeight=135 uri_bytes=13731
[THUMB_RUNTIME] phase=gallery_load path=photos://asset/8A39B684-AF35-4548-A5B1-559C733899E6/L0/001 complete=true naturalWidth=146 naturalHeight=260 renderWidth=166 renderHeight=135 uri_bytes=21431
[PHOTOS_DEBUG] in_process_thumb_success asset_id=66CB6E9D-4E31-489E-9C81-D886DF873FA3/L0/001 bytes=30495
[PHOTOS_DEBUG] in_process_thumb_success asset_id=A84E969D-837A-40F1-938F-B2F95F53EC89/L0/001 bytes=25731
[THUMB_RUNTIME] phase=gallery_load path=photos://asset/66CB6E9D-4E31-489E-9C81-D886DF873FA3/L0/001 complete=true naturalWidth=260 naturalHeight=196 renderWidth=166 renderHeight=135 uri_bytes=30495
[THUMB_RUNTIME] phase=gallery_load path=photos://asset/A84E969D-837A-40F1-938F-B2F95F53EC89/L0/001 complete=true naturalWidth=196 naturalHeight=260 renderWidth=166 renderHeight=135 uri_bytes=25731
[PHOTOS_DEBUG] in_process_thumb_success asset_id=BC61BB1C-D92C-434A-A3AE-A9591AB169BD/L0/001 bytes=22195
[PHOTOS_DEBUG] in_process_thumb_success asset_id=798CB17F-4F1F-4DB2-B22D-FD81934C2832/L0/001 bytes=24163
[THUMB_RUNTIME] phase=gallery_load path=photos://asset/BC61BB1C-D92C-434A-A3AE-A9591AB169BD/L0/001 complete=true naturalWidth=196 naturalHeight=260 renderWidth=166 renderHeight=135 uri_bytes=22195
[THUMB_RUNTIME] phase=gallery_load path=photos://asset/798CB17F-4F1F-4DB2-B22D-FD81934C2832/L0/001 complete=true naturalWidth=196 naturalHeight=260 renderWidth=166 renderHeight=135 uri_bytes=24163
[PHOTOS_DEBUG] in_process_thumb_success asset_id=2CD85E4E-A6E2-4629-B4F8-D05E4710204F/L0/001 bytes=26007
[PHOTOS_DEBUG] in_process_thumb_success asset_id=A0EF74E7-96E2-4C6E-B5D2-064BBF9E8310/L0/001 bytes=20923
[THUMB_RUNTIME] phase=gallery_load path=photos://asset/2CD85E4E-A6E2-4629-B4F8-D05E4710204F/L0/001 complete=true naturalWidth=196 naturalHeight=260 renderWidth=166 renderHeight=135 uri_bytes=26007
[THUMB_RUNTIME] phase=gallery_load path=photos://asset/A0EF74E7-96E2-4C6E-B5D2-064BBF9E8310/L0/001 complete=true naturalWidth=196 naturalHeight=260 renderWidth=166 renderHeight=135 uri_bytes=20923
[PHOTOS_DEBUG] in_process_thumb_success asset_id=7569F615-511C-4BAC-B4A4-B348B1025CFC/L0/001 bytes=29379
[THUMB_RUNTIME] phase=gallery_load path=photos://asset/7569F615-511C-4BAC-B4A4-B348B1025CFC/L0/001 complete=true naturalWidth=196 naturalHeight=260 renderWidth=166 renderHeight=135 uri_bytes=29379
[PHOTOS_DEBUG] in_process_thumb_success asset_id=46AA0860-A126-4657-AF85-73641F2F1C06/L0/001 bytes=17599
[THUMB_RUNTIME] phase=gallery_load path=photos://asset/46AA0860-A126-4657-AF85-73641F2F1C06/L0/001 complete=true naturalWidth=146 naturalHeight=260 renderWidth=166 renderHeight=135 uri_bytes=17599
[PHOTOS_DEBUG] in_process=yes photos_auth_status=authorized photos_asset_count=4380 photos_offset=120 photos_result_count=40
[GALLERY_PAGE] offset=120 loaded=40 next=160 total=4380
[PHOTOS_DEBUG] in_process_thumb_success asset_id=8A5C6DE7-7BA4-4BA7-BCA2-CB3803FD374B/L0/001 bytes=15759
[PHOTOS_DEBUG] in_process_thumb_success asset_id=081C56B4-6D73-4DC2-9E8A-57C14652077D/L0/001 bytes=17975
[THUMB_RUNTIME] phase=gallery_load path=photos://asset/8A5C6DE7-7BA4-4BA7-BCA2-CB3803FD374B/L0/001 complete=true naturalWidth=120 naturalHeight=260 renderWidth=166 renderHeight=135 uri_bytes=15759
[THUMB_RUNTIME] phase=gallery_load path=photos://asset/081C56B4-6D73-4DC2-9E8A-57C14652077D/L0/001 complete=true naturalWidth=146 naturalHeight=260 renderWidth=166 renderHeight=135 uri_bytes=17975
[PHOTOS_DEBUG] in_process_thumb_success asset_id=91254842-1FB1-48DC-8435-66E931CC750B/L0/001 bytes=34051[PHOTOS_DEBUG] in_process_thumb_success asset_id=C41B207D-39C9-48F5-8861-54A6C6673720/L0/001 bytes=19979
[PHOTOS_DEBUG] in_process_thumb_success asset_id=ED3012B1-9755-4816-A80C-0E4C63ACF98E/L0/001 bytes=9019

[PHOTOS_DEBUG] in_process_thumb_success asset_id=8B2BE0B0-2C28-48F7-B361-958C11440ECC/L0/001 bytes=12239
[THUMB_RUNTIME] phase=gallery_load path=photos://asset/C41B207D-39C9-48F5-8861-54A6C6673720/L0/001 complete=true naturalWidth=120 naturalHeight=260 renderWidth=166 renderHeight=135 uri_bytes=19979
[THUMB_RUNTIME] phase=gallery_load path=photos://asset/ED3012B1-9755-4816-A80C-0E4C63ACF98E/L0/001 complete=true naturalWidth=120 naturalHeight=260 renderWidth=166 renderHeight=135 uri_bytes=9019
[THUMB_RUNTIME] phase=gallery_load path=photos://asset/91254842-1FB1-48DC-8435-66E931CC750B/L0/001 complete=true naturalWidth=201 naturalHeight=260 renderWidth=166 renderHeight=135 uri_bytes=34051
[THUMB_RUNTIME] phase=gallery_load path=photos://asset/8B2BE0B0-2C28-48F7-B361-958C11440ECC/L0/001 complete=true naturalWidth=120 naturalHeight=260 renderWidth=166 renderHeight=135 uri_bytes=12239
[PHOTOS_DEBUG] in_process_thumb_success asset_id=1FE6874C-34C0-4D9F-9934-E95C9E0DDE8D/L0/001 bytes=12367
[THUMB_RUNTIME] phase=gallery_load path=photos://asset/1FE6874C-34C0-4D9F-9934-E95C9E0DDE8D/L0/001 complete=true naturalWidth=120 naturalHeight=260 renderWidth=166 renderHeight=135 uri_bytes=12367
[PHOTOS_DEBUG] in_process_thumb_success asset_id=70B8C52F-7F29-4B75-9A98-C38F1CE0329C/L0/001 bytes=15099
[THUMB_RUNTIME] phase=gallery_load path=photos://asset/70B8C52F-7F29-4B75-9A98-C38F1CE0329C/L0/001 complete=true naturalWidth=120 naturalHeight=260 renderWidth=166 renderHeight=135 uri_bytes=15099
[PHOTOS_DEBUG] in_process_thumb_success asset_id=89FA8163-350A-4459-BA06-9A20B7978538/L0/001 bytes=20515
[PHOTOS_DEBUG] in_process_thumb_success asset_id=208B60E2-C0BE-4C37-823F-CA8792ECDDEF/L0/001 bytes=37255
[PHOTOS_DEBUG] in_process_thumb_success asset_id=02E1F2CC-31F0-41AA-98A1-939B9FEF3816/L0/001 bytes=33811
[THUMB_RUNTIME] phase=gallery_load path=photos://asset/89FA8163-350A-4459-BA06-9A20B7978538/L0/001 complete=true naturalWidth=120 naturalHeight=260 renderWidth=166 renderHeight=135 uri_bytes=20515
[THUMB_RUNTIME] phase=gallery_load path=photos://asset/208B60E2-C0BE-4C37-823F-CA8792ECDDEF/L0/001 complete=true naturalWidth=260 naturalHeight=156 renderWidth=166 renderHeight=135 uri_bytes=37255
[PHOTOS_DEBUG] in_process_thumb_success asset_id=3611ABC3-3A37-4DC5-97B6-69AEC14555F5/L0/001 bytes=14679
[THUMB_RUNTIME] phase=gallery_load path=photos://asset/02E1F2CC-31F0-41AA-98A1-939B9FEF3816/L0/001 complete=true naturalWidth=260 naturalHeight=146 renderWidth=166 renderHeight=135 uri_bytes=33811
[THUMB_RUNTIME] phase=gallery_load path=photos://asset/3611ABC3-3A37-4DC5-97B6-69AEC14555F5/L0/001 complete=true naturalWidth=120 naturalHeight=260 renderWidth=166 renderHeight=135 uri_bytes=14679
[PHOTOS_DEBUG] in_process_thumb_success asset_id=E358D6AE-7137-4033-B7E5-C81F72BE0911/L0/001 bytes=9927
[PHOTOS_DEBUG] in_process_thumb_success asset_id=607FAA78-246B-4550-BEE9-DC4D9243B659/L0/001 bytes=21359
[THUMB_RUNTIME] phase=gallery_load path=photos://asset/E358D6AE-7137-4033-B7E5-C81F72BE0911/L0/001 complete=true naturalWidth=120 naturalHeight=260 renderWidth=166 renderHeight=135 uri_bytes=9927
[THUMB_RUNTIME] phase=gallery_load path=photos://asset/607FAA78-246B-4550-BEE9-DC4D9243B659/L0/001 complete=true naturalWidth=120 naturalHeight=260 renderWidth=166 renderHeight=135 uri_bytes=21359
[PHOTOS_DEBUG] in_process_thumb_success asset_id=AA41EB00-E2E2-4BA2-8FD9-8031933AB668/L0/001 bytes=17487
[PHOTOS_DEBUG] in_process_thumb_success asset_id=1EB79C24-33EF-4426-BDB7-E26484ADE81E/L0/001 bytes=21591
[THUMB_RUNTIME] phase=gallery_load path=photos://asset/AA41EB00-E2E2-4BA2-8FD9-8031933AB668/L0/001 complete=true naturalWidth=120 naturalHeight=260 renderWidth=166 renderHeight=135 uri_bytes=17487
[THUMB_RUNTIME] phase=gallery_load path=photos://asset/1EB79C24-33EF-4426-BDB7-E26484ADE81E/L0/001 complete=true naturalWidth=146 naturalHeight=260 renderWidth=166 renderHeight=135 uri_bytes=21591
[PHOTOS_DEBUG] in_process=yes photos_auth_status=authorized photos_asset_count=4380 photos_offset=160 photos_result_count=40
[GALLERY_PAGE] offset=160 loaded=40 next=200 total=4380
[PHOTOS_DEBUG] in_process_thumb_success asset_id=9EE0E963-E201-4D30-8261-9F20C167185A/L0/001 bytes=19811
[THUMB_RUNTIME] phase=gallery_load path=photos://asset/9EE0E963-E201-4D30-8261-9F20C167185A/L0/001 complete=true naturalWidth=120 naturalHeight=260 renderWidth=166 renderHeight=135 uri_bytes=19811
[PHOTOS_DEBUG] in_process_thumb_success asset_id=416D7E24-EFF6-4A48-9C96-FC0350ECCA0B/L0/001 bytes=15203
[PHOTOS_DEBUG] in_process_thumb_success asset_id=634A762A-1E2A-4577-8B0E-E9B7EB041494/L0/001 bytes=17355
[THUMB_RUNTIME] phase=gallery_load path=photos://asset/416D7E24-EFF6-4A48-9C96-FC0350ECCA0B/L0/001 complete=true naturalWidth=120 naturalHeight=260 renderWidth=166 renderHeight=135 uri_bytes=15203
[THUMB_RUNTIME] phase=gallery_load path=photos://asset/634A762A-1E2A-4577-8B0E-E9B7EB041494/L0/001 complete=true naturalWidth=120 naturalHeight=260 renderWidth=166 renderHeight=135 uri_bytes=17355
[PHOTOS_DEBUG] in_process_thumb_success asset_id=FAE17237-43B9-41C4-8029-7639459C5147/L0/001 bytes=20563
[THUMB_RUNTIME] phase=gallery_load path=photos://asset/FAE17237-43B9-41C4-8029-7639459C5147/L0/001 complete=true naturalWidth=146 naturalHeight=260 renderWidth=166 renderHeight=135 uri_bytes=20563
[PHOTOS_DEBUG] in_process_thumb_success asset_id=152C5C82-863F-45C0-8057-E8C3DDA2A220/L0/001 bytes=18851
[THUMB_RUNTIME] phase=gallery_load path=photos://asset/152C5C82-863F-45C0-8057-E8C3DDA2A220/L0/001 complete=true naturalWidth=196 naturalHeight=260 renderWidth=166 renderHeight=135 uri_bytes=18851
[PHOTOS_DEBUG] in_process_thumb_success asset_id=ACD4783D-49D2-46ED-9B6E-2FCCC3444B7D/L0/001 bytes=20171
[THUMB_RUNTIME] phase=gallery_load path=photos://asset/ACD4783D-49D2-46ED-9B6E-2FCCC3444B7D/L0/001 complete=true naturalWidth=260 naturalHeight=136 renderWidth=166 renderHeight=135 uri_bytes=20171
[PHOTOS_DEBUG] in_process_thumb_success asset_id=C405D825-49F8-4EFB-98C0-6038FAFABCBE/L0/001 bytes=15511
[PHOTOS_DEBUG] in_process_thumb_success asset_id=29F79532-1E5C-467A-A318-806D66918427/L0/001 bytes=19615
[THUMB_RUNTIME] phase=gallery_load path=photos://asset/C405D825-49F8-4EFB-98C0-6038FAFABCBE/L0/001 complete=true naturalWidth=196 naturalHeight=260 renderWidth=166 renderHeight=135 uri_bytes=15511
[THUMB_RUNTIME] phase=gallery_load path=photos://asset/29F79532-1E5C-467A-A318-806D66918427/L0/001 complete=true naturalWidth=133 naturalHeight=260 renderWidth=166 renderHeight=135 uri_bytes=19615
[PHOTOS_DEBUG] in_process_thumb_success asset_id=E7CA73BC-AFE9-466B-87FB-E97A35393722/L0/001 bytes=19283
[THUMB_RUNTIME] phase=gallery_load path=photos://asset/E7CA73BC-AFE9-466B-87FB-E97A35393722/L0/001 complete=true naturalWidth=260 naturalHeight=196 renderWidth=166 renderHeight=135 uri_bytes=19283
[PHOTOS_DEBUG] in_process_thumb_success asset_id=B1FAE30C-F44A-4CA5-9221-A2F485CC8336/L0/001 bytes=28807
[THUMB_RUNTIME] phase=gallery_load path=photos://asset/B1FAE30C-F44A-4CA5-9221-A2F485CC8336/L0/001 complete=true naturalWidth=196 naturalHeight=260 renderWidth=166 renderHeight=135 uri_bytes=28807
[PHOTOS_DEBUG] in_process_thumb_success asset_id=4CC45A86-DA12-4BF5-A349-DE61E2F186BA/L0/001 bytes=26043
[PHOTOS_DEBUG] in_process_thumb_success asset_id=CE20CAFB-4AC2-4CD5-9C38-21FC89C52BFA/L0/001 bytes=11259
[THUMB_RUNTIME] phase=gallery_load path=photos://asset/4CC45A86-DA12-4BF5-A349-DE61E2F186BA/L0/001 complete=true naturalWidth=196 naturalHeight=260 renderWidth=166 renderHeight=135 uri_bytes=26043
[THUMB_RUNTIME] phase=gallery_load path=photos://asset/CE20CAFB-4AC2-4CD5-9C38-21FC89C52BFA/L0/001 complete=true naturalWidth=120 naturalHeight=260 renderWidth=166 renderHeight=135 uri_bytes=11259
[PHOTOS_DEBUG] in_process_thumb_success asset_id=16C11F6F-A88E-4EF2-AC59-4C7039DB8732/L0/001 bytes=31399
[THUMB_RUNTIME] phase=gallery_load path=photos://asset/16C11F6F-A88E-4EF2-AC59-4C7039DB8732/L0/001 complete=true naturalWidth=196 naturalHeight=260 renderWidth=166 renderHeight=135 uri_bytes=31399
[PHOTOS_DEBUG] in_process_thumb_success asset_id=FC52FD18-7B57-4567-B892-7994254F727F/L0/001 bytes=15523
[THUMB_RUNTIME] phase=gallery_load path=photos://asset/FC52FD18-7B57-4567-B892-7994254F727F/L0/001 complete=true naturalWidth=260 naturalHeight=120 renderWidth=166 renderHeight=135 uri_bytes=15523
[PHOTOS_DEBUG] in_process_thumb_success asset_id=684F10D9-6A6C-412A-9EB0-432BF55051A8/L0/001 bytes=32019
[PHOTOS_DEBUG] in_process_thumb_success asset_id=ECE79E0A-A856-46ED-B538-0F4BF5ACB649/L0/001 bytes=16587
[THUMB_RUNTIME] phase=gallery_load path=photos://asset/ECE79E0A-A856-46ED-B538-0F4BF5ACB649/L0/001 complete=true naturalWidth=120 naturalHeight=260 renderWidth=166 renderHeight=135 uri_bytes=16587
[THUMB_RUNTIME] phase=gallery_load path=photos://asset/684F10D9-6A6C-412A-9EB0-432BF55051A8/L0/001 complete=true naturalWidth=196 naturalHeight=260 renderWidth=166 renderHeight=135 uri_bytes=32019
[PHOTOS_DEBUG] in_process_thumb_success asset_id=D2AE06B0-FABB-4E67-BDB6-264F359D63F3/L0/001 bytes=28627
[THUMB_RUNTIME] phase=gallery_load path=photos://asset/D2AE06B0-FABB-4E67-BDB6-264F359D63F3/L0/001 complete=true naturalWidth=196 naturalHeight=260 renderWidth=166 renderHeight=135 uri_bytes=28627
[PHOTOS_DEBUG] in_process_thumb_success asset_id=AAA6553E-165B-4483-BBCC-EA55FE326A32/L0/001 bytes=24075
[PHOTOS_DEBUG] in_process_thumb_success asset_id=91A18655-FDF7-4E7E-AA61-9F8F836ACDBE/L0/001 bytes=26379
[THUMB_RUNTIME] phase=gallery_load path=photos://asset/AAA6553E-165B-4483-BBCC-EA55FE326A32/L0/001 complete=true naturalWidth=260 naturalHeight=196 renderWidth=166 renderHeight=135 uri_bytes=24075
[THUMB_RUNTIME] phase=gallery_load path=photos://asset/91A18655-FDF7-4E7E-AA61-9F8F836ACDBE/L0/001 complete=true naturalWidth=260 naturalHeight=196 renderWidth=166 renderHeight=135 uri_bytes=26379
[PHOTOS_DEBUG] in_process_thumb_success asset_id=A61ECA42-E0D3-4340-B74C-0FD162A5EB42/L0/001 bytes=28119
[THUMB_RUNTIME] phase=gallery_load path=photos://asset/A61ECA42-E0D3-4340-B74C-0FD162A5EB42/L0/001 complete=true naturalWidth=196 naturalHeight=260 renderWidth=166 renderHeight=135 uri_bytes=28119
[PHOTOS_DEBUG] in_process_thumb_success asset_id=B5CC76CA-484A-45CD-88C2-1DEF8684CE49/L0/001 bytes=17083
[THUMB_RUNTIME] phase=gallery_load path=photos://asset/B5CC76CA-484A-45CD-88C2-1DEF8684CE49/L0/001 complete=true naturalWidth=196 naturalHeight=260 renderWidth=166 renderHeight=135 uri_bytes=17083
[PHOTOS_DEBUG] in_process_thumb_success asset_id=66AB1C92-7F71-4D3E-B47A-26FFB7C818BF/L0/001 bytes=16275
[THUMB_RUNTIME] phase=gallery_load path=photos://asset/66AB1C92-7F71-4D3E-B47A-26FFB7C818BF/L0/001 complete=true naturalWidth=196 naturalHeight=260 renderWidth=166 renderHeight=135 uri_bytes=16275
[PHOTOS_DEBUG] in_process_thumb_success asset_id=E51953AC-BF18-4E4E-80F0-24DEBD92ED2D/L0/001 bytes=30427
[THUMB_RUNTIME] phase=gallery_load path=photos://asset/E51953AC-BF18-4E4E-80F0-24DEBD92ED2D/L0/001 complete=true naturalWidth=196 naturalHeight=260 renderWidth=166 renderHeight=135 uri_bytes=30427
[PHOTOS_DEBUG] in_process_thumb_success asset_id=248CBA68-F5A8-44EC-8D9C-2389AA93687A/L0/001 bytes=32887
[THUMB_RUNTIME] phase=gallery_load path=photos://asset/248CBA68-F5A8-44EC-8D9C-2389AA93687A/L0/001 complete=true naturalWidth=196 naturalHeight=260 renderWidth=166 renderHeight=135 uri_bytes=32887
[PHOTOS_DEBUG] in_process_thumb_success asset_id=660D0A50-08FD-4CF8-BC3D-0BBAF67737BB/L0/001 bytes=29143
[THUMB_RUNTIME] phase=gallery_load path=photos://asset/660D0A50-08FD-4CF8-BC3D-0BBAF67737BB/L0/001 complete=true naturalWidth=196 naturalHeight=260 renderWidth=166 renderHeight=135 uri_bytes=29143
[PHOTOS_DEBUG] in_process=yes photos_auth_status=authorized photos_asset_count=4380 photos_offset=200 photos_result_count=40
[GALLERY_PAGE] offset=200 loaded=40 next=240 total=4380
[PHOTOS_DEBUG] in_process_thumb_success asset_id=8E3A8DA3-0D8E-4928-8EAF-5E6382A876A6/L0/001 bytes=25003
[PHOTOS_DEBUG] in_process_thumb_success asset_id=01907752-56E9-488E-B45D-18123AAC428D/L0/001 bytes=15179
[THUMB_RUNTIME] phase=gallery_load path=photos://asset/01907752-56E9-488E-B45D-18123AAC428D/L0/001 complete=true naturalWidth=120 naturalHeight=260 renderWidth=166 renderHeight=135 uri_bytes=15179
[THUMB_RUNTIME] phase=gallery_load path=photos://asset/8E3A8DA3-0D8E-4928-8EAF-5E6382A876A6/L0/001 complete=true naturalWidth=146 naturalHeight=260 renderWidth=166 renderHeight=135 uri_bytes=25003
[PHOTOS_DEBUG] in_process_thumb_success asset_id=16CB99B1-64CD-4545-A506-34EA8BBC5406/L0/001 bytes=29059
[THUMB_RUNTIME] phase=gallery_load path=photos://asset/16CB99B1-64CD-4545-A506-34EA8BBC5406/L0/001 complete=true naturalWidth=196 naturalHeight=260 renderWidth=166 renderHeight=135 uri_bytes=29059
[PHOTOS_DEBUG] in_process_thumb_success asset_id=0907F68B-5B02-473D-B545-545D964919BC/L0/001 bytes=30223
[PHOTOS_DEBUG] in_process_thumb_success asset_id=F4C6987E-7740-4E6B-AAF3-4D007884445F/L0/001 bytes=29939
[THUMB_RUNTIME] phase=gallery_load path=photos://asset/0907F68B-5B02-473D-B545-545D964919BC/L0/001 complete=true naturalWidth=196 naturalHeight=260 renderWidth=166 renderHeight=135 uri_bytes=30223
[THUMB_RUNTIME] phase=gallery_load path=photos://asset/F4C6987E-7740-4E6B-AAF3-4D007884445F/L0/001 complete=true naturalWidth=196 naturalHeight=260 renderWidth=166 renderHeight=135 uri_bytes=29939
[PHOTOS_DEBUG] in_process_thumb_success asset_id=4B18759C-D63D-40C5-A6C5-5D438CA4FD5D/L0/001 bytes=32051
[THUMB_RUNTIME] phase=gallery_load path=photos://asset/4B18759C-D63D-40C5-A6C5-5D438CA4FD5D/L0/001 complete=true naturalWidth=196 naturalHeight=260 renderWidth=166 renderHeight=135 uri_bytes=32051
[PHOTOS_DEBUG] in_process_thumb_success asset_id=F49AA789-E045-498E-BCC8-11FAC6B02DAE/L0/001 bytes=30855
[THUMB_RUNTIME] phase=gallery_load path=photos://asset/F49AA789-E045-498E-BCC8-11FAC6B02DAE/L0/001 complete=true naturalWidth=196 naturalHeight=260 renderWidth=166 renderHeight=135 uri_bytes=30855
[PHOTOS_DEBUG] in_process_thumb_success asset_id=4F8C4338-42BD-4344-B947-221AE831FC9F/L0/001 bytes=29855
[PHOTOS_DEBUG] in_process_thumb_success asset_id=1DB28C67-EDF1-4680-8030-4FB159B301D3/L0/001 bytes=28683
[THUMB_RUNTIME] phase=gallery_load path=photos://asset/4F8C4338-42BD-4344-B947-221AE831FC9F/L0/001 complete=true naturalWidth=196 naturalHeight=260 renderWidth=166 renderHeight=135 uri_bytes=29855
[THUMB_RUNTIME] phase=gallery_load path=photos://asset/1DB28C67-EDF1-4680-8030-4FB159B301D3/L0/001 complete=true naturalWidth=196 naturalHeight=260 renderWidth=166 renderHeight=135 uri_bytes=28683
[PHOTOS_DEBUG] in_process_thumb_success asset_id=43404318-7CCB-47AD-ABDB-E1117BDE22AA/L0/001 bytes=30315
[THUMB_RUNTIME] phase=gallery_load path=photos://asset/43404318-7CCB-47AD-ABDB-E1117BDE22AA/L0/001 complete=true naturalWidth=196 naturalHeight=260 renderWidth=166 renderHeight=135 uri_bytes=30315
[PHOTOS_DEBUG] in_process_thumb_success asset_id=5D13725F-3A4A-4C6C-B7B1-7757EA79A69C/L0/001 bytes=22515
[THUMB_RUNTIME] phase=gallery_load path=photos://asset/5D13725F-3A4A-4C6C-B7B1-7757EA79A69C/L0/001 complete=true naturalWidth=196 naturalHeight=260 renderWidth=166 renderHeight=135 uri_bytes=22515
[PHOTOS_DEBUG] in_process_thumb_success asset_id=4C3D820D-ED15-49F3-9A97-2E0F9837925C/L0/001 bytes=33559
[PHOTOS_DEBUG] in_process_thumb_success asset_id=ECDE1224-211E-4AFC-9615-A3A6EF6DF37B/L0/001 bytes=26791
[THUMB_RUNTIME] phase=gallery_load path=photos://asset/4C3D820D-ED15-49F3-9A97-2E0F9837925C/L0/001 complete=true naturalWidth=196 naturalHeight=260 renderWidth=166 renderHeight=135 uri_bytes=33559
[THUMB_RUNTIME] phase=gallery_load path=photos://asset/ECDE1224-211E-4AFC-9615-A3A6EF6DF37B/L0/001 complete=true naturalWidth=196 naturalHeight=260 renderWidth=166 renderHeight=135 uri_bytes=26791
[PHOTOS_DEBUG] in_process_thumb_success asset_id=D033546A-E1DE-437A-A081-7761ECA73F37/L0/001 bytes=21167
[THUMB_RUNTIME] phase=gallery_load path=photos://asset/D033546A-E1DE-437A-A081-7761ECA73F37/L0/001 complete=true naturalWidth=196 naturalHeight=260 renderWidth=166 renderHeight=135 uri_bytes=21167
[PHOTOS_DEBUG] in_process_thumb_success asset_id=671F7E1C-0CC5-4C2F-AF23-1309AE4F7371/L0/001 bytes=22783
[THUMB_RUNTIME] phase=gallery_load path=photos://asset/671F7E1C-0CC5-4C2F-AF23-1309AE4F7371/L0/001 complete=true naturalWidth=196 naturalHeight=260 renderWidth=166 renderHeight=135 uri_bytes=22783
[PHOTOS_DEBUG] in_process_thumb_success asset_id=2AAB533F-AB9A-485F-A648-614F19FEA9C9/L0/001 bytes=20675
[THUMB_RUNTIME] phase=gallery_load path=photos://asset/2AAB533F-AB9A-485F-A648-614F19FEA9C9/L0/001 complete=true naturalWidth=196 naturalHeight=260 renderWidth=166 renderHeight=135 uri_bytes=20675
[PHOTOS_DEBUG] in_process_thumb_success asset_id=28D68BF0-9422-4F4B-A362-29417F4FDA6E/L0/001 bytes=22087
[THUMB_RUNTIME] phase=gallery_load path=photos://asset/28D68BF0-9422-4F4B-A362-29417F4FDA6E/L0/001 complete=true naturalWidth=196 naturalHeight=260 renderWidth=166 renderHeight=135 uri_bytes=22087
[PHOTOS_DEBUG] in_process_thumb_success asset_id=7A06B806-E4D6-4F7E-B464-FC19A03E8A9F/L0/001 bytes=27823
[THUMB_RUNTIME] phase=gallery_load path=photos://asset/7A06B806-E4D6-4F7E-B464-FC19A03E8A9F/L0/001 complete=true naturalWidth=196 naturalHeight=260 renderWidth=166 renderHeight=135 uri_bytes=27823
[PHOTOS_DEBUG] in_process_thumb_success asset_id=9C565D6A-FA15-4E02-9BB7-8C1ABE2249DA/L0/001 bytes=30543
[PHOTOS_DEBUG] in_process_thumb_success asset_id=DF97690B-E497-457F-98D7-193F9978872E/L0/001 bytes=30063
[THUMB_RUNTIME] phase=gallery_load path=photos://asset/9C565D6A-FA15-4E02-9BB7-8C1ABE2249DA/L0/001 complete=true naturalWidth=196 naturalHeight=260 renderWidth=166 renderHeight=135 uri_bytes=30543
[THUMB_RUNTIME] phase=gallery_load path=photos://asset/DF97690B-E497-457F-98D7-193F9978872E/L0/001 complete=true naturalWidth=196 naturalHeight=260 renderWidth=166 renderHeight=135 uri_bytes=30063
[PHOTOS_DEBUG] in_process_thumb_success asset_id=7C144BDC-258C-43DF-AAD2-942EDB52113D/L0/001 bytes=28647
[THUMB_RUNTIME] phase=gallery_load path=photos://asset/7C144BDC-258C-43DF-AAD2-942EDB52113D/L0/001 complete=true naturalWidth=196 naturalHeight=260 renderWidth=166 renderHeight=135 uri_bytes=28647
[PHOTOS_DEBUG] in_process_thumb_success asset_id=5CEBC967-A1F2-470B-B563-3A9E0D4C082A/L0/001 bytes=29175
[THUMB_RUNTIME] phase=gallery_load path=photos://asset/5CEBC967-A1F2-470B-B563-3A9E0D4C082A/L0/001 complete=true naturalWidth=196 naturalHeight=260 renderWidth=166 renderHeight=135 uri_bytes=29175
[PHOTOS_DEBUG] in_process_thumb_success asset_id=7BC2D377-39A0-428C-86BE-21C572F10EA9/L0/001 bytes=18907
[THUMB_RUNTIME] phase=gallery_load path=photos://asset/7BC2D377-39A0-428C-86BE-21C572F10EA9/L0/001 complete=true naturalWidth=196 naturalHeight=260 renderWidth=166 renderHeight=135 uri_bytes=18907
[PHOTOS_DEBUG] in_process_thumb_success asset_id=CFABA837-57D9-4B02-B5EA-A1DCBC016F03/L0/001 bytes=33899
[PHOTOS_DEBUG] in_process_thumb_success asset_id=7C40370F-B46A-44BD-8510-D7A57DB46017/L0/001 bytes=34079
[THUMB_RUNTIME] phase=gallery_load path=photos://asset/CFABA837-57D9-4B02-B5EA-A1DCBC016F03/L0/001 complete=true naturalWidth=196 naturalHeight=260 renderWidth=166 renderHeight=135 uri_bytes=33899
[THUMB_RUNTIME] phase=gallery_load path=photos://asset/7C40370F-B46A-44BD-8510-D7A57DB46017/L0/001 complete=true naturalWidth=196 naturalHeight=260 renderWidth=166 renderHeight=135 uri_bytes=34079
[PHOTOS_DEBUG] in_process_thumb_success asset_id=675BE8F7-3BE7-4DA4-8FAA-B87FAE6D0251/L0/001 bytes=40819
[PHOTOS_DEBUG] in_process_thumb_success asset_id=19D943F5-ADFC-40A8-941A-360F741E1F25/L0/001 bytes=41819
[PHOTOS_DEBUG] in_process_thumb_success asset_id=C2A2ADBA-D9F2-4EA1-876F-D9384B5C9359/L0/001 bytes=19743
[THUMB_RUNTIME] phase=gallery_load path=photos://asset/675BE8F7-3BE7-4DA4-8FAA-B87FAE6D0251/L0/001 complete=true naturalWidth=196 naturalHeight=260 renderWidth=166 renderHeight=135 uri_bytes=40819
[THUMB_RUNTIME] phase=gallery_load path=photos://asset/19D943F5-ADFC-40A8-941A-360F741E1F25/L0/001 complete=true naturalWidth=196 naturalHeight=260 renderWidth=166 renderHeight=135 uri_bytes=41819
[PHOTOS_DEBUG] in_process_thumb_success asset_id=EF9C96E0-EADA-46A3-92C9-2D4FF3B82F72/L0/001 bytes=27111
[THUMB_RUNTIME] phase=gallery_load path=photos://asset/C2A2ADBA-D9F2-4EA1-876F-D9384B5C9359/L0/001 complete=true naturalWidth=196 naturalHeight=260 renderWidth=166 renderHeight=135 uri_bytes=19743
[THUMB_RUNTIME] phase=gallery_load path=photos://asset/EF9C96E0-EADA-46A3-92C9-2D4FF3B82F72/L0/001 complete=true naturalWidth=196 naturalHeight=260 renderWidth=166 renderHeight=135 uri_bytes=27111
[PHOTOS_DEBUG] in_process_thumb_success asset_id=4037D672-735E-44C5-87B2-42A2E13359FD/L0/001 bytes=25759
[THUMB_RUNTIME] phase=gallery_load path=photos://asset/4037D672-735E-44C5-87B2-42A2E13359FD/L0/001 complete=true naturalWidth=196 naturalHeight=260 renderWidth=166 renderHeight=135 uri_bytes=25759
[PHOTOS_DEBUG] in_process_thumb_success asset_id=AC738CC5-CD5A-49D2-9885-BC074FFD5EC4/L0/001 bytes=22791
[PHOTOS_DEBUG] in_process_thumb_success asset_id=58D50B9B-D4E1-4D7D-895A-02FAAD284DE9/L0/001 bytes=25523
[PHOTOS_DEBUG] in_process_thumb_success asset_id=C45F0664-1DAB-43EF-B68D-18683B5A6028/L0/001 bytes=26039
[THUMB_RUNTIME] phase=gallery_load path=photos://asset/AC738CC5-CD5A-49D2-9885-BC074FFD5EC4/L0/001 complete=true naturalWidth=196 naturalHeight=260 renderWidth=166 renderHeight=135 uri_bytes=22791
[THUMB_RUNTIME] phase=gallery_load path=photos://asset/58D50B9B-D4E1-4D7D-895A-02FAAD284DE9/L0/001 complete=true naturalWidth=196 naturalHeight=260 renderWidth=166 renderHeight=135 uri_bytes=25523
[THUMB_RUNTIME] phase=gallery_load path=photos://asset/C45F0664-1DAB-43EF-B68D-18683B5A6028/L0/001 complete=true naturalWidth=196 naturalHeight=260 renderWidth=166 renderHeight=135 uri_bytes=26039
[PHOTOS_DEBUG] in_process_thumb_success asset_id=CBA3C741-E07E-4A5C-8F90-79FDA5BE3E7D/L0/001 bytes=25387
[THUMB_RUNTIME] phase=gallery_load path=photos://asset/CBA3C741-E07E-4A5C-8F90-79FDA5BE3E7D/L0/001 complete=true naturalWidth=196 naturalHeight=260 renderWidth=166 renderHeight=135 uri_bytes=25387
[PHOTOS_DEBUG] in_process_thumb_success asset_id=0AFB13B2-34E9-4D37-AEB9-82821FAB8BEB/L0/001 bytes=26747
[THUMB_RUNTIME] phase=gallery_load path=photos://asset/0AFB13B2-34E9-4D37-AEB9-82821FAB8BEB/L0/001 complete=true naturalWidth=196 naturalHeight=260 renderWidth=166 renderHeight=135 uri_bytes=26747
[PHOTOS_DEBUG] in_process_thumb_success asset_id=262FD614-7DFD-4639-8807-63B59D9819EC/L0/001 bytes=29603
[THUMB_RUNTIME] phase=gallery_load path=photos://asset/262FD614-7DFD-4639-8807-63B59D9819EC/L0/001 complete=true naturalWidth=196 naturalHeight=260 renderWidth=166 renderHeight=135 uri_bytes=29603
[PHOTOS_DEBUG] in_process_thumb_success asset_id=176CC0C8-2B70-4644-AC40-B5D05C364727/L0/001 bytes=25447
[THUMB_RUNTIME] phase=gallery_load path=photos://asset/176CC0C8-2B70-4644-AC40-B5D05C364727/L0/001 complete=true naturalWidth=196 naturalHeight=260 renderWidth=166 renderHeight=135 uri_bytes=25447
[PHOTOS_DEBUG] in_process_thumb_success asset_id=7DB7491E-4B74-44C6-A8D5-9EED7DB1ADDD/L0/001 bytes=28087
[THUMB_RUNTIME] phase=gallery_load path=photos://asset/7DB7491E-4B74-44C6-A8D5-9EED7DB1ADDD/L0/001 complete=true naturalWidth=260 naturalHeight=195 renderWidth=166 renderHeight=135 uri_bytes=28087
[PHOTOS_DEBUG] in_process_thumb_success asset_id=061C27F0-A3F2-4FDF-BD9A-4DAF8A0B13ED/L0/001 bytes=23259
[THUMB_RUNTIME] phase=gallery_load path=photos://asset/061C27F0-A3F2-4FDF-BD9A-4DAF8A0B13ED/L0/001 complete=true naturalWidth=260 naturalHeight=195 renderWidth=166 renderHeight=135 uri_bytes=23259
[PHOTOS_DEBUG] in_process_thumb_success asset_id=27CDF44C-F64A-49FC-8D1A-132559F02A70/L0/001 bytes=22243
[THUMB_RUNTIME] phase=gallery_load path=photos://asset/27CDF44C-F64A-49FC-8D1A-132559F02A70/L0/001 complete=true naturalWidth=260 naturalHeight=195 renderWidth=166 renderHeight=135 uri_bytes=22243
[PHOTOS_DEBUG] in_process_thumb_success asset_id=92AFA4AE-D1B6-4D04-8CFF-2CA1DB981FFA/L0/001 bytes=24943
[THUMB_RUNTIME] phase=gallery_load path=photos://asset/92AFA4AE-D1B6-4D04-8CFF-2CA1DB981FFA/L0/001 complete=true naturalWidth=260 naturalHeight=195 renderWidth=166 renderHeight=135 uri_bytes=24943
[PHOTOS_DEBUG] in_process_thumb_success asset_id=61C62156-61DF-4EC3-BF0D-4124F14E4E7F/L0/001 bytes=25175
[THUMB_RUNTIME] phase=gallery_load path=photos://asset/61C62156-61DF-4EC3-BF0D-4124F14E4E7F/L0/001 complete=true naturalWidth=260 naturalHeight=195 renderWidth=166 renderHeight=135 uri_bytes=25175
[PHOTOS_DEBUG] in_process_thumb_success asset_id=3E2B83B9-A1C8-4487-814C-16FEB3FB56D6/L0/001 bytes=20315
[THUMB_RUNTIME] phase=gallery_load path=photos://asset/3E2B83B9-A1C8-4487-814C-16FEB3FB56D6/L0/001 complete=true naturalWidth=260 naturalHeight=195 renderWidth=166 renderHeight=135 uri_bytes=20315
[PHOTOS_DEBUG] in_process_thumb_success asset_id=6B54F9C7-0D6D-4418-8E62-F2C7F33E2124/L0/001 bytes=13903
[THUMB_RUNTIME] phase=gallery_load path=photos://asset/6B54F9C7-0D6D-4418-8E62-F2C7F33E2124/L0/001 complete=true naturalWidth=260 naturalHeight=195 renderWidth=166 renderHeight=135 uri_bytes=13903
[PHOTOS_DEBUG] in_process_thumb_success asset_id=30AD5ADE-21C6-4C61-A60E-4EDD3B3A1863/L0/001 bytes=14963
[THUMB_RUNTIME] phase=gallery_load path=photos://asset/30AD5ADE-21C6-4C61-A60E-4EDD3B3A1863/L0/001 complete=true naturalWidth=260 naturalHeight=195 renderWidth=166 renderHeight=135 uri_bytes=14963
[PHOTOS_DEBUG] in_process_thumb_success asset_id=2484D358-118F-446D-8DAF-B3CC60D46A3E/L0/001 bytes=23223
[THUMB_RUNTIME] phase=gallery_load path=photos://asset/2484D358-118F-446D-8DAF-B3CC60D46A3E/L0/001 complete=true naturalWidth=260 naturalHeight=195 renderWidth=166 renderHeight=135 uri_bytes=23223
[PHOTOS_DEBUG] in_process_thumb_success asset_id=E0C360A4-E4D9-4F4A-B532-F1D1571BFC70/L0/001 bytes=18399
[THUMB_RUNTIME] phase=gallery_load path=photos://asset/E0C360A4-E4D9-4F4A-B532-F1D1571BFC70/L0/001 complete=true naturalWidth=260 naturalHeight=195 renderWidth=166 renderHeight=135 uri_bytes=18399
[PHOTOS_DEBUG] in_process_thumb_success asset_id=C6BEB7BE-3862-40EB-9D46-48E39CAFD824/L0/001 bytes=18551
[THUMB_RUNTIME] phase=gallery_load path=photos://asset/C6BEB7BE-3862-40EB-9D46-48E39CAFD824/L0/001 complete=true naturalWidth=260 naturalHeight=195 renderWidth=166 renderHeight=135 uri_bytes=18551
[PHOTOS_DEBUG] in_process_thumb_success asset_id=62BE6417-3C15-46F3-8077-8451EA47FF01/L0/001 bytes=21291
[THUMB_RUNTIME] phase=gallery_load path=photos://asset/62BE6417-3C15-46F3-8077-8451EA47FF01/L0/001 complete=true naturalWidth=260 naturalHeight=195 renderWidth=166 renderHeight=135 uri_bytes=21291
[PHOTOS_DEBUG] in_process_thumb_success asset_id=963E1E17-888E-48F6-9714-A5DB50C5AA7E/L0/001 bytes=19019
[THUMB_RUNTIME] phase=gallery_load path=photos://asset/963E1E17-888E-48F6-9714-A5DB50C5AA7E/L0/001 complete=true naturalWidth=260 naturalHeight=195 renderWidth=166 renderHeight=135 uri_bytes=19019
[PHOTOS_DEBUG] in_process_thumb_success asset_id=B2A6AA03-5B58-4139-8CC2-16DBB396A252/L0/001 bytes=19831
[THUMB_RUNTIME] phase=gallery_load path=photos://asset/B2A6AA03-5B58-4139-8CC2-16DBB396A252/L0/001 complete=true naturalWidth=260 naturalHeight=195 renderWidth=166 renderHeight=135 uri_bytes=19831
[PHOTOS_DEBUG] in_process_thumb_success asset_id=8289988E-D597-4A39-BFFF-053D4268DDF3/L0/001 bytes=28631
[THUMB_RUNTIME] phase=gallery_load path=photos://asset/8289988E-D597-4A39-BFFF-053D4268DDF3/L0/001 complete=true naturalWidth=260 naturalHeight=195 renderWidth=0 renderHeight=0 uri_bytes=28631
[PHOTOS_DEBUG] in_process_thumb_success asset_id=8541EA0C-C4F0-4A46-932D-75DD87710E5B/L0/001 bytes=21027
[THUMB_RUNTIME] phase=gallery_load path=photos://asset/8541EA0C-C4F0-4A46-932D-75DD87710E5B/L0/001 complete=true naturalWidth=260 naturalHeight=195 renderWidth=0 renderHeight=0 uri_bytes=21027
[PHOTOS_DEBUG] in_process_thumb_success asset_id=3B23AF31-A362-4AEF-89D4-889B6B71A70F/L0/001 bytes=25167
[THUMB_RUNTIME] phase=gallery_load path=photos://asset/3B23AF31-A362-4AEF-89D4-889B6B71A70F/L0/001 complete=true naturalWidth=260 naturalHeight=195 renderWidth=0 renderHeight=0 uri_bytes=25167
[PHOTOS_DEBUG] in_process_thumb_success asset_id=0623BDF8-CC95-4264-935B-09093D8990D3/L0/001 bytes=26475
[THUMB_RUNTIME] phase=gallery_load path=photos://asset/0623BDF8-CC95-4264-935B-09093D8990D3/L0/001 complete=true naturalWidth=260 naturalHeight=195 renderWidth=0 renderHeight=0 uri_bytes=26475
[PHOTOS_DEBUG] in_process_thumb_success asset_id=C87C881B-35CA-424E-B649-4B01116BA209/L0/001 bytes=13635
[THUMB_RUNTIME] phase=gallery_load path=photos://asset/C87C881B-35CA-424E-B649-4B01116BA209/L0/001 complete=true naturalWidth=260 naturalHeight=195 renderWidth=0 renderHeight=0 uri_bytes=13635
[PHOTOS_DEBUG] in_process_thumb_success asset_id=CF751E6F-ADDC-427F-AA3D-EB792E7E0499/L0/001 bytes=14475
[THUMB_RUNTIME] phase=gallery_load path=photos://asset/CF751E6F-ADDC-427F-AA3D-EB792E7E0499/L0/001 complete=true naturalWidth=260 naturalHeight=195 renderWidth=0 renderHeight=0 uri_bytes=14475
[PHOTOS_DEBUG] in_process_thumb_success asset_id=FE07E791-AE81-4E32-BFD9-5021C2713708/L0/001 bytes=27111
[THUMB_RUNTIME] phase=gallery_load path=photos://asset/FE07E791-AE81-4E32-BFD9-5021C2713708/L0/001 complete=true naturalWidth=196 naturalHeight=260 renderWidth=0 renderHeight=0 uri_bytes=27111
[PHOTOS_DEBUG] in_process_thumb_success asset_id=10DA6B03-52C6-4574-9018-1A8C4406F685/L0/001 bytes=27775
[THUMB_RUNTIME] phase=gallery_load path=photos://asset/10DA6B03-52C6-4574-9018-1A8C4406F685/L0/001 complete=true naturalWidth=196 naturalHeight=260 renderWidth=0 renderHeight=0 uri_bytes=27775
[PHOTOS_DEBUG] in_process_thumb_success asset_id=382325FF-6910-4AB6-8CE7-9CF95E21936E/L0/001 bytes=25799
[THUMB_RUNTIME] phase=gallery_load path=photos://asset/382325FF-6910-4AB6-8CE7-9CF95E21936E/L0/001 complete=true naturalWidth=196 naturalHeight=260 renderWidth=0 renderHeight=0 uri_bytes=25799
[PHOTOS_DEBUG] in_process=yes photos_auth_status=authorized photos_asset_count=4380 photos_offset=0 photos_result_count=40
[BROWSER] location=Pictures resolved=/Users/yilonglin/Pictures exists=yes permission=yes raw_count=4 filtered_count=40 image_count=40 error=none
[PHOTOS_DEBUG] pictures_path=/Users/yilonglin/Pictures pictures_file_count=0 raw_count=4 photos_auth_status=authorized photos_asset_count=40 photos_result_count=40 total_entries=40
[GALLERY_LAYOUT] clientWidth=942 scrollWidth=942 clientHeight=415 scrollHeight=1417 horizontal=false vertical=true
[PHOTOS_DEBUG] in_process_thumb_success asset_id=6811A860-9F87-407E-A476-F4FECB2F239A/L0/001 bytes=23507
[PHOTOS_DEBUG] in_process_thumb_success asset_id=8FC86876-1422-4CA0-A555-49957FCBDC45/L0/001 bytes=4735
[THUMB_RUNTIME] phase=gallery_load path=photos://asset/6811A860-9F87-407E-A476-F4FECB2F239A/L0/001 complete=true naturalWidth=146 naturalHeight=260 renderWidth=166 renderHeight=135 uri_bytes=23507
[PHOTOS_DEBUG] in_process_thumb_success asset_id=8FD41B69-E6D7-49E0-AB7E-D9040EFE6200/L0/001 bytes=27831
[THUMB_RUNTIME] phase=gallery_load path=photos://asset/8FC86876-1422-4CA0-A555-49957FCBDC45/L0/001 complete=true naturalWidth=120 naturalHeight=260 renderWidth=166 renderHeight=135 uri_bytes=4735
[THUMB_RUNTIME] phase=gallery_load path=photos://asset/8FD41B69-E6D7-49E0-AB7E-D9040EFE6200/L0/001 complete=true naturalWidth=146 naturalHeight=260 renderWidth=166 renderHeight=135 uri_bytes=27831
[PHOTOS_DEBUG] in_process_thumb_success asset_id=EE4C2FD1-E829-44F4-8EF6-98347D7234F5/L0/001 bytes=14007
[THUMB_RUNTIME] phase=gallery_load path=photos://asset/EE4C2FD1-E829-44F4-8EF6-98347D7234F5/L0/001 complete=true naturalWidth=260 naturalHeight=76 renderWidth=166 renderHeight=135 uri_bytes=14007
[PHOTOS_DEBUG] in_process_thumb_success asset_id=4A0F350B-8D24-49D9-9304-897F5055BB50/L0/001 bytes=12851
[THUMB_RUNTIME] phase=gallery_load path=photos://asset/4A0F350B-8D24-49D9-9304-897F5055BB50/L0/001 complete=true naturalWidth=185 naturalHeight=260 renderWidth=166 renderHeight=135 uri_bytes=12851
[PHOTOS_DEBUG] in_process_thumb_success asset_id=ED7FF7DC-7835-473C-A954-DA574BD6E6C2/L0/001 bytes=22903
[THUMB_RUNTIME] phase=gallery_load path=photos://asset/ED7FF7DC-7835-473C-A954-DA574BD6E6C2/L0/001 complete=true naturalWidth=260 naturalHeight=240 renderWidth=166 renderHeight=135 uri_bytes=22903
[PHOTOS_DEBUG] in_process_thumb_success asset_id=6A9E00C2-A4A4-4A12-BDB3-694EB4B51B87/L0/001 bytes=14151
[THUMB_RUNTIME] phase=gallery_load path=photos://asset/6A9E00C2-A4A4-4A12-BDB3-694EB4B51B87/L0/001 complete=true naturalWidth=120 naturalHeight=260 renderWidth=166 renderHeight=135 uri_bytes=14151
[PHOTOS_DEBUG] in_process_thumb_success asset_id=286C9553-48BE-42A2-8C40-AA8F32782D1A/L0/001 bytes=21999
[THUMB_RUNTIME] phase=gallery_load path=photos://asset/286C9553-48BE-42A2-8C40-AA8F32782D1A/L0/001 complete=true naturalWidth=120 naturalHeight=260 renderWidth=166 renderHeight=135 uri_bytes=21999
[PHOTOS_DEBUG] in_process_thumb_success asset_id=DCA18BEF-3217-4F8E-8A1A-E9DDF56B6154/L0/001 bytes=11443
[PHOTOS_DEBUG] in_process_thumb_success asset_id=A46710D5-1482-4CF8-94FE-AC209B3F2E98/L0/001 bytes=21899
[PHOTOS_DEBUG] in_process_thumb_success asset_id=A5E80D84-6525-4F30-B8BF-2BDC4526A30D/L0/001 bytes=28683
[THUMB_RUNTIME] phase=gallery_load path=photos://asset/DCA18BEF-3217-4F8E-8A1A-E9DDF56B6154/L0/001 complete=true naturalWidth=120 naturalHeight=260 renderWidth=166 renderHeight=135 uri_bytes=11443
[THUMB_RUNTIME] phase=gallery_load path=photos://asset/A46710D5-1482-4CF8-94FE-AC209B3F2E98/L0/001 complete=true naturalWidth=260 naturalHeight=112 renderWidth=166 renderHeight=135 uri_bytes=21899
[THUMB_RUNTIME] phase=gallery_load path=photos://asset/A5E80D84-6525-4F30-B8BF-2BDC4526A30D/L0/001 complete=true naturalWidth=260 naturalHeight=144 renderWidth=166 renderHeight=135 uri_bytes=28683
[PHOTOS_DEBUG] in_process_thumb_success asset_id=CB3F5E99-8940-4BB2-8941-E1D9FC957B59/L0/001 bytes=15443
[PHOTOS_DEBUG] in_process_thumb_success asset_id=A300B50A-96B1-480F-8C71-3EB9DC68E251/L0/001 bytes=14099
[THUMB_RUNTIME] phase=gallery_load path=photos://asset/CB3F5E99-8940-4BB2-8941-E1D9FC957B59/L0/001 complete=true naturalWidth=120 naturalHeight=260 renderWidth=166 renderHeight=135 uri_bytes=15443
[THUMB_RUNTIME] phase=gallery_load path=photos://asset/A300B50A-96B1-480F-8C71-3EB9DC68E251/L0/001 complete=true naturalWidth=120 naturalHeight=260 renderWidth=166 renderHeight=135 uri_bytes=14099
[PHOTOS_DEBUG] in_process_thumb_success asset_id=0747E91C-BA59-44DA-8C5E-D5A8A1E0252A/L0/001 bytes=20803[PHOTOS_DEBUG] in_process_thumb_success asset_id=086582B5-2EA9-4605-8E19-82B3628D9F9E/L0/001 bytes=20275

[PHOTOS_DEBUG] in_process_thumb_success asset_id=0463D6B4-19AD-4F86-8B87-5CEB34D696FC/L0/001 bytes=19123
[THUMB_RUNTIME] phase=gallery_load path=photos://asset/0747E91C-BA59-44DA-8C5E-D5A8A1E0252A/L0/001 complete=true naturalWidth=120 naturalHeight=260 renderWidth=166 renderHeight=135 uri_bytes=20803
[THUMB_RUNTIME] phase=gallery_load path=photos://asset/086582B5-2EA9-4605-8E19-82B3628D9F9E/L0/001 complete=true naturalWidth=120 naturalHeight=260 renderWidth=166 renderHeight=135 uri_bytes=20275
[THUMB_RUNTIME] phase=gallery_load path=photos://asset/0463D6B4-19AD-4F86-8B87-5CEB34D696FC/L0/001 complete=true naturalWidth=260 naturalHeight=162 renderWidth=166 renderHeight=135 uri_bytes=19123
[PHOTOS_DEBUG] in_process_thumb_success asset_id=07F769DB-0E5E-418B-86D9-A0FA181FAB5B/L0/001 bytes=32123
[THUMB_RUNTIME] phase=gallery_load path=photos://asset/07F769DB-0E5E-418B-86D9-A0FA181FAB5B/L0/001 complete=true naturalWidth=260 naturalHeight=146 renderWidth=166 renderHeight=135 uri_bytes=32123
[PHOTOS_DEBUG] in_process_thumb_success asset_id=B3633772-FF96-4F8C-A9E8-BF59A6CFA915/L0/001 bytes=16083
[THUMB_RUNTIME] phase=gallery_load path=photos://asset/B3633772-FF96-4F8C-A9E8-BF59A6CFA915/L0/001 complete=true naturalWidth=196 naturalHeight=260 renderWidth=166 renderHeight=135 uri_bytes=16083
[PHOTOS_DEBUG] in_process_thumb_success asset_id=C5102003-DED0-4409-9E61-E3D66091EB88/L0/001 bytes=23955
[THUMB_RUNTIME] phase=gallery_load path=photos://asset/C5102003-DED0-4409-9E61-E3D66091EB88/L0/001 complete=true naturalWidth=196 naturalHeight=260 renderWidth=166 renderHeight=135 uri_bytes=23955
[PHOTOS_DEBUG] in_process_thumb_success asset_id=F665617B-DED4-4405-95A6-0E8DA6F45BAE/L0/001 bytes=18063
[THUMB_RUNTIME] phase=gallery_load path=photos://asset/F665617B-DED4-4405-95A6-0E8DA6F45BAE/L0/001 complete=true naturalWidth=196 naturalHeight=260 renderWidth=166 renderHeight=135 uri_bytes=18063
[PHOTOS_DEBUG] in_process_thumb_success asset_id=A0831C6B-D745-4E4F-A2EC-EAEC989CECE8/L0/001 bytes=16467
[THUMB_RUNTIME] phase=gallery_load path=photos://asset/A0831C6B-D745-4E4F-A2EC-EAEC989CECE8/L0/001 complete=true naturalWidth=196 naturalHeight=260 renderWidth=166 renderHeight=135 uri_bytes=16467
[PHOTOS_DEBUG] in_process_thumb_success asset_id=5D8D1E54-C79A-44A8-96D5-9E4F176F25BF/L0/001 bytes=35631
[PHOTOS_DEBUG] in_process_thumb_success asset_id=5710BE83-882E-4150-AE56-2EF4DB25CD33/L0/001 bytes=22771
[PHOTOS_DEBUG] in_process_thumb_success asset_id=9D54244C-4FD5-4E34-B190-32586C95D3BE/L0/001 bytes=25015
[PHOTOS_DEBUG] in_process_thumb_success asset_id=C8D9D240-DEF4-4F5A-A2E8-B46E30F7C6DF/L0/001 bytes=25955
[THUMB_RUNTIME] phase=gallery_load path=photos://asset/5D8D1E54-C79A-44A8-96D5-9E4F176F25BF/L0/001 complete=true naturalWidth=196 naturalHeight=260 renderWidth=166 renderHeight=135 uri_bytes=35631
[THUMB_RUNTIME] phase=gallery_load path=photos://asset/5710BE83-882E-4150-AE56-2EF4DB25CD33/L0/001 complete=true naturalWidth=196 naturalHeight=260 renderWidth=166 renderHeight=135 uri_bytes=22771
[THUMB_RUNTIME] phase=gallery_load path=photos://asset/9D54244C-4FD5-4E34-B190-32586C95D3BE/L0/001 complete=true naturalWidth=196 naturalHeight=260 renderWidth=166 renderHeight=135 uri_bytes=25015
[THUMB_RUNTIME] phase=gallery_load path=photos://asset/C8D9D240-DEF4-4F5A-A2E8-B46E30F7C6DF/L0/001 complete=true naturalWidth=196 naturalHeight=260 renderWidth=166 renderHeight=135 uri_bytes=25955
[PHOTOS_DEBUG] in_process_export_success asset_id=8FD41B69-E6D7-49E0-AB7E-D9040EFE6200/L0/001 target=/Users/yilonglin/Library/Caches/com.noki.desktop/photos/8FD41B69_E6D7_49E0_AB7E_D9040EFE6200_L0_001.jpg
[THUMB_RUNTIME] phase=attachment_load path=/Users/yilonglin/Library/Caches/com.noki.desktop/photos/8FD41B69_E6D7_49E0_AB7E_D9040EFE6200_L0_001.jpg complete=true naturalWidth=1242 naturalHeight=2208 renderWidth=26 renderHeight=26 uri_bytes=828607
[BROWSER] location=Noki resolved=/Users/yilonglin/Documents/Noki exists=yes permission=yes raw_count=0 filtered_count=0 image_count=0 error=none
[BROWSER] location=Musik resolved=/Users/yilonglin/Music exists=yes permission=yes raw_count=3 filtered_count=1 image_count=0 error=none
[PHOTOS_DEBUG] in_process=yes photos_auth_status=authorized photos_asset_count=4380 photos_offset=0 photos_result_count=40
[BROWSER] location=Pictures resolved=/Users/yilonglin/Pictures exists=yes permission=yes raw_count=4 filtered_count=40 image_count=40 error=none
[PHOTOS_DEBUG] pictures_path=/Users/yilonglin/Pictures pictures_file_count=0 raw_count=4 photos_auth_status=authorized photos_asset_count=40 photos_result_count=40 total_entries=40
[GALLERY_LAYOUT] clientWidth=942 scrollWidth=942 clientHeight=415 scrollHeight=1417 horizontal=false vertical=true
[PHOTOS_DEBUG] in_process_thumb_success asset_id=6811A860-9F87-407E-A476-F4FECB2F239A/L0/001 bytes=23507
[THUMB_RUNTIME] phase=gallery_load path=photos://asset/6811A860-9F87-407E-A476-F4FECB2F239A/L0/001 complete=true naturalWidth=146 naturalHeight=260 renderWidth=166 renderHeight=135 uri_bytes=23507
[PHOTOS_DEBUG] in_process_thumb_success asset_id=8FD41B69-E6D7-49E0-AB7E-D9040EFE6200/L0/001 bytes=27831
[THUMB_RUNTIME] phase=gallery_load path=photos://asset/8FD41B69-E6D7-49E0-AB7E-D9040EFE6200/L0/001 complete=true naturalWidth=146 naturalHeight=260 renderWidth=166 renderHeight=135 uri_bytes=27831
[PHOTOS_DEBUG] in_process_thumb_success asset_id=8FC86876-1422-4CA0-A555-49957FCBDC45/L0/001 bytes=4735
[PHOTOS_DEBUG] in_process_thumb_success asset_id=4A0F350B-8D24-49D9-9304-897F5055BB50/L0/001 bytes=12851
[PHOTOS_DEBUG] in_process_thumb_success asset_id=EE4C2FD1-E829-44F4-8EF6-98347D7234F5/L0/001 bytes=14007
[THUMB_RUNTIME] phase=gallery_load path=photos://asset/8FC86876-1422-4CA0-A555-49957FCBDC45/L0/001 complete=true naturalWidth=120 naturalHeight=260 renderWidth=166 renderHeight=135 uri_bytes=4735
[THUMB_RUNTIME] phase=gallery_load path=photos://asset/4A0F350B-8D24-49D9-9304-897F5055BB50/L0/001 complete=true naturalWidth=185 naturalHeight=260 renderWidth=166 renderHeight=135 uri_bytes=12851
[THUMB_RUNTIME] phase=gallery_load path=photos://asset/EE4C2FD1-E829-44F4-8EF6-98347D7234F5/L0/001 complete=true naturalWidth=260 naturalHeight=76 renderWidth=166 renderHeight=135 uri_bytes=14007
[PHOTOS_DEBUG] in_process_thumb_success asset_id=ED7FF7DC-7835-473C-A954-DA574BD6E6C2/L0/001 bytes=22903
[THUMB_RUNTIME] phase=gallery_load path=photos://asset/ED7FF7DC-7835-473C-A954-DA574BD6E6C2/L0/001 complete=true naturalWidth=260 naturalHeight=240 renderWidth=166 renderHeight=135 uri_bytes=22903
[PHOTOS_DEBUG] in_process_thumb_success asset_id=6A9E00C2-A4A4-4A12-BDB3-694EB4B51B87/L0/001 bytes=14151
[THUMB_RUNTIME] phase=gallery_load path=photos://asset/6A9E00C2-A4A4-4A12-BDB3-694EB4B51B87/L0/001 complete=true naturalWidth=120 naturalHeight=260 renderWidth=166 renderHeight=135 uri_bytes=14151
[PHOTOS_DEBUG] in_process_thumb_success asset_id=286C9553-48BE-42A2-8C40-AA8F32782D1A/L0/001 bytes=21999
[THUMB_RUNTIME] phase=gallery_load path=photos://asset/286C9553-48BE-42A2-8C40-AA8F32782D1A/L0/001 complete=true naturalWidth=120 naturalHeight=260 renderWidth=166 renderHeight=135 uri_bytes=21999
[PHOTOS_DEBUG] in_process_thumb_success asset_id=DCA18BEF-3217-4F8E-8A1A-E9DDF56B6154/L0/001 bytes=11443
[THUMB_RUNTIME] phase=gallery_load path=photos://asset/DCA18BEF-3217-4F8E-8A1A-E9DDF56B6154/L0/001 complete=true naturalWidth=120 naturalHeight=260 renderWidth=166 renderHeight=135 uri_bytes=11443
[PHOTOS_DEBUG] in_process_thumb_success asset_id=A300B50A-96B1-480F-8C71-3EB9DC68E251/L0/001 bytes=14099
[PHOTOS_DEBUG] in_process_thumb_success asset_id=A46710D5-1482-4CF8-94FE-AC209B3F2E98/L0/001 bytes=21899
[THUMB_RUNTIME] phase=gallery_load path=photos://asset/A300B50A-96B1-480F-8C71-3EB9DC68E251/L0/001 complete=true naturalWidth=120 naturalHeight=260 renderWidth=166 renderHeight=135 uri_bytes=14099
[THUMB_RUNTIME] phase=gallery_load path=photos://asset/A46710D5-1482-4CF8-94FE-AC209B3F2E98/L0/001 complete=true naturalWidth=260 naturalHeight=112 renderWidth=166 renderHeight=135 uri_bytes=21899
[PHOTOS_DEBUG] in_process_thumb_success asset_id=A5E80D84-6525-4F30-B8BF-2BDC4526A30D/L0/001 bytes=28683
[PHOTOS_DEBUG] in_process_thumb_success asset_id=CB3F5E99-8940-4BB2-8941-E1D9FC957B59/L0/001 bytes=15443
[PHOTOS_DEBUG] in_process_thumb_success asset_id=0463D6B4-19AD-4F86-8B87-5CEB34D696FC/L0/001 bytes=19123
[THUMB_RUNTIME] phase=gallery_load path=photos://asset/A5E80D84-6525-4F30-B8BF-2BDC4526A30D/L0/001 complete=true naturalWidth=260 naturalHeight=144 renderWidth=166 renderHeight=135 uri_bytes=28683
[THUMB_RUNTIME] phase=gallery_load path=photos://asset/CB3F5E99-8940-4BB2-8941-E1D9FC957B59/L0/001 complete=true naturalWidth=120 naturalHeight=260 renderWidth=166 renderHeight=135 uri_bytes=15443
[PHOTOS_DEBUG] in_process_thumb_success asset_id=086582B5-2EA9-4605-8E19-82B3628D9F9E/L0/001 bytes=20275
[THUMB_RUNTIME] phase=gallery_load path=photos://asset/0463D6B4-19AD-4F86-8B87-5CEB34D696FC/L0/001 complete=true naturalWidth=260 naturalHeight=162 renderWidth=166 renderHeight=135 uri_bytes=19123
[THUMB_RUNTIME] phase=gallery_load path=photos://asset/086582B5-2EA9-4605-8E19-82B3628D9F9E/L0/001 complete=true naturalWidth=120 naturalHeight=260 renderWidth=166 renderHeight=135 uri_bytes=20275
[PHOTOS_DEBUG] in_process_thumb_success asset_id=0747E91C-BA59-44DA-8C5E-D5A8A1E0252A/L0/001 bytes=20803
[PHOTOS_DEBUG] in_process_thumb_success asset_id=07F769DB-0E5E-418B-86D9-A0FA181FAB5B/L0/001 bytes=32123
[THUMB_RUNTIME] phase=gallery_load path=photos://asset/0747E91C-BA59-44DA-8C5E-D5A8A1E0252A/L0/001 complete=true naturalWidth=120 naturalHeight=260 renderWidth=166 renderHeight=135 uri_bytes=20803
[THUMB_RUNTIME] phase=gallery_load path=photos://asset/07F769DB-0E5E-418B-86D9-A0FA181FAB5B/L0/001 complete=true naturalWidth=260 naturalHeight=146 renderWidth=166 renderHeight=135 uri_bytes=32123
[PHOTOS_DEBUG] in_process_thumb_success asset_id=5D8D1E54-C79A-44A8-96D5-9E4F176F25BF/L0/001 bytes=35631
[PHOTOS_DEBUG] in_process_thumb_success asset_id=A0831C6B-D745-4E4F-A2EC-EAEC989CECE8/L0/001 bytes=16467
[PHOTOS_DEBUG] in_process_thumb_success asset_id=C5102003-DED0-4409-9E61-E3D66091EB88/L0/001 bytes=23955
[PHOTOS_DEBUG] in_process_thumb_success asset_id=5710BE83-882E-4150-AE56-2EF4DB25CD33/L0/001 bytes=22771
[PHOTOS_DEBUG] in_process_thumb_success asset_id=B3633772-FF96-4F8C-A9E8-BF59A6CFA915/L0/001 bytes=16083
[PHOTOS_DEBUG] in_process_thumb_success asset_id=F665617B-DED4-4405-95A6-0E8DA6F45BAE/L0/001 bytes=18063
[THUMB_RUNTIME] phase=gallery_load path=photos://asset/A0831C6B-D745-4E4F-A2EC-EAEC989CECE8/L0/001 complete=true naturalWidth=196 naturalHeight=260 renderWidth=166 renderHeight=135 uri_bytes=16467
[THUMB_RUNTIME] phase=gallery_load path=photos://asset/5D8D1E54-C79A-44A8-96D5-9E4F176F25BF/L0/001 complete=true naturalWidth=196 naturalHeight=260 renderWidth=166 renderHeight=135 uri_bytes=35631
[PHOTOS_DEBUG] in_process_thumb_success asset_id=C8D9D240-DEF4-4F5A-A2E8-B46E30F7C6DF/L0/001 bytes=25955
[PHOTOS_DEBUG] in_process_thumb_success asset_id=9D54244C-4FD5-4E34-B190-32586C95D3BE/L0/001 bytes=25015
[THUMB_RUNTIME] phase=gallery_load path=photos://asset/C5102003-DED0-4409-9E61-E3D66091EB88/L0/001 complete=true naturalWidth=196 naturalHeight=260 renderWidth=166 renderHeight=135 uri_bytes=23955
[THUMB_RUNTIME] phase=gallery_load path=photos://asset/5710BE83-882E-4150-AE56-2EF4DB25CD33/L0/001 complete=true naturalWidth=196 naturalHeight=260 renderWidth=166 renderHeight=135 uri_bytes=22771
[THUMB_RUNTIME] phase=gallery_load path=photos://asset/B3633772-FF96-4F8C-A9E8-BF59A6CFA915/L0/001 complete=true naturalWidth=196 naturalHeight=260 renderWidth=166 renderHeight=135 uri_bytes=16083
[THUMB_RUNTIME] phase=gallery_load path=photos://asset/F665617B-DED4-4405-95A6-0E8DA6F45BAE/L0/001 complete=true naturalWidth=196 naturalHeight=260 renderWidth=166 renderHeight=135 uri_bytes=18063
[THUMB_RUNTIME] phase=gallery_load path=photos://asset/C8D9D240-DEF4-4F5A-A2E8-B46E30F7C6DF/L0/001 complete=true naturalWidth=196 naturalHeight=260 renderWidth=166 renderHeight=135 uri_bytes=25955
[THUMB_RUNTIME] phase=gallery_load path=photos://asset/9D54244C-4FD5-4E34-B190-32586C95D3BE/L0/001 complete=true naturalWidth=196 naturalHeight=260 renderWidth=166 renderHeight=135 uri_bytes=25015
[PHOTOS_DEBUG] in_process_thumb_success asset_id=3996ED3D-F391-427B-82E0-5080BEBFE306/L0/001 bytes=13443
[PHOTOS_DEBUG] in_process_thumb_success asset_id=51EEEA46-006B-42B9-A3DF-5F77BDE5AA08/L0/001 bytes=19187
[PHOTOS_DEBUG] in_process_thumb_success asset_id=5F8DE87C-4877-4AFF-A5F3-63CA8CC16790/L0/001 bytes=14843
[THUMB_RUNTIME] phase=gallery_load path=photos://asset/3996ED3D-F391-427B-82E0-5080BEBFE306/L0/001 complete=true naturalWidth=167 naturalHeight=260 renderWidth=166 renderHeight=135 uri_bytes=13443
[PHOTOS_DEBUG] in_process_thumb_success asset_id=9088C68A-5F09-4E3D-95BD-D515FCFFB428/L0/001 bytes=11275
[PHOTOS_DEBUG] in_process_thumb_success asset_id=778DE165-AF15-4BE2-A15F-104AE59B7C51/L0/001 bytes=21623
[THUMB_RUNTIME] phase=gallery_load path=photos://asset/51EEEA46-006B-42B9-A3DF-5F77BDE5AA08/L0/001 complete=true naturalWidth=120 naturalHeight=260 renderWidth=166 renderHeight=135 uri_bytes=19187
[THUMB_RUNTIME] phase=gallery_load path=photos://asset/5F8DE87C-4877-4AFF-A5F3-63CA8CC16790/L0/001 complete=true naturalWidth=187 naturalHeight=260 renderWidth=166 renderHeight=135 uri_bytes=14843
[THUMB_RUNTIME] phase=gallery_load path=photos://asset/778DE165-AF15-4BE2-A15F-104AE59B7C51/L0/001 complete=true naturalWidth=254 naturalHeight=260 renderWidth=166 renderHeight=135 uri_bytes=21623
[THUMB_RUNTIME] phase=gallery_load path=photos://asset/9088C68A-5F09-4E3D-95BD-D515FCFFB428/L0/001 complete=true naturalWidth=120 naturalHeight=260 renderWidth=166 renderHeight=135 uri_bytes=11275
[PHOTOS_DEBUG] in_process_thumb_success asset_id=AA081FA8-F6D8-4EA6-AD41-EDABAB1BE99F/L0/001 bytes=8979
[THUMB_RUNTIME] phase=gallery_load path=photos://asset/AA081FA8-F6D8-4EA6-AD41-EDABAB1BE99F/L0/001 complete=true naturalWidth=120 naturalHeight=260 renderWidth=166 renderHeight=135 uri_bytes=8979
[PHOTOS_DEBUG] in_process_thumb_success asset_id=C1F3ECAC-EE19-4A67-AD03-333DEE3FCA5A/L0/001 bytes=15735
[THUMB_RUNTIME] phase=gallery_load path=photos://asset/C1F3ECAC-EE19-4A67-AD03-333DEE3FCA5A/L0/001 complete=true naturalWidth=120 naturalHeight=260 renderWidth=166 renderHeight=135 uri_bytes=15735
[PHOTOS_DEBUG] in_process_thumb_success asset_id=5762A0CE-356A-481C-A296-73D0A23C2107/L0/001 bytes=25631
[THUMB_RUNTIME] phase=gallery_load path=photos://asset/5762A0CE-356A-481C-A296-73D0A23C2107/L0/001 complete=true naturalWidth=146 naturalHeight=260 renderWidth=166 renderHeight=135 uri_bytes=25631
[PHOTOS_DEBUG] in_process_thumb_success asset_id=94A098A1-5220-4C4F-AB0D-D534698551A4/L0/001 bytes=20679
[PHOTOS_DEBUG] in_process_thumb_success asset_id=02AE3CE4-F3F5-4592-A565-F471ABFB06CE/L0/001 bytes=24439
[PHOTOS_DEBUG] in_process_thumb_success asset_id=DEBBA9A2-88CA-429C-823E-C4B15D64CE0C/L0/001 bytes=14043
[THUMB_RUNTIME] phase=gallery_load path=photos://asset/94A098A1-5220-4C4F-AB0D-D534698551A4/L0/001 complete=true naturalWidth=120 naturalHeight=260 renderWidth=166 renderHeight=135 uri_bytes=20679
[THUMB_RUNTIME] phase=gallery_load path=photos://asset/DEBBA9A2-88CA-429C-823E-C4B15D64CE0C/L0/001 complete=true naturalWidth=146 naturalHeight=260 renderWidth=166 renderHeight=135 uri_bytes=14043
[THUMB_RUNTIME] phase=gallery_load path=photos://asset/02AE3CE4-F3F5-4592-A565-F471ABFB06CE/L0/001 complete=true naturalWidth=173 naturalHeight=260 renderWidth=166 renderHeight=135 uri_bytes=24439
[PHOTOS_DEBUG] in_process_thumb_success asset_id=088274B8-0B9E-4939-BD90-D3840BB82BAD/L0/001 bytes=33339
[PHOTOS_DEBUG] in_process_thumb_success asset_id=95AB0758-DC5E-48EB-9D58-B0771EBC55F1/L0/001 bytes=26191
[THUMB_RUNTIME] phase=gallery_load path=photos://asset/088274B8-0B9E-4939-BD90-D3840BB82BAD/L0/001 complete=true naturalWidth=196 naturalHeight=260 renderWidth=166 renderHeight=135 uri_bytes=33339
[THUMB_RUNTIME] phase=gallery_load path=photos://asset/95AB0758-DC5E-48EB-9D58-B0771EBC55F1/L0/001 complete=true naturalWidth=196 naturalHeight=260 renderWidth=166 renderHeight=135 uri_bytes=26191
[PHOTOS_DEBUG] in_process_thumb_success asset_id=F018E487-E08F-4189-B0E0-E54CDD3EA270/L0/001 bytes=20287
[THUMB_RUNTIME] phase=gallery_load path=photos://asset/F018E487-E08F-4189-B0E0-E54CDD3EA270/L0/001 complete=true naturalWidth=196 naturalHeight=260 renderWidth=166 renderHeight=135 uri_bytes=20287
[PHOTOS_DEBUG] in_process_thumb_success asset_id=6A127F3B-3A30-4F53-92BA-B0B9A0C0D6C2/L0/001 bytes=28059
[THUMB_RUNTIME] phase=gallery_load path=photos://asset/6A127F3B-3A30-4F53-92BA-B0B9A0C0D6C2/L0/001 complete=true naturalWidth=196 naturalHeight=260 renderWidth=166 renderHeight=135 uri_bytes=28059
[PHOTOS_DEBUG] in_process=yes photos_auth_status=authorized photos_asset_count=4380 photos_offset=40 photos_result_count=40
[GALLERY_PAGE] offset=40 loaded=40 next=80 total=4380
[PHOTOS_DEBUG] in_process_thumb_success asset_id=057ABF65-831E-46B8-9851-EEBDBD6FED4D/L0/001 bytes=17551
[PHOTOS_DEBUG] in_process_thumb_success asset_id=1181DE8C-9E2D-4779-A760-EC5362137286/L0/001 bytes=19023
[THUMB_RUNTIME] phase=gallery_load path=photos://asset/057ABF65-831E-46B8-9851-EEBDBD6FED4D/L0/001 complete=true naturalWidth=120 naturalHeight=260 renderWidth=166 renderHeight=135 uri_bytes=17551
[THUMB_RUNTIME] phase=gallery_load path=photos://asset/1181DE8C-9E2D-4779-A760-EC5362137286/L0/001 complete=true naturalWidth=120 naturalHeight=260 renderWidth=166 renderHeight=135 uri_bytes=19023
[PHOTOS_DEBUG] in_process_thumb_success asset_id=F420F813-2013-4627-961A-70ABC0F2AA22/L0/001 bytes=19095
[PHOTOS_DEBUG] in_process_thumb_success asset_id=5EFF61F8-4F87-407E-8D6F-06F6740DB73C/L0/001 bytes=16763
[THUMB_RUNTIME] phase=gallery_load path=photos://asset/F420F813-2013-4627-961A-70ABC0F2AA22/L0/001 complete=true naturalWidth=120 naturalHeight=260 renderWidth=166 renderHeight=135 uri_bytes=19095
[THUMB_RUNTIME] phase=gallery_load path=photos://asset/5EFF61F8-4F87-407E-8D6F-06F6740DB73C/L0/001 complete=true naturalWidth=120 naturalHeight=260 renderWidth=166 renderHeight=135 uri_bytes=16763
[PHOTOS_DEBUG] in_process_thumb_success asset_id=0F101A83-918B-413E-B112-7567819EEFDC/L0/001 bytes=19083
[PHOTOS_DEBUG] in_process_thumb_success asset_id=7B299703-5CEA-4D34-AC13-4E13FA030FE5/L0/001 bytes=18355
[PHOTOS_DEBUG] in_process_thumb_success asset_id=529D8C4B-3CEE-413C-B396-8F12BA379BFE/L0/001 bytes=19695[PHOTOS_DEBUG] in_process_thumb_success asset_id=83D5731F-E532-4B62-AA5C-7C161B6282B5/L0/001 bytes=10275

[PHOTOS_DEBUG] in_process_thumb_success asset_id=64285D20-492A-460F-B674-1755E22A598A/L0/001 bytes=12475
[PHOTOS_DEBUG] in_process_thumb_success asset_id=A49FAC2C-82BE-4F88-A193-B3EF2E16F5A5/L0/001 bytes=10867
[PHOTOS_DEBUG] in_process_thumb_success asset_id=4DC59BA5-D134-48E4-93BF-50472EA69D89/L0/001 bytes=10651
[PHOTOS_DEBUG] in_process_thumb_success asset_id=4EC4DD34-3C41-4ED5-B795-49F00CDB3F01/L0/001 bytes=10523
[PHOTOS_DEBUG] in_process_thumb_success asset_id=91D12FE5-D775-4773-B531-60B4F510279D/L0/001 bytes=18795
[PHOTOS_DEBUG] in_process_thumb_success asset_id=5BC7F352-46CA-415C-BF73-34149E27BBA7/L0/001 bytes=17235
[THUMB_RUNTIME] phase=gallery_load path=photos://asset/0F101A83-918B-413E-B112-7567819EEFDC/L0/001 complete=true naturalWidth=120 naturalHeight=260 renderWidth=166 renderHeight=135 uri_bytes=19083
[THUMB_RUNTIME] phase=gallery_load path=photos://asset/7B299703-5CEA-4D34-AC13-4E13FA030FE5/L0/001 complete=true naturalWidth=120 naturalHeight=260 renderWidth=166 renderHeight=135 uri_bytes=18355
[THUMB_RUNTIME] phase=gallery_load path=photos://asset/83D5731F-E532-4B62-AA5C-7C161B6282B5/L0/001 complete=true naturalWidth=120 naturalHeight=260 renderWidth=166 renderHeight=135 uri_bytes=10275
[THUMB_RUNTIME] phase=gallery_load path=photos://asset/529D8C4B-3CEE-413C-B396-8F12BA379BFE/L0/001 complete=true naturalWidth=120 naturalHeight=260 renderWidth=166 renderHeight=135 uri_bytes=19695
[THUMB_RUNTIME] phase=gallery_load path=photos://asset/64285D20-492A-460F-B674-1755E22A598A/L0/001 complete=true naturalWidth=120 naturalHeight=260 renderWidth=166 renderHeight=135 uri_bytes=12475
[THUMB_RUNTIME] phase=gallery_load path=photos://asset/A49FAC2C-82BE-4F88-A193-B3EF2E16F5A5/L0/001 complete=true naturalWidth=120 naturalHeight=260 renderWidth=166 renderHeight=135 uri_bytes=10867
[THUMB_RUNTIME] phase=gallery_load path=photos://asset/4EC4DD34-3C41-4ED5-B795-49F00CDB3F01/L0/001 complete=true naturalWidth=120 naturalHeight=260 renderWidth=166 renderHeight=135 uri_bytes=10523
[THUMB_RUNTIME] phase=gallery_load path=photos://asset/4DC59BA5-D134-48E4-93BF-50472EA69D89/L0/001 complete=true naturalWidth=120 naturalHeight=260 renderWidth=166 renderHeight=135 uri_bytes=10651
[THUMB_RUNTIME] phase=gallery_load path=photos://asset/91D12FE5-D775-4773-B531-60B4F510279D/L0/001 complete=true naturalWidth=156 naturalHeight=260 renderWidth=166 renderHeight=135 uri_bytes=18795
[THUMB_RUNTIME] phase=gallery_load path=photos://asset/5BC7F352-46CA-415C-BF73-34149E27BBA7/L0/001 complete=true naturalWidth=196 naturalHeight=260 renderWidth=166 renderHeight=135 uri_bytes=17235
[PHOTOS_DEBUG] in_process_thumb_success asset_id=85158FA6-0B41-419C-97EB-5A360441CCA9/L0/001 bytes=19187
[THUMB_RUNTIME] phase=gallery_load path=photos://asset/85158FA6-0B41-419C-97EB-5A360441CCA9/L0/001 complete=true naturalWidth=196 naturalHeight=260 renderWidth=166 renderHeight=135 uri_bytes=19187
[PHOTOS_DEBUG] in_process_thumb_success asset_id=D2C8F2BB-0BCC-4DA1-A8CE-767D09B99A3D/L0/001 bytes=13551
[THUMB_RUNTIME] phase=gallery_load path=photos://asset/D2C8F2BB-0BCC-4DA1-A8CE-767D09B99A3D/L0/001 complete=true naturalWidth=169 naturalHeight=260 renderWidth=166 renderHeight=135 uri_bytes=13551
[PHOTOS_DEBUG] in_process_thumb_success asset_id=14A2F553-7A09-49F4-8F36-7B20B6C02A9D/L0/001 bytes=12923
[THUMB_RUNTIME] phase=gallery_load path=photos://asset/14A2F553-7A09-49F4-8F36-7B20B6C02A9D/L0/001 complete=true naturalWidth=120 naturalHeight=260 renderWidth=166 renderHeight=135 uri_bytes=12923
[PHOTOS_DEBUG] in_process_thumb_success asset_id=C3BB8688-707F-4495-837E-28BE7BD6A776/L0/001 bytes=25923
[PHOTOS_DEBUG] in_process_thumb_success asset_id=E9650388-348C-4E4B-88E3-50B762EA834D/L0/001 bytes=13907
[PHOTOS_DEBUG] in_process_thumb_success asset_id=FE91AE8C-5D84-4E6C-B979-E4A07A5EB392/L0/001 bytes=28843
[THUMB_RUNTIME] phase=gallery_load path=photos://asset/C3BB8688-707F-4495-837E-28BE7BD6A776/L0/001 complete=true naturalWidth=146 naturalHeight=260 renderWidth=166 renderHeight=135 uri_bytes=25923
[THUMB_RUNTIME] phase=gallery_load path=photos://asset/E9650388-348C-4E4B-88E3-50B762EA834D/L0/001 complete=true naturalWidth=120 naturalHeight=260 renderWidth=166 renderHeight=135 uri_bytes=13907
[PHOTOS_DEBUG] in_process_thumb_success asset_id=3AF3AEEC-D43B-43AA-9C86-5321DAE085BE/L0/001 bytes=18763
[PHOTOS_DEBUG] in_process_thumb_success asset_id=C55AB001-423F-4D44-B3D8-AC3C40CDDAC8/L0/001 bytes=23759
[THUMB_RUNTIME] phase=gallery_load path=photos://asset/FE91AE8C-5D84-4E6C-B979-E4A07A5EB392/L0/001 complete=true naturalWidth=146 naturalHeight=260 renderWidth=166 renderHeight=135 uri_bytes=28843
[THUMB_RUNTIME] phase=gallery_load path=photos://asset/3AF3AEEC-D43B-43AA-9C86-5321DAE085BE/L0/001 complete=true naturalWidth=120 naturalHeight=260 renderWidth=166 renderHeight=135 uri_bytes=18763
[THUMB_RUNTIME] phase=gallery_load path=photos://asset/C55AB001-423F-4D44-B3D8-AC3C40CDDAC8/L0/001 complete=true naturalWidth=146 naturalHeight=260 renderWidth=166 renderHeight=135 uri_bytes=23759
[PHOTOS_DEBUG] in_process_thumb_success asset_id=087AFEC9-6A07-4DC0-AA87-612DF7E56E1B/L0/001 bytes=16271
[THUMB_RUNTIME] phase=gallery_load path=photos://asset/087AFEC9-6A07-4DC0-AA87-612DF7E56E1B/L0/001 complete=true naturalWidth=120 naturalHeight=260 renderWidth=166 renderHeight=135 uri_bytes=16271
[PHOTOS_DEBUG] in_process_thumb_success asset_id=3417EDFA-5EDE-466D-A8A6-6C5F335C1793/L0/001 bytes=16215
[THUMB_RUNTIME] phase=gallery_load path=photos://asset/3417EDFA-5EDE-466D-A8A6-6C5F335C1793/L0/001 complete=true naturalWidth=120 naturalHeight=260 renderWidth=166 renderHeight=135 uri_bytes=16215
[PHOTOS_DEBUG] in_process_thumb_success asset_id=A145E6EC-A6C1-49EA-AF82-9AC3C67CB951/L0/001 bytes=12651
[THUMB_RUNTIME] phase=gallery_load path=photos://asset/A145E6EC-A6C1-49EA-AF82-9AC3C67CB951/L0/001 complete=true naturalWidth=120 naturalHeight=260 renderWidth=166 renderHeight=135 uri_bytes=12651
[PHOTOS_DEBUG] in_process=yes photos_auth_status=authorized photos_asset_count=4380 photos_offset=80 photos_result_count=40
[GALLERY_PAGE] offset=80 loaded=40 next=120 total=4380
[PHOTOS_DEBUG] in_process_thumb_success asset_id=070195AC-E0A7-40B2-89B1-54F85CAC2B95/L0/001 bytes=15611
[THUMB_RUNTIME] phase=gallery_load path=photos://asset/070195AC-E0A7-40B2-89B1-54F85CAC2B95/L0/001 complete=true naturalWidth=120 naturalHeight=260 renderWidth=166 renderHeight=135 uri_bytes=15611
[PHOTOS_DEBUG] in_process_thumb_success asset_id=88E34304-1621-442A-AE42-715660E4E1DC/L0/001 bytes=28503
[THUMB_RUNTIME] phase=gallery_load path=photos://asset/88E34304-1621-442A-AE42-715660E4E1DC/L0/001 complete=true naturalWidth=196 naturalHeight=260 renderWidth=166 renderHeight=135 uri_bytes=28503
[PHOTOS_DEBUG] in_process_thumb_success asset_id=07B1AA32-7953-4492-B142-4B0FF57BF8EB/L0/001 bytes=49303
[THUMB_RUNTIME] phase=gallery_load path=photos://asset/07B1AA32-7953-4492-B142-4B0FF57BF8EB/L0/001 complete=true naturalWidth=260 naturalHeight=260 renderWidth=166 renderHeight=135 uri_bytes=49303
[PHOTOS_DEBUG] in_process_thumb_success asset_id=34FE1592-0F1A-4B37-BDBC-2D1A4941FDB8/L0/001 bytes=13703
[PHOTOS_DEBUG] in_process_thumb_success asset_id=1EC7C179-88AF-4DDA-B977-3AD01B4FD640/L0/001 bytes=15483
[THUMB_RUNTIME] phase=gallery_load path=photos://asset/34FE1592-0F1A-4B37-BDBC-2D1A4941FDB8/L0/001 complete=true naturalWidth=120 naturalHeight=260 renderWidth=166 renderHeight=135 uri_bytes=13703
[THUMB_RUNTIME] phase=gallery_load path=photos://asset/1EC7C179-88AF-4DDA-B977-3AD01B4FD640/L0/001 complete=true naturalWidth=120 naturalHeight=260 renderWidth=166 renderHeight=135 uri_bytes=15483
[PHOTOS_DEBUG] in_process_thumb_success asset_id=862330C0-EF96-43AD-943E-D59A76B8AFD0/L0/001 bytes=13923
[THUMB_RUNTIME] phase=gallery_load path=photos://asset/862330C0-EF96-43AD-943E-D59A76B8AFD0/L0/001 complete=true naturalWidth=120 naturalHeight=260 renderWidth=166 renderHeight=135 uri_bytes=13923
[PHOTOS_DEBUG] in_process_thumb_success asset_id=CCB4FBA2-1CF9-4811-B832-107A6A220197/L0/001 bytes=23331
[THUMB_RUNTIME] phase=gallery_load path=photos://asset/CCB4FBA2-1CF9-4811-B832-107A6A220197/L0/001 complete=true naturalWidth=196 naturalHeight=260 renderWidth=166 renderHeight=135 uri_bytes=23331
[PHOTOS_DEBUG] in_process_thumb_success asset_id=0503F4E5-BC54-4F1C-B2A1-1C8596781F35/L0/001 bytes=28259
[THUMB_RUNTIME] phase=gallery_load path=photos://asset/0503F4E5-BC54-4F1C-B2A1-1C8596781F35/L0/001 complete=true naturalWidth=196 naturalHeight=260 renderWidth=166 renderHeight=135 uri_bytes=28259
[PHOTOS_DEBUG] in_process_thumb_success asset_id=F8EFE244-7B10-440C-BD92-0DBBC92F4FEC/L0/001 bytes=21347
[THUMB_RUNTIME] phase=gallery_load path=photos://asset/F8EFE244-7B10-440C-BD92-0DBBC92F4FEC/L0/001 complete=true naturalWidth=196 naturalHeight=260 renderWidth=166 renderHeight=135 uri_bytes=21347
[PHOTOS_DEBUG] in_process_thumb_success asset_id=3AB846BE-AEB9-4696-80C8-B2EFC3912F66/L0/001 bytes=25639
[THUMB_RUNTIME] phase=gallery_load path=photos://asset/3AB846BE-AEB9-4696-80C8-B2EFC3912F66/L0/001 complete=true naturalWidth=196 naturalHeight=260 renderWidth=166 renderHeight=135 uri_bytes=25639
[PHOTOS_DEBUG] in_process_thumb_success asset_id=29755E84-F94A-478E-A663-A70F28F08704/L0/001 bytes=34179
[THUMB_RUNTIME] phase=gallery_load path=photos://asset/29755E84-F94A-478E-A663-A70F28F08704/L0/001 complete=true naturalWidth=196 naturalHeight=260 renderWidth=166 renderHeight=135 uri_bytes=34179
[PHOTOS_DEBUG] in_process_thumb_success asset_id=E35AE33C-EE40-4E11-B250-8AD3C710CAAC/L0/001 bytes=24351
[THUMB_RUNTIME] phase=gallery_load path=photos://asset/E35AE33C-EE40-4E11-B250-8AD3C710CAAC/L0/001 complete=true naturalWidth=196 naturalHeight=260 renderWidth=166 renderHeight=135 uri_bytes=24351
[PHOTOS_DEBUG] in_process_thumb_success asset_id=76BD8D34-CA4E-488C-9874-44710B51DE0B/L0/001 bytes=32111
[PHOTOS_DEBUG] in_process_thumb_success asset_id=06093892-8146-4EC3-8096-E2471FF18602/L0/001 bytes=18427
[THUMB_RUNTIME] phase=gallery_load path=photos://asset/06093892-8146-4EC3-8096-E2471FF18602/L0/001 complete=true naturalWidth=260 naturalHeight=217 renderWidth=166 renderHeight=135 uri_bytes=18427
[THUMB_RUNTIME] phase=gallery_load path=photos://asset/76BD8D34-CA4E-488C-9874-44710B51DE0B/L0/001 complete=true naturalWidth=211 naturalHeight=260 renderWidth=166 renderHeight=135 uri_bytes=32111
[PHOTOS_DEBUG] in_process_thumb_success asset_id=90197983-7A1F-4A5D-9E2A-0842D0237B6C/L0/001 bytes=28439
[PHOTOS_DEBUG] in_process_thumb_success asset_id=BB0C307D-0495-4F74-9AE6-A72BB4EB28A9/L0/001 bytes=9383
[PHOTOS_DEBUG] in_process_thumb_success asset_id=ACECD9FD-9FE8-495B-9BEF-164036C6E041/L0/001 bytes=14971
[THUMB_RUNTIME] phase=gallery_load path=photos://asset/90197983-7A1F-4A5D-9E2A-0842D0237B6C/L0/001 complete=true naturalWidth=195 naturalHeight=260 renderWidth=166 renderHeight=135 uri_bytes=28439
[THUMB_RUNTIME] phase=gallery_load path=photos://asset/BB0C307D-0495-4F74-9AE6-A72BB4EB28A9/L0/001 complete=true naturalWidth=241 naturalHeight=260 renderWidth=166 renderHeight=135 uri_bytes=9383
[THUMB_RUNTIME] phase=gallery_load path=photos://asset/ACECD9FD-9FE8-495B-9BEF-164036C6E041/L0/001 complete=true naturalWidth=120 naturalHeight=260 renderWidth=166 renderHeight=135 uri_bytes=14971
[PHOTOS_DEBUG] in_process_thumb_success asset_id=B4DC91C3-D772-47B2-ADCE-9AD66F32C5F6/L0/001 bytes=18879
[THUMB_RUNTIME] phase=gallery_load path=photos://asset/B4DC91C3-D772-47B2-ADCE-9AD66F32C5F6/L0/001 complete=true naturalWidth=260 naturalHeight=154 renderWidth=166 renderHeight=135 uri_bytes=18879
[PHOTOS_DEBUG] in_process_thumb_success asset_id=3BD5A2EA-1743-488C-9F16-9F538AAC2DA8/L0/001 bytes=18087
[THUMB_RUNTIME] phase=gallery_load path=photos://asset/3BD5A2EA-1743-488C-9F16-9F538AAC2DA8/L0/001 complete=true naturalWidth=260 naturalHeight=192 renderWidth=166 renderHeight=135 uri_bytes=18087
[PHOTOS_DEBUG] in_process_thumb_success asset_id=8410C754-F310-4743-9172-1116DD8B667E/L0/001 bytes=16323
[THUMB_RUNTIME] phase=gallery_load path=photos://asset/8410C754-F310-4743-9172-1116DD8B667E/L0/001 complete=true naturalWidth=146 naturalHeight=260 renderWidth=166 renderHeight=135 uri_bytes=16323
[PHOTOS_DEBUG] in_process_thumb_success asset_id=69EC8E33-E961-4DA9-B7F4-1C8077C87915/L0/001 bytes=23935
[THUMB_RUNTIME] phase=gallery_load path=photos://asset/69EC8E33-E961-4DA9-B7F4-1C8077C87915/L0/001 complete=true naturalWidth=196 naturalHeight=260 renderWidth=166 renderHeight=135 uri_bytes=23935
[PHOTOS_DEBUG] in_process_thumb_success asset_id=F60C916E-FC98-409E-9C7E-E85F7D1DC6E4/L0/001 bytes=11451
[PHOTOS_DEBUG] in_process_thumb_success asset_id=8BDC96CE-E774-497C-AB75-3357C905080D/L0/001 bytes=13731
[THUMB_RUNTIME] phase=gallery_load path=photos://asset/F60C916E-FC98-409E-9C7E-E85F7D1DC6E4/L0/001 complete=true naturalWidth=260 naturalHeight=184 renderWidth=166 renderHeight=135 uri_bytes=11451
[THUMB_RUNTIME] phase=gallery_load path=photos://asset/8BDC96CE-E774-497C-AB75-3357C905080D/L0/001 complete=true naturalWidth=260 naturalHeight=260 renderWidth=166 renderHeight=135 uri_bytes=13731
[PHOTOS_DEBUG] in_process_thumb_success asset_id=8A39B684-AF35-4548-A5B1-559C733899E6/L0/001 bytes=21431
[THUMB_RUNTIME] phase=gallery_load path=photos://asset/8A39B684-AF35-4548-A5B1-559C733899E6/L0/001 complete=true naturalWidth=146 naturalHeight=260 renderWidth=166 renderHeight=135 uri_bytes=21431
[PHOTOS_DEBUG] in_process_thumb_success asset_id=82E775E3-404A-4349-8CD4-56CC3A25F68D/L0/001 bytes=27351
[PHOTOS_DEBUG] in_process_thumb_success asset_id=DFA2A2E2-9441-4C96-95A2-DE3F82F01FF9/L0/001 bytes=24811
[THUMB_RUNTIME] phase=gallery_load path=photos://asset/82E775E3-404A-4349-8CD4-56CC3A25F68D/L0/001 complete=true naturalWidth=196 naturalHeight=260 renderWidth=166 renderHeight=135 uri_bytes=27351
[THUMB_RUNTIME] phase=gallery_load path=photos://asset/DFA2A2E2-9441-4C96-95A2-DE3F82F01FF9/L0/001 complete=true naturalWidth=260 naturalHeight=167 renderWidth=166 renderHeight=135 uri_bytes=24811
[PHOTOS_DEBUG] in_process_thumb_success asset_id=667598D1-FC6E-47EF-8FC2-D4C2FC1A6733/L0/001 bytes=24779
[PHOTOS_DEBUG] in_process_thumb_success asset_id=DD1D6B16-2151-4E46-BE6F-A627022B0491/L0/001 bytes=25159
[THUMB_RUNTIME] phase=gallery_load path=photos://asset/667598D1-FC6E-47EF-8FC2-D4C2FC1A6733/L0/001 complete=true naturalWidth=196 naturalHeight=260 renderWidth=166 renderHeight=135 uri_bytes=24779
[THUMB_RUNTIME] phase=gallery_load path=photos://asset/DD1D6B16-2151-4E46-BE6F-A627022B0491/L0/001 complete=true naturalWidth=196 naturalHeight=260 renderWidth=166 renderHeight=135 uri_bytes=25159
[PHOTOS_DEBUG] in_process_thumb_success asset_id=2872DA49-5072-497D-8382-F40999073C7B/L0/001 bytes=26507
[THUMB_RUNTIME] phase=gallery_load path=photos://asset/2872DA49-5072-497D-8382-F40999073C7B/L0/001 complete=true naturalWidth=196 naturalHeight=260 renderWidth=166 renderHeight=135 uri_bytes=26507
[PHOTOS_DEBUG] in_process_thumb_success asset_id=C4FAF116-295A-40A4-9328-C0EEA1C4586C/L0/001 bytes=24391
[THUMB_RUNTIME] phase=gallery_load path=photos://asset/C4FAF116-295A-40A4-9328-C0EEA1C4586C/L0/001 complete=true naturalWidth=196 naturalHeight=260 renderWidth=166 renderHeight=135 uri_bytes=24391
[PHOTOS_DEBUG] in_process_thumb_success asset_id=EB9E1987-238C-497E-8F87-EBE12782D1B7/L0/001 bytes=24831
[THUMB_RUNTIME] phase=gallery_load path=photos://asset/EB9E1987-238C-497E-8F87-EBE12782D1B7/L0/001 complete=true naturalWidth=196 naturalHeight=260 renderWidth=166 renderHeight=135 uri_bytes=24831
[PHOTOS_DEBUG] in_process_thumb_success asset_id=842552A7-4D8E-40E5-B998-CFFEB284F0FA/L0/001 bytes=25007
[THUMB_RUNTIME] phase=gallery_load path=photos://asset/842552A7-4D8E-40E5-B998-CFFEB284F0FA/L0/001 complete=true naturalWidth=196 naturalHeight=260 renderWidth=166 renderHeight=135 uri_bytes=25007
[PHOTOS_DEBUG] in_process_thumb_success asset_id=176CC0C8-2B70-4644-AC40-B5D05C364727/L0/001 bytes=25447
[THUMB_RUNTIME] phase=gallery_load path=photos://asset/176CC0C8-2B70-4644-AC40-B5D05C364727/L0/001 complete=true naturalWidth=196 naturalHeight=260 renderWidth=166 renderHeight=135 uri_bytes=25447
[PHOTOS_DEBUG] in_process_thumb_success asset_id=46AA0860-A126-4657-AF85-73641F2F1C06/L0/001 bytes=17599
[PHOTOS_DEBUG] in_process_thumb_success asset_id=FE07E791-AE81-4E32-BFD9-5021C2713708/L0/001 bytes=27111
[THUMB_RUNTIME] phase=gallery_load path=photos://asset/46AA0860-A126-4657-AF85-73641F2F1C06/L0/001 complete=true naturalWidth=146 naturalHeight=260 renderWidth=166 renderHeight=135 uri_bytes=17599
[THUMB_RUNTIME] phase=gallery_load path=photos://asset/FE07E791-AE81-4E32-BFD9-5021C2713708/L0/001 complete=true naturalWidth=196 naturalHeight=260 renderWidth=166 renderHeight=135 uri_bytes=27111
[PHOTOS_DEBUG] in_process_thumb_success asset_id=D28B6B7E-4139-4B08-96B4-286D9CE12083/L0/001 bytes=24339
[PHOTOS_DEBUG] in_process_thumb_success asset_id=262FD614-7DFD-4639-8807-63B59D9819EC/L0/001 bytes=29603
[THUMB_RUNTIME] phase=gallery_load path=photos://asset/D28B6B7E-4139-4B08-96B4-286D9CE12083/L0/001 complete=true naturalWidth=196 naturalHeight=260 renderWidth=166 renderHeight=135 uri_bytes=24339
[THUMB_RUNTIME] phase=gallery_load path=photos://asset/262FD614-7DFD-4639-8807-63B59D9819EC/L0/001 complete=true naturalWidth=196 naturalHeight=260 renderWidth=166 renderHeight=135 uri_bytes=29603
[PHOTOS_DEBUG] in_process_thumb_success asset_id=82EE4CC1-C79D-4D1C-8F69-47E3526FAC6B/L0/001 bytes=26135
[THUMB_RUNTIME] phase=gallery_load path=photos://asset/82EE4CC1-C79D-4D1C-8F69-47E3526FAC6B/L0/001 complete=true naturalWidth=196 naturalHeight=260 renderWidth=166 renderHeight=135 uri_bytes=26135
[PHOTOS_DEBUG] in_process_thumb_success asset_id=382325FF-6910-4AB6-8CE7-9CF95E21936E/L0/001 bytes=25799
[PHOTOS_DEBUG] in_process_thumb_success asset_id=A61ECA42-E0D3-4340-B74C-0FD162A5EB42/L0/001 bytes=28119
[THUMB_RUNTIME] phase=gallery_load path=photos://asset/382325FF-6910-4AB6-8CE7-9CF95E21936E/L0/001 complete=true naturalWidth=196 naturalHeight=260 renderWidth=166 renderHeight=135 uri_bytes=25799
[THUMB_RUNTIME] phase=gallery_load path=photos://asset/A61ECA42-E0D3-4340-B74C-0FD162A5EB42/L0/001 complete=true naturalWidth=196 naturalHeight=260 renderWidth=166 renderHeight=135 uri_bytes=28119
[PHOTOS_DEBUG] in_process=yes photos_auth_status=authorized photos_asset_count=4380 photos_offset=120 photos_result_count=40
[GALLERY_PAGE] offset=120 loaded=40 next=160 total=4380
[PHOTOS_DEBUG] in_process_thumb_success asset_id=8A5C6DE7-7BA4-4BA7-BCA2-CB3803FD374B/L0/001 bytes=15759
[PHOTOS_DEBUG] in_process_thumb_success asset_id=081C56B4-6D73-4DC2-9E8A-57C14652077D/L0/001 bytes=17975
[PHOTOS_DEBUG] in_process_thumb_success asset_id=85DD9BDC-6867-4A97-99BF-F80188F3A6BD/L0/001 bytes=18007
[THUMB_RUNTIME] phase=gallery_load path=photos://asset/8A5C6DE7-7BA4-4BA7-BCA2-CB3803FD374B/L0/001 complete=true naturalWidth=120 naturalHeight=260 renderWidth=166 renderHeight=135 uri_bytes=15759
[THUMB_RUNTIME] phase=gallery_load path=photos://asset/081C56B4-6D73-4DC2-9E8A-57C14652077D/L0/001 complete=true naturalWidth=146 naturalHeight=260 renderWidth=166 renderHeight=135 uri_bytes=17975
[THUMB_RUNTIME] phase=gallery_load path=photos://asset/85DD9BDC-6867-4A97-99BF-F80188F3A6BD/L0/001 complete=true naturalWidth=196 naturalHeight=260 renderWidth=166 renderHeight=135 uri_bytes=18007
[PHOTOS_DEBUG] in_process_thumb_success asset_id=C45F0664-1DAB-43EF-B68D-18683B5A6028/L0/001 bytes=26039
[THUMB_RUNTIME] phase=gallery_load path=photos://asset/C45F0664-1DAB-43EF-B68D-18683B5A6028/L0/001 complete=true naturalWidth=196 naturalHeight=260 renderWidth=166 renderHeight=135 uri_bytes=26039
[PHOTOS_DEBUG] in_process_thumb_success asset_id=58D50B9B-D4E1-4D7D-895A-02FAAD284DE9/L0/001 bytes=25523
[THUMB_RUNTIME] phase=gallery_load path=photos://asset/58D50B9B-D4E1-4D7D-895A-02FAAD284DE9/L0/001 complete=true naturalWidth=196 naturalHeight=260 renderWidth=166 renderHeight=135 uri_bytes=25523
[PHOTOS_DEBUG] in_process_thumb_success asset_id=CBA3C741-E07E-4A5C-8F90-79FDA5BE3E7D/L0/001 bytes=25387
[PHOTOS_DEBUG] in_process_thumb_success asset_id=4037D672-735E-44C5-87B2-42A2E13359FD/L0/001 bytes=25759
[THUMB_RUNTIME] phase=gallery_load path=photos://asset/CBA3C741-E07E-4A5C-8F90-79FDA5BE3E7D/L0/001 complete=true naturalWidth=196 naturalHeight=260 renderWidth=166 renderHeight=135 uri_bytes=25387
[THUMB_RUNTIME] phase=gallery_load path=photos://asset/4037D672-735E-44C5-87B2-42A2E13359FD/L0/001 complete=true naturalWidth=196 naturalHeight=260 renderWidth=166 renderHeight=135 uri_bytes=25759
[PHOTOS_DEBUG] in_process_thumb_success asset_id=10DA6B03-52C6-4574-9018-1A8C4406F685/L0/001 bytes=27775
[THUMB_RUNTIME] phase=gallery_load path=photos://asset/10DA6B03-52C6-4574-9018-1A8C4406F685/L0/001 complete=true naturalWidth=196 naturalHeight=260 renderWidth=166 renderHeight=135 uri_bytes=27775
[PHOTOS_DEBUG] in_process_thumb_success asset_id=DAFDF733-BCCB-4008-A325-D1820CA5C474/L0/001 bytes=25831[PHOTOS_DEBUG] in_process_thumb_success asset_id=0AFB13B2-34E9-4D37-AEB9-82821FAB8BEB/L0/001 bytes=26747

[THUMB_RUNTIME] phase=gallery_load path=photos://asset/0AFB13B2-34E9-4D37-AEB9-82821FAB8BEB/L0/001 complete=true naturalWidth=196 naturalHeight=260 renderWidth=166 renderHeight=135 uri_bytes=26747
[THUMB_RUNTIME] phase=gallery_load path=photos://asset/DAFDF733-BCCB-4008-A325-D1820CA5C474/L0/001 complete=true naturalWidth=196 naturalHeight=260 renderWidth=166 renderHeight=135 uri_bytes=25831
[PHOTOS_DEBUG] in_process_thumb_success asset_id=66CB6E9D-4E31-489E-9C81-D886DF873FA3/L0/001 bytes=30495
[THUMB_RUNTIME] phase=gallery_load path=photos://asset/66CB6E9D-4E31-489E-9C81-D886DF873FA3/L0/001 complete=true naturalWidth=260 naturalHeight=196 renderWidth=166 renderHeight=135 uri_bytes=30495
[PHOTOS_DEBUG] in_process_thumb_success asset_id=A84E969D-837A-40F1-938F-B2F95F53EC89/L0/001 bytes=25731
[THUMB_RUNTIME] phase=gallery_load path=photos://asset/A84E969D-837A-40F1-938F-B2F95F53EC89/L0/001 complete=true naturalWidth=196 naturalHeight=260 renderWidth=166 renderHeight=135 uri_bytes=25731
[PHOTOS_DEBUG] in_process_thumb_success asset_id=7569F615-511C-4BAC-B4A4-B348B1025CFC/L0/001 bytes=29379
[THUMB_RUNTIME] phase=gallery_load path=photos://asset/7569F615-511C-4BAC-B4A4-B348B1025CFC/L0/001 complete=true naturalWidth=196 naturalHeight=260 renderWidth=166 renderHeight=135 uri_bytes=29379
[PHOTOS_DEBUG] in_process_thumb_success asset_id=A0EF74E7-96E2-4C6E-B5D2-064BBF9E8310/L0/001 bytes=20923
[THUMB_RUNTIME] phase=gallery_load path=photos://asset/A0EF74E7-96E2-4C6E-B5D2-064BBF9E8310/L0/001 complete=true naturalWidth=196 naturalHeight=260 renderWidth=166 renderHeight=135 uri_bytes=20923
[PHOTOS_DEBUG] in_process_thumb_success asset_id=BC61BB1C-D92C-434A-A3AE-A9591AB169BD/L0/001 bytes=22195
[THUMB_RUNTIME] phase=gallery_load path=photos://asset/BC61BB1C-D92C-434A-A3AE-A9591AB169BD/L0/001 complete=true naturalWidth=196 naturalHeight=260 renderWidth=166 renderHeight=135 uri_bytes=22195
[PHOTOS_DEBUG] in_process_thumb_success asset_id=798CB17F-4F1F-4DB2-B22D-FD81934C2832/L0/001 bytes=24163
[THUMB_RUNTIME] phase=gallery_load path=photos://asset/798CB17F-4F1F-4DB2-B22D-FD81934C2832/L0/001 complete=true naturalWidth=196 naturalHeight=260 renderWidth=166 renderHeight=135 uri_bytes=24163
[PHOTOS_DEBUG] in_process_thumb_success asset_id=2CD85E4E-A6E2-4629-B4F8-D05E4710204F/L0/001 bytes=26007
[THUMB_RUNTIME] phase=gallery_load path=photos://asset/2CD85E4E-A6E2-4629-B4F8-D05E4710204F/L0/001 complete=true naturalWidth=196 naturalHeight=260 renderWidth=166 renderHeight=135 uri_bytes=26007
[PHOTOS_DEBUG] in_process_thumb_success asset_id=E7CA73BC-AFE9-466B-87FB-E97A35393722/L0/001 bytes=19283
[THUMB_RUNTIME] phase=gallery_load path=photos://asset/E7CA73BC-AFE9-466B-87FB-E97A35393722/L0/001 complete=true naturalWidth=260 naturalHeight=196 renderWidth=166 renderHeight=135 uri_bytes=19283
[PHOTOS_DEBUG] in_process_thumb_success asset_id=152C5C82-863F-45C0-8057-E8C3DDA2A220/L0/001 bytes=18851
[THUMB_RUNTIME] phase=gallery_load path=photos://asset/152C5C82-863F-45C0-8057-E8C3DDA2A220/L0/001 complete=true naturalWidth=196 naturalHeight=260 renderWidth=166 renderHeight=135 uri_bytes=18851
[PHOTOS_DEBUG] in_process_thumb_success asset_id=C405D825-49F8-4EFB-98C0-6038FAFABCBE/L0/001 bytes=15511
[THUMB_RUNTIME] phase=gallery_load path=photos://asset/C405D825-49F8-4EFB-98C0-6038FAFABCBE/L0/001 complete=true naturalWidth=196 naturalHeight=260 renderWidth=166 renderHeight=135 uri_bytes=15511
[PHOTOS_DEBUG] in_process_thumb_success asset_id=16C11F6F-A88E-4EF2-AC59-4C7039DB8732/L0/001 bytes=31399
[THUMB_RUNTIME] phase=gallery_load path=photos://asset/16C11F6F-A88E-4EF2-AC59-4C7039DB8732/L0/001 complete=true naturalWidth=196 naturalHeight=260 renderWidth=166 renderHeight=135 uri_bytes=31399
[PHOTOS_DEBUG] in_process_thumb_success asset_id=4CC45A86-DA12-4BF5-A349-DE61E2F186BA/L0/001 bytes=26043
[PHOTOS_DEBUG] in_process_thumb_success asset_id=B1FAE30C-F44A-4CA5-9221-A2F485CC8336/L0/001 bytes=28807
[PHOTOS_DEBUG] in_process_thumb_success asset_id=684F10D9-6A6C-412A-9EB0-432BF55051A8/L0/001 bytes=32019
[THUMB_RUNTIME] phase=gallery_load path=photos://asset/4CC45A86-DA12-4BF5-A349-DE61E2F186BA/L0/001 complete=true naturalWidth=196 naturalHeight=260 renderWidth=166 renderHeight=135 uri_bytes=26043
[THUMB_RUNTIME] phase=gallery_load path=photos://asset/B1FAE30C-F44A-4CA5-9221-A2F485CC8336/L0/001 complete=true naturalWidth=196 naturalHeight=260 renderWidth=166 renderHeight=135 uri_bytes=28807
[PHOTOS_DEBUG] in_process_thumb_success asset_id=D2AE06B0-FABB-4E67-BDB6-264F359D63F3/L0/001 bytes=28627
[THUMB_RUNTIME] phase=gallery_load path=photos://asset/684F10D9-6A6C-412A-9EB0-432BF55051A8/L0/001 complete=true naturalWidth=196 naturalHeight=260 renderWidth=166 renderHeight=135 uri_bytes=32019
[THUMB_RUNTIME] phase=gallery_load path=photos://asset/D2AE06B0-FABB-4E67-BDB6-264F359D63F3/L0/001 complete=true naturalWidth=196 naturalHeight=260 renderWidth=166 renderHeight=135 uri_bytes=28627
[BROWSER] location=Dokumente resolved=/Users/yilonglin/Documents exists=yes permission=yes raw_count=4 filtered_count=2 image_count=0 error=none
[BROWSER] location=Dokumente resolved=/Users/yilonglin/Documents/Archiv exists=yes permission=yes raw_count=1 filtered_count=1 image_count=0 error=none
[BROWSER] location=Dokumente resolved=/Users/yilonglin/Documents exists=yes permission=yes raw_count=4 filtered_count=2 image_count=0 error=none
[BROWSER] location=Dokumente resolved=/Users/yilonglin/Documents exists=yes permission=yes raw_count=4 filtered_count=2 image_count=0 error=none
[BROWSER] location=Noki resolved=/Users/yilonglin/Documents/Noki exists=yes permission=yes raw_count=0 filtered_count=0 image_count=0 error=none
[BROWSER] location=Desktop resolved=/Users/yilonglin/Desktop exists=yes permission=yes raw_count=4 filtered_count=2 image_count=0 error=none
[BROWSER] location=Desktop resolved=/Users/yilonglin/Desktop/workflow exists=yes permission=yes raw_count=2 filtered_count=0 image_count=0 error=none
[BROWSER] location=Desktop resolved=/Users/yilonglin/Desktop exists=yes permission=yes raw_count=4 filtered_count=2 image_count=0 error=none
[PHOTOS_DEBUG] in_process=yes photos_auth_status=denied photos_asset_count=0 photos_offset=0 photos_result_count=0
[PHOTOS_HELPER] status is not_determined, requesting authorization...
[PHOTOS_HELPER] after request authorization status=denied
[PHOTOS_HELPER] not authorized: denied
[PHOTOS_DEBUG] helper_stderr: [PHOTOS_HELPER] status is not_determined, requesting authorization...
[PHOTOS_HELPER] after request authorization status=denied
[PHOTOS_HELPER] not authorized: denied
[PHOTOS_DEBUG] in_process=no photos_helper_path=/Users/yilonglin/NOKI/desktop/target/photos-bin/NokiPhotos.app/Contents/MacOS/noki-photos photos_helper_exists=yes photos_helper_launch_ok=yes photos_auth_status=denied photos_asset_count=0 photos_result_count=0 error=not_authorized
[BROWSER] location=Pictures resolved=/Users/yilonglin/Pictures exists=yes permission=yes raw_count=4 filtered_count=0 image_count=0 error=none
[PHOTOS_DEBUG] pictures_path=/Users/yilonglin/Pictures pictures_file_count=0 raw_count=4 photos_auth_status=denied photos_asset_count=0 photos_result_count=0 total_entries=0
[PHOTOS_DEBUG] in_process=yes photos_auth_status=denied photos_asset_count=0 photos_offset=0 photos_result_count=0
[PHOTOS_HELPER] status is not_determined, requesting authorization...
[PHOTOS_HELPER] after request authorization status=denied
[PHOTOS_HELPER] not authorized: denied
[PHOTOS_DEBUG] helper_stderr: [PHOTOS_HELPER] status is not_determined, requesting authorization...
[PHOTOS_HELPER] after request authorization status=denied
[PHOTOS_HELPER] not authorized: denied
[PHOTOS_DEBUG] in_process=no photos_helper_path=/Users/yilonglin/NOKI/desktop/target/photos-bin/NokiPhotos.app/Contents/MacOS/noki-photos photos_helper_exists=yes photos_helper_launch_ok=yes photos_auth_status=denied photos_asset_count=0 photos_result_count=0 error=not_authorized
[BROWSER] location=Pictures resolved=/Users/yilonglin/Pictures exists=yes permission=yes raw_count=4 filtered_count=0 image_count=0 error=none
[PHOTOS_DEBUG] pictures_path=/Users/yilonglin/Pictures pictures_file_count=0 raw_count=4 photos_auth_status=denied photos_asset_count=0 photos_result_count=0 total_entries=0
[PHOTOS_DEBUG] in_process=yes photos_auth_status=denied photos_asset_count=0 photos_offset=0 photos_result_count=0
[PHOTOS_HELPER] status is not_determined, requesting authorization...
[PHOTOS_HELPER] after request authorization status=denied
[PHOTOS_HELPER] not authorized: denied
[PHOTOS_DEBUG] helper_stderr: [PHOTOS_HELPER] status is not_determined, requesting authorization...
[PHOTOS_HELPER] after request authorization status=denied
[PHOTOS_HELPER] not authorized: denied
[PHOTOS_DEBUG] in_process=no photos_helper_path=/Users/yilonglin/NOKI/desktop/target/photos-bin/NokiPhotos.app/Contents/MacOS/noki-photos photos_helper_exists=yes photos_helper_launch_ok=yes photos_auth_status=denied photos_asset_count=0 photos_result_count=0 error=not_authorized
[BROWSER] location=Pictures resolved=/Users/yilonglin/Pictures exists=yes permission=yes raw_count=4 filtered_count=0 image_count=0 error=none
[PHOTOS_DEBUG] pictures_path=/Users/yilonglin/Pictures pictures_file_count=0 raw_count=4 photos_auth_status=denied photos_asset_count=0 photos_result_count=0 total_entries=0
[PHOTOS_DEBUG] in_process=yes photos_auth_status=denied photos_asset_count=0 photos_offset=0 photos_result_count=0
[PHOTOS_HELPER] status is not_determined, requesting authorization...
[PHOTOS_HELPER] after request authorization status=denied
[PHOTOS_HELPER] not authorized: denied
[PHOTOS_DEBUG] helper_stderr: [PHOTOS_HELPER] status is not_determined, requesting authorization...
[PHOTOS_HELPER] after request authorization status=denied
[PHOTOS_HELPER] not authorized: denied
[PHOTOS_DEBUG] in_process=no photos_helper_path=/Users/yilonglin/NOKI/desktop/target/photos-bin/NokiPhotos.app/Contents/MacOS/noki-photos photos_helper_exists=yes photos_helper_launch_ok=yes photos_auth_status=denied photos_asset_count=0 photos_result_count=0 error=not_authorized
[BROWSER] location=Pictures resolved=/Users/yilonglin/Pictures exists=yes permission=yes raw_count=4 filtered_count=0 image_count=0 error=none
[PHOTOS_DEBUG] pictures_path=/Users/yilonglin/Pictures pictures_file_count=0 raw_count=4 photos_auth_status=denied photos_asset_count=0 photos_result_count=0 total_entries=0
[PHOTOS_DEBUG] in_process=yes photos_auth_status=denied photos_asset_count=0 photos_offset=0 photos_result_count=0
[PHOTOS_HELPER] status is not_determined, requesting authorization...
[PHOTOS_HELPER] after request authorization status=denied
[PHOTOS_HELPER] not authorized: denied
[PHOTOS_DEBUG] helper_stderr: [PHOTOS_HELPER] status is not_determined, requesting authorization...
[PHOTOS_HELPER] after request authorization status=denied
[PHOTOS_HELPER] not authorized: denied
[PHOTOS_DEBUG] in_process=no photos_helper_path=/Users/yilonglin/NOKI/desktop/target/photos-bin/NokiPhotos.app/Contents/MacOS/noki-photos photos_helper_exists=yes photos_helper_launch_ok=yes photos_auth_status=denied photos_asset_count=0 photos_result_count=0 error=not_authorized
[BROWSER] location=Pictures resolved=/Users/yilonglin/Pictures exists=yes permission=yes raw_count=4 filtered_count=0 image_count=0 error=none
[PHOTOS_DEBUG] pictures_path=/Users/yilonglin/Pictures pictures_file_count=0 raw_count=4 photos_auth_status=denied photos_asset_count=0 photos_result_count=0 total_entries=0
[PHOTOS_DEBUG] in_process=yes photos_auth_status=denied photos_asset_count=0 photos_offset=0 photos_result_count=0
[PHOTOS_HELPER] status is not_determined, requesting authorization...
[PHOTOS_HELPER] after request authorization status=denied
[PHOTOS_HELPER] not authorized: denied
[PHOTOS_DEBUG] helper_stderr: [PHOTOS_HELPER] status is not_determined, requesting authorization...
[PHOTOS_HELPER] after request authorization status=denied
[PHOTOS_HELPER] not authorized: denied
[PHOTOS_DEBUG] in_process=no photos_helper_path=/Users/yilonglin/NOKI/desktop/target/photos-bin/NokiPhotos.app/Contents/MacOS/noki-photos photos_helper_exists=yes photos_helper_launch_ok=yes photos_auth_status=denied photos_asset_count=0 photos_result_count=0 error=not_authorized
[BROWSER] location=Pictures resolved=/Users/yilonglin/Pictures exists=yes permission=yes raw_count=4 filtered_count=0 image_count=0 error=none
[PHOTOS_DEBUG] pictures_path=/Users/yilonglin/Pictures pictures_file_count=0 raw_count=4 photos_auth_status=denied photos_asset_count=0 photos_result_count=0 total_entries=0
[PHOTOS_DEBUG] in_process=yes photos_auth_status=denied photos_asset_count=0 photos_offset=0 photos_result_count=0
[PHOTOS_HELPER] status is not_determined, requesting authorization...
[PHOTOS_HELPER] after request authorization status=denied
[PHOTOS_HELPER] not authorized: denied
[PHOTOS_DEBUG] helper_stderr: [PHOTOS_HELPER] status is not_determined, requesting authorization...
[PHOTOS_HELPER] after request authorization status=denied
[PHOTOS_HELPER] not authorized: denied
[PHOTOS_DEBUG] in_process=no photos_helper_path=/Users/yilonglin/NOKI/desktop/target/photos-bin/NokiPhotos.app/Contents/MacOS/noki-photos photos_helper_exists=yes photos_helper_launch_ok=yes photos_auth_status=denied photos_asset_count=0 photos_result_count=0 error=not_authorized
[BROWSER] location=Pictures resolved=/Users/yilonglin/Pictures exists=yes permission=yes raw_count=4 filtered_count=0 image_count=0 error=none
[PHOTOS_DEBUG] pictures_path=/Users/yilonglin/Pictures pictures_file_count=0 raw_count=4 photos_auth_status=denied photos_asset_count=0 photos_result_count=0 total_entries=0
[PHOTOS_DEBUG] in_process=yes photos_auth_status=denied photos_asset_count=0 photos_offset=0 photos_result_count=0
[PHOTOS_HELPER] status is not_determined, requesting authorization...
[PHOTOS_HELPER] after request authorization status=denied
[PHOTOS_HELPER] not authorized: denied
[PHOTOS_DEBUG] helper_stderr: [PHOTOS_HELPER] status is not_determined, requesting authorization...
[PHOTOS_HELPER] after request authorization status=denied
[PHOTOS_HELPER] not authorized: denied
[PHOTOS_DEBUG] in_process=no photos_helper_path=/Users/yilonglin/NOKI/desktop/target/photos-bin/NokiPhotos.app/Contents/MacOS/noki-photos photos_helper_exists=yes photos_helper_launch_ok=yes photos_auth_status=denied photos_asset_count=0 photos_result_count=0 error=not_authorized
[BROWSER] location=Pictures resolved=/Users/yilonglin/Pictures exists=yes permission=yes raw_count=4 filtered_count=0 image_count=0 error=none
[PHOTOS_DEBUG] pictures_path=/Users/yilonglin/Pictures pictures_file_count=0 raw_count=4 photos_auth_status=denied photos_asset_count=0 photos_result_count=0 total_entries=0
[PHOTOS_DEBUG] in_process=yes photos_auth_status=denied photos_asset_count=0 photos_offset=0 photos_result_count=0
[PHOTOS_HELPER] status is not_determined, requesting authorization...
[PHOTOS_HELPER] after request authorization status=denied
[PHOTOS_HELPER] not authorized: denied
[PHOTOS_DEBUG] helper_stderr: [PHOTOS_HELPER] status is not_determined, requesting authorization...
[PHOTOS_HELPER] after request authorization status=denied
[PHOTOS_HELPER] not authorized: denied
[PHOTOS_DEBUG] in_process=no photos_helper_path=/Users/yilonglin/NOKI/desktop/target/photos-bin/NokiPhotos.app/Contents/MacOS/noki-photos photos_helper_exists=yes photos_helper_launch_ok=yes photos_auth_status=denied photos_asset_count=0 photos_result_count=0 error=not_authorized
[BROWSER] location=Pictures resolved=/Users/yilonglin/Pictures exists=yes permission=yes raw_count=4 filtered_count=0 image_count=0 error=none
[PHOTOS_DEBUG] pictures_path=/Users/yilonglin/Pictures pictures_file_count=0 raw_count=4 photos_auth_status=denied photos_asset_count=0 photos_result_count=0 total_entries=0
[PHOTOS_DEBUG] in_process=yes photos_auth_status=denied photos_asset_count=0 photos_offset=0 photos_result_count=0
[PHOTOS_HELPER] status is not_determined, requesting authorization...
[PHOTOS_HELPER] after request authorization status=denied
[PHOTOS_HELPER] not authorized: denied
[PHOTOS_DEBUG] helper_stderr: [PHOTOS_HELPER] status is not_determined, requesting authorization...
[PHOTOS_HELPER] after request authorization status=denied
[PHOTOS_HELPER] not authorized: denied
[PHOTOS_DEBUG] in_process=no photos_helper_path=/Users/yilonglin/NOKI/desktop/target/photos-bin/NokiPhotos.app/Contents/MacOS/noki-photos photos_helper_exists=yes photos_helper_launch_ok=yes photos_auth_status=denied photos_asset_count=0 photos_result_count=0 error=not_authorized
[BROWSER] location=Pictures resolved=/Users/yilonglin/Pictures exists=yes permission=yes raw_count=4 filtered_count=0 image_count=0 error=none
[PHOTOS_DEBUG] pictures_path=/Users/yilonglin/Pictures pictures_file_count=0 raw_count=4 photos_auth_status=denied photos_asset_count=0 photos_result_count=0 total_entries=0
[PHOTOS_DEBUG] in_process=yes photos_auth_status=denied photos_asset_count=0 photos_offset=0 photos_result_count=0
[PHOTOS_HELPER] status is not_determined, requesting authorization...
[PHOTOS_HELPER] after request authorization status=denied
[PHOTOS_HELPER] not authorized: denied
[PHOTOS_DEBUG] helper_stderr: [PHOTOS_HELPER] status is not_determined, requesting authorization...
[PHOTOS_HELPER] after request authorization status=denied
[PHOTOS_HELPER] not authorized: denied
[PHOTOS_DEBUG] in_process=no photos_helper_path=/Users/yilonglin/NOKI/desktop/target/photos-bin/NokiPhotos.app/Contents/MacOS/noki-photos photos_helper_exists=yes photos_helper_launch_ok=yes photos_auth_status=denied photos_asset_count=0 photos_result_count=0 error=not_authorized
[BROWSER] location=Pictures resolved=/Users/yilonglin/Pictures exists=yes permission=yes raw_count=4 filtered_count=0 image_count=0 error=none
[PHOTOS_DEBUG] pictures_path=/Users/yilonglin/Pictures pictures_file_count=0 raw_count=4 photos_auth_status=denied photos_asset_count=0 photos_result_count=0 total_entries=0
[PHOTOS_DEBUG] in_process=yes photos_auth_status=denied photos_asset_count=0 photos_offset=0 photos_result_count=0
[PHOTOS_HELPER] status is not_determined, requesting authorization...
[PHOTOS_HELPER] after request authorization status=denied
[PHOTOS_HELPER] not authorized: denied
[PHOTOS_DEBUG] helper_stderr: [PHOTOS_HELPER] status is not_determined, requesting authorization...
[PHOTOS_HELPER] after request authorization status=denied
[PHOTOS_HELPER] not authorized: denied
[PHOTOS_DEBUG] in_process=no photos_helper_path=/Users/yilonglin/NOKI/desktop/target/photos-bin/NokiPhotos.app/Contents/MacOS/noki-photos photos_helper_exists=yes photos_helper_launch_ok=yes photos_auth_status=denied photos_asset_count=0 photos_result_count=0 error=not_authorized
[BROWSER] location=Pictures resolved=/Users/yilonglin/Pictures exists=yes permission=yes raw_count=4 filtered_count=0 image_count=0 error=none
[PHOTOS_DEBUG] pictures_path=/Users/yilonglin/Pictures pictures_file_count=0 raw_count=4 photos_auth_status=denied photos_asset_count=0 photos_result_count=0 total_entries=0
[PHOTOS_DEBUG] in_process=yes photos_auth_status=denied photos_asset_count=0 photos_offset=0 photos_result_count=0
[PHOTOS_HELPER] status is not_determined, requesting authorization...
[PHOTOS_HELPER] after request authorization status=denied
[PHOTOS_HELPER] not authorized: denied
[PHOTOS_DEBUG] helper_stderr: [PHOTOS_HELPER] status is not_determined, requesting authorization...
[PHOTOS_HELPER] after request authorization status=denied
[PHOTOS_HELPER] not authorized: denied
[PHOTOS_DEBUG] in_process=no photos_helper_path=/Users/yilonglin/NOKI/desktop/target/photos-bin/NokiPhotos.app/Contents/MacOS/noki-photos photos_helper_exists=yes photos_helper_launch_ok=yes photos_auth_status=denied photos_asset_count=0 photos_result_count=0 error=not_authorized
[BROWSER] location=Pictures resolved=/Users/yilonglin/Pictures exists=yes permission=yes raw_count=4 filtered_count=0 image_count=0 error=none
[PHOTOS_DEBUG] pictures_path=/Users/yilonglin/Pictures pictures_file_count=0 raw_count=4 photos_auth_status=denied photos_asset_count=0 photos_result_count=0 total_entries=0
[PHOTOS_DEBUG] in_process=yes photos_auth_status=denied photos_asset_count=0 photos_offset=0 photos_result_count=0
[PHOTOS_HELPER] status is not_determined, requesting authorization...
[PHOTOS_HELPER] after request authorization status=denied
[PHOTOS_HELPER] not authorized: denied
[PHOTOS_DEBUG] helper_stderr: [PHOTOS_HELPER] status is not_determined, requesting authorization...
[PHOTOS_HELPER] after request authorization status=denied
[PHOTOS_HELPER] not authorized: denied
[PHOTOS_DEBUG] in_process=no photos_helper_path=/Users/yilonglin/NOKI/desktop/target/photos-bin/NokiPhotos.app/Contents/MacOS/noki-photos photos_helper_exists=yes photos_helper_launch_ok=yes photos_auth_status=denied photos_asset_count=0 photos_result_count=0 error=not_authorized
[BROWSER] location=Pictures resolved=/Users/yilonglin/Pictures exists=yes permission=yes raw_count=4 filtered_count=0 image_count=0 error=none
[PHOTOS_DEBUG] pictures_path=/Users/yilonglin/Pictures pictures_file_count=0 raw_count=4 photos_auth_status=denied photos_asset_count=0 photos_result_count=0 total_entries=0
[PHOTOS_DEBUG] in_process=yes photos_auth_status=denied photos_asset_count=0 photos_offset=0 photos_result_count=0
[PHOTOS_HELPER] status is not_determined, requesting authorization...
[PHOTOS_HELPER] after request authorization status=denied
[PHOTOS_HELPER] not authorized: denied
[PHOTOS_DEBUG] helper_stderr: [PHOTOS_HELPER] status is not_determined, requesting authorization...
[PHOTOS_HELPER] after request authorization status=denied
[PHOTOS_HELPER] not authorized: denied
[PHOTOS_DEBUG] in_process=no photos_helper_path=/Users/yilonglin/NOKI/desktop/target/photos-bin/NokiPhotos.app/Contents/MacOS/noki-photos photos_helper_exists=yes photos_helper_launch_ok=yes photos_auth_status=denied photos_asset_count=0 photos_result_count=0 error=not_authorized
[BROWSER] location=Pictures resolved=/Users/yilonglin/Pictures exists=yes permission=yes raw_count=4 filtered_count=0 image_count=0 error=none
[PHOTOS_DEBUG] pictures_path=/Users/yilonglin/Pictures pictures_file_count=0 raw_count=4 photos_auth_status=denied photos_asset_count=0 photos_result_count=0 total_entries=0
[PHOTOS_DEBUG] in_process=yes photos_auth_status=denied photos_asset_count=0 photos_offset=0 photos_result_count=0
[PHOTOS_HELPER] status is not_determined, requesting authorization...
[PHOTOS_HELPER] after request authorization status=denied
[PHOTOS_HELPER] not authorized: denied
[PHOTOS_DEBUG] helper_stderr: [PHOTOS_HELPER] status is not_determined, requesting authorization...
[PHOTOS_HELPER] after request authorization status=denied
[PHOTOS_HELPER] not authorized: denied
[PHOTOS_DEBUG] in_process=no photos_helper_path=/Users/yilonglin/NOKI/desktop/target/photos-bin/NokiPhotos.app/Contents/MacOS/noki-photos photos_helper_exists=yes photos_helper_launch_ok=yes photos_auth_status=denied photos_asset_count=0 photos_result_count=0 error=not_authorized
[BROWSER] location=Pictures resolved=/Users/yilonglin/Pictures exists=yes permission=yes raw_count=4 filtered_count=0 image_count=0 error=none
[PHOTOS_DEBUG] pictures_path=/Users/yilonglin/Pictures pictures_file_count=0 raw_count=4 photos_auth_status=denied photos_asset_count=0 photos_result_count=0 total_entries=0
[PHOTOS_DEBUG] in_process=yes photos_auth_status=denied photos_asset_count=0 photos_offset=0 photos_result_count=0
[PHOTOS_HELPER] status is not_determined, requesting authorization...
[PHOTOS_HELPER] after request authorization status=denied
[PHOTOS_HELPER] not authorized: denied
[PHOTOS_DEBUG] helper_stderr: [PHOTOS_HELPER] status is not_determined, requesting authorization...
[PHOTOS_HELPER] after request authorization status=denied
[PHOTOS_HELPER] not authorized: denied
[PHOTOS_DEBUG] in_process=no photos_helper_path=/Users/yilonglin/NOKI/desktop/target/photos-bin/NokiPhotos.app/Contents/MacOS/noki-photos photos_helper_exists=yes photos_helper_launch_ok=yes photos_auth_status=denied photos_asset_count=0 photos_result_count=0 error=not_authorized
[BROWSER] location=Pictures resolved=/Users/yilonglin/Pictures exists=yes permission=yes raw_count=4 filtered_count=0 image_count=0 error=none
[PHOTOS_DEBUG] pictures_path=/Users/yilonglin/Pictures pictures_file_count=0 raw_count=4 photos_auth_status=denied photos_asset_count=0 photos_result_count=0 total_entries=0
[PHOTOS_DEBUG] in_process=yes photos_auth_status=denied photos_asset_count=0 photos_offset=0 photos_result_count=0
[PHOTOS_HELPER] status is not_determined, requesting authorization...
[PHOTOS_HELPER] after request authorization status=denied
[PHOTOS_HELPER] not authorized: denied
[PHOTOS_DEBUG] helper_stderr: [PHOTOS_HELPER] status is not_determined, requesting authorization...
[PHOTOS_HELPER] after request authorization status=denied
[PHOTOS_HELPER] not authorized: denied
[PHOTOS_DEBUG] in_process=no photos_helper_path=/Users/yilonglin/NOKI/desktop/target/photos-bin/NokiPhotos.app/Contents/MacOS/noki-photos photos_helper_exists=yes photos_helper_launch_ok=yes photos_auth_status=denied photos_asset_count=0 photos_result_count=0 error=not_authorized
[BROWSER] location=Pictures resolved=/Users/yilonglin/Pictures exists=yes permission=yes raw_count=4 filtered_count=0 image_count=0 error=none
[PHOTOS_DEBUG] pictures_path=/Users/yilonglin/Pictures pictures_file_count=0 raw_count=4 photos_auth_status=denied photos_asset_count=0 photos_result_count=0 total_entries=0
[PHOTOS_DEBUG] in_process=yes photos_auth_status=denied photos_asset_count=0 photos_offset=0 photos_result_count=0
[PHOTOS_HELPER] status is not_determined, requesting authorization...
[PHOTOS_HELPER] after request authorization status=denied
[PHOTOS_HELPER] not authorized: denied
[PHOTOS_DEBUG] helper_stderr: [PHOTOS_HELPER] status is not_determined, requesting authorization...
[PHOTOS_HELPER] after request authorization status=denied
[PHOTOS_HELPER] not authorized: denied
[PHOTOS_DEBUG] in_process=no photos_helper_path=/Users/yilonglin/NOKI/desktop/target/photos-bin/NokiPhotos.app/Contents/MacOS/noki-photos photos_helper_exists=yes photos_helper_launch_ok=yes photos_auth_status=denied photos_asset_count=0 photos_result_count=0 error=not_authorized
[BROWSER] location=Pictures resolved=/Users/yilonglin/Pictures exists=yes permission=yes raw_count=4 filtered_count=0 image_count=0 error=none
[PHOTOS_DEBUG] pictures_path=/Users/yilonglin/Pictures pictures_file_count=0 raw_count=4 photos_auth_status=denied photos_asset_count=0 photos_result_count=0 total_entries=0
[PHOTOS_DEBUG] in_process=yes photos_auth_status=denied photos_asset_count=0 photos_offset=0 photos_result_count=0
[PHOTOS_HELPER] status is not_determined, requesting authorization...
[PHOTOS_HELPER] after request authorization status=denied
[PHOTOS_HELPER] not authorized: denied
[PHOTOS_DEBUG] helper_stderr: [PHOTOS_HELPER] status is not_determined, requesting authorization...
[PHOTOS_HELPER] after request authorization status=denied
[PHOTOS_HELPER] not authorized: denied
[PHOTOS_DEBUG] in_process=no photos_helper_path=/Users/yilonglin/NOKI/desktop/target/photos-bin/NokiPhotos.app/Contents/MacOS/noki-photos photos_helper_exists=yes photos_helper_launch_ok=yes photos_auth_status=denied photos_asset_count=0 photos_result_count=0 error=not_authorized
[BROWSER] location=Pictures resolved=/Users/yilonglin/Pictures exists=yes permission=yes raw_count=4 filtered_count=0 image_count=0 error=none
[PHOTOS_DEBUG] pictures_path=/Users/yilonglin/Pictures pictures_file_count=0 raw_count=4 photos_auth_status=denied photos_asset_count=0 photos_result_count=0 total_entries=0
[PHOTOS_DEBUG] in_process=yes photos_auth_status=denied photos_asset_count=0 photos_offset=0 photos_result_count=0
[PHOTOS_HELPER] status is not_determined, requesting authorization...
[PHOTOS_HELPER] after request authorization status=denied
[PHOTOS_HELPER] not authorized: denied
[PHOTOS_DEBUG] helper_stderr: [PHOTOS_HELPER] status is not_determined, requesting authorization...
[PHOTOS_HELPER] after request authorization status=denied
[PHOTOS_HELPER] not authorized: denied
[PHOTOS_DEBUG] in_process=no photos_helper_path=/Users/yilonglin/NOKI/desktop/target/photos-bin/NokiPhotos.app/Contents/MacOS/noki-photos photos_helper_exists=yes photos_helper_launch_ok=yes photos_auth_status=denied photos_asset_count=0 photos_result_count=0 error=not_authorized
[BROWSER] location=Pictures resolved=/Users/yilonglin/Pictures exists=yes permission=yes raw_count=4 filtered_count=0 image_count=0 error=none
[PHOTOS_DEBUG] pictures_path=/Users/yilonglin/Pictures pictures_file_count=0 raw_count=4 photos_auth_status=denied photos_asset_count=0 photos_result_count=0 total_entries=0
[PHOTOS_DEBUG] in_process=yes photos_auth_status=denied photos_asset_count=0 photos_offset=0 photos_result_count=0
[PHOTOS_HELPER] status is not_determined, requesting authorization...
[PHOTOS_HELPER] after request authorization status=denied
[PHOTOS_HELPER] not authorized: denied
[PHOTOS_DEBUG] helper_stderr: [PHOTOS_HELPER] status is not_determined, requesting authorization...
[PHOTOS_HELPER] after request authorization status=denied
[PHOTOS_HELPER] not authorized: denied
[PHOTOS_DEBUG] in_process=no photos_helper_path=/Users/yilonglin/NOKI/desktop/target/photos-bin/NokiPhotos.app/Contents/MacOS/noki-photos photos_helper_exists=yes photos_helper_launch_ok=yes photos_auth_status=denied photos_asset_count=0 photos_result_count=0 error=not_authorized
[BROWSER] location=Pictures resolved=/Users/yilonglin/Pictures exists=yes permission=yes raw_count=4 filtered_count=0 image_count=0 error=none
[PHOTOS_DEBUG] pictures_path=/Users/yilonglin/Pictures pictures_file_count=0 raw_count=4 photos_auth_status=denied photos_asset_count=0 photos_result_count=0 total_entries=0
[PHOTOS_DEBUG] in_process=yes photos_auth_status=denied photos_asset_count=0 photos_offset=0 photos_result_count=0
[PHOTOS_HELPER] status is not_determined, requesting authorization...
[PHOTOS_HELPER] after request authorization status=denied
[PHOTOS_HELPER] not authorized: denied
[PHOTOS_DEBUG] helper_stderr: [PHOTOS_HELPER] status is not_determined, requesting authorization...
[PHOTOS_HELPER] after request authorization status=denied
[PHOTOS_HELPER] not authorized: denied
[PHOTOS_DEBUG] in_process=no photos_helper_path=/Users/yilonglin/NOKI/desktop/target/photos-bin/NokiPhotos.app/Contents/MacOS/noki-photos photos_helper_exists=yes photos_helper_launch_ok=yes photos_auth_status=denied photos_asset_count=0 photos_result_count=0 error=not_authorized
[BROWSER] location=Pictures resolved=/Users/yilonglin/Pictures exists=yes permission=yes raw_count=4 filtered_count=0 image_count=0 error=none
[PHOTOS_DEBUG] pictures_path=/Users/yilonglin/Pictures pictures_file_count=0 raw_count=4 photos_auth_status=denied photos_asset_count=0 photos_result_count=0 total_entries=0
[PHOTOS_DEBUG] in_process=yes photos_auth_status=denied photos_asset_count=0 photos_offset=0 photos_result_count=0
[PHOTOS_HELPER] status is not_determined, requesting authorization...
[PHOTOS_HELPER] after request authorization status=denied
[PHOTOS_HELPER] not authorized: denied
[PHOTOS_DEBUG] helper_stderr: [PHOTOS_HELPER] status is not_determined, requesting authorization...
[PHOTOS_HELPER] after request authorization status=denied
[PHOTOS_HELPER] not authorized: denied
[PHOTOS_DEBUG] in_process=no photos_helper_path=/Users/yilonglin/NOKI/desktop/target/photos-bin/NokiPhotos.app/Contents/MacOS/noki-photos photos_helper_exists=yes photos_helper_launch_ok=yes photos_auth_status=denied photos_asset_count=0 photos_result_count=0 error=not_authorized
[BROWSER] location=Pictures resolved=/Users/yilonglin/Pictures exists=yes permission=yes raw_count=4 filtered_count=0 image_count=0 error=none
[PHOTOS_DEBUG] pictures_path=/Users/yilonglin/Pictures pictures_file_count=0 raw_count=4 photos_auth_status=denied photos_asset_count=0 photos_result_count=0 total_entries=0
[PHOTOS_DEBUG] in_process=yes photos_auth_status=denied photos_asset_count=0 photos_offset=0 photos_result_count=0
[PHOTOS_HELPER] status is not_determined, requesting authorization...
[PHOTOS_HELPER] after request authorization status=denied
[PHOTOS_HELPER] not authorized: denied
[PHOTOS_DEBUG] helper_stderr: [PHOTOS_HELPER] status is not_determined, requesting authorization...
[PHOTOS_HELPER] after request authorization status=denied
[PHOTOS_HELPER] not authorized: denied
[PHOTOS_DEBUG] in_process=no photos_helper_path=/Users/yilonglin/NOKI/desktop/target/photos-bin/NokiPhotos.app/Contents/MacOS/noki-photos photos_helper_exists=yes photos_helper_launch_ok=yes photos_auth_status=denied photos_asset_count=0 photos_result_count=0 error=not_authorized
[BROWSER] location=Pictures resolved=/Users/yilonglin/Pictures exists=yes permission=yes raw_count=4 filtered_count=0 image_count=0 error=none
[PHOTOS_DEBUG] pictures_path=/Users/yilonglin/Pictures pictures_file_count=0 raw_count=4 photos_auth_status=denied photos_asset_count=0 photos_result_count=0 total_entries=0
[PHOTOS_DEBUG] in_process=yes photos_auth_status=denied photos_asset_count=0 photos_offset=0 photos_result_count=0
[PHOTOS_HELPER] status is not_determined, requesting authorization...
[PHOTOS_HELPER] after request authorization status=denied
[PHOTOS_HELPER] not authorized: denied
[PHOTOS_DEBUG] helper_stderr: [PHOTOS_HELPER] status is not_determined, requesting authorization...
[PHOTOS_HELPER] after request authorization status=denied
[PHOTOS_HELPER] not authorized: denied
[PHOTOS_DEBUG] in_process=no photos_helper_path=/Users/yilonglin/NOKI/desktop/target/photos-bin/NokiPhotos.app/Contents/MacOS/noki-photos photos_helper_exists=yes photos_helper_launch_ok=yes photos_auth_status=denied photos_asset_count=0 photos_result_count=0 error=not_authorized
[BROWSER] location=Pictures resolved=/Users/yilonglin/Pictures exists=yes permission=yes raw_count=4 filtered_count=0 image_count=0 error=none
[PHOTOS_DEBUG] pictures_path=/Users/yilonglin/Pictures pictures_file_count=0 raw_count=4 photos_auth_status=denied photos_asset_count=0 photos_result_count=0 total_entries=0
[PHOTOS_DEBUG] in_process=yes photos_auth_status=denied photos_asset_count=0 photos_offset=0 photos_result_count=0
[PHOTOS_HELPER] status is not_determined, requesting authorization...
[PHOTOS_HELPER] after request authorization status=denied
[PHOTOS_HELPER] not authorized: denied
[PHOTOS_DEBUG] helper_stderr: [PHOTOS_HELPER] status is not_determined, requesting authorization...
[PHOTOS_HELPER] after request authorization status=denied
[PHOTOS_HELPER] not authorized: denied
[PHOTOS_DEBUG] in_process=no photos_helper_path=/Users/yilonglin/NOKI/desktop/target/photos-bin/NokiPhotos.app/Contents/MacOS/noki-photos photos_helper_exists=yes photos_helper_launch_ok=yes photos_auth_status=denied photos_asset_count=0 photos_result_count=0 error=not_authorized
[BROWSER] location=Pictures resolved=/Users/yilonglin/Pictures exists=yes permission=yes raw_count=4 filtered_count=0 image_count=0 error=none
[PHOTOS_DEBUG] pictures_path=/Users/yilonglin/Pictures pictures_file_count=0 raw_count=4 photos_auth_status=denied photos_asset_count=0 photos_result_count=0 total_entries=0
[PHOTOS_DEBUG] in_process=yes photos_auth_status=denied photos_asset_count=0 photos_offset=0 photos_result_count=0
[PHOTOS_HELPER] status is not_determined, requesting authorization...
[PHOTOS_HELPER] after request authorization status=denied
[PHOTOS_HELPER] not authorized: denied
[PHOTOS_DEBUG] helper_stderr: [PHOTOS_HELPER] status is not_determined, requesting authorization...
[PHOTOS_HELPER] after request authorization status=denied
[PHOTOS_HELPER] not authorized: denied
[PHOTOS_DEBUG] in_process=no photos_helper_path=/Users/yilonglin/NOKI/desktop/target/photos-bin/NokiPhotos.app/Contents/MacOS/noki-photos photos_helper_exists=yes photos_helper_launch_ok=yes photos_auth_status=denied photos_asset_count=0 photos_result_count=0 error=not_authorized
[BROWSER] location=Pictures resolved=/Users/yilonglin/Pictures exists=yes permission=yes raw_count=4 filtered_count=0 image_count=0 error=none
[PHOTOS_DEBUG] pictures_path=/Users/yilonglin/Pictures pictures_file_count=0 raw_count=4 photos_auth_status=denied photos_asset_count=0 photos_result_count=0 total_entries=0
[PHOTOS_DEBUG] in_process=yes photos_auth_status=denied photos_asset_count=0 photos_offset=0 photos_result_count=0
[PHOTOS_HELPER] status is not_determined, requesting authorization...
[PHOTOS_HELPER] after request authorization status=denied
[PHOTOS_HELPER] not authorized: denied
[PHOTOS_DEBUG] helper_stderr: [PHOTOS_HELPER] status is not_determined, requesting authorization...
[PHOTOS_HELPER] after request authorization status=denied
[PHOTOS_HELPER] not authorized: denied
[PHOTOS_DEBUG] in_process=no photos_helper_path=/Users/yilonglin/NOKI/desktop/target/photos-bin/NokiPhotos.app/Contents/MacOS/noki-photos photos_helper_exists=yes photos_helper_launch_ok=yes photos_auth_status=denied photos_asset_count=0 photos_result_count=0 error=not_authorized
[BROWSER] location=Pictures resolved=/Users/yilonglin/Pictures exists=yes permission=yes raw_count=4 filtered_count=0 image_count=0 error=none
[PHOTOS_DEBUG] pictures_path=/Users/yilonglin/Pictures pictures_file_count=0 raw_count=4 photos_auth_status=denied photos_asset_count=0 photos_result_count=0 total_entries=0
[PHOTOS_DEBUG] in_process=yes photos_auth_status=denied photos_asset_count=0 photos_offset=0 photos_result_count=0
[PHOTOS_HELPER] status is not_determined, requesting authorization...
[PHOTOS_HELPER] after request authorization status=denied
[PHOTOS_HELPER] not authorized: denied
[PHOTOS_DEBUG] helper_stderr: [PHOTOS_HELPER] status is not_determined, requesting authorization...
[PHOTOS_HELPER] after request authorization status=denied
[PHOTOS_HELPER] not authorized: denied
[PHOTOS_DEBUG] in_process=no photos_helper_path=/Users/yilonglin/NOKI/desktop/target/photos-bin/NokiPhotos.app/Contents/MacOS/noki-photos photos_helper_exists=yes photos_helper_launch_ok=yes photos_auth_status=denied photos_asset_count=0 photos_result_count=0 error=not_authorized
[BROWSER] location=Pictures resolved=/Users/yilonglin/Pictures exists=yes permission=yes raw_count=4 filtered_count=0 image_count=0 error=none
[PHOTOS_DEBUG] pictures_path=/Users/yilonglin/Pictures pictures_file_count=0 raw_count=4 photos_auth_status=denied photos_asset_count=0 photos_result_count=0 total_entries=0
[PHOTOS_DEBUG] in_process=yes photos_auth_status=denied photos_asset_count=0 photos_offset=0 photos_result_count=0
[PHOTOS_HELPER] status is not_determined, requesting authorization...
[PHOTOS_HELPER] after request authorization status=denied
[PHOTOS_HELPER] not authorized: denied
[PHOTOS_DEBUG] helper_stderr: [PHOTOS_HELPER] status is not_determined, requesting authorization...
[PHOTOS_HELPER] after request authorization status=denied
[PHOTOS_HELPER] not authorized: denied
[PHOTOS_DEBUG] in_process=no photos_helper_path=/Users/yilonglin/NOKI/desktop/target/photos-bin/NokiPhotos.app/Contents/MacOS/noki-photos photos_helper_exists=yes photos_helper_launch_ok=yes photos_auth_status=denied photos_asset_count=0 photos_result_count=0 error=not_authorized
[BROWSER] location=Pictures resolved=/Users/yilonglin/Pictures exists=yes permission=yes raw_count=4 filtered_count=0 image_count=0 error=none
[PHOTOS_DEBUG] pictures_path=/Users/yilonglin/Pictures pictures_file_count=0 raw_count=4 photos_auth_status=denied photos_asset_count=0 photos_result_count=0 total_entries=0
[PHOTOS_DEBUG] in_process=yes photos_auth_status=denied photos_asset_count=0 photos_offset=0 photos_result_count=0
[PHOTOS_HELPER] status is not_determined, requesting authorization...
[PHOTOS_HELPER] after request authorization status=denied
[PHOTOS_HELPER] not authorized: denied
[PHOTOS_DEBUG] helper_stderr: [PHOTOS_HELPER] status is not_determined, requesting authorization...
[PHOTOS_HELPER] after request authorization status=denied
[PHOTOS_HELPER] not authorized: denied
[PHOTOS_DEBUG] in_process=no photos_helper_path=/Users/yilonglin/NOKI/desktop/target/photos-bin/NokiPhotos.app/Contents/MacOS/noki-photos photos_helper_exists=yes photos_helper_launch_ok=yes photos_auth_status=denied photos_asset_count=0 photos_result_count=0 error=not_authorized
[BROWSER] location=Pictures resolved=/Users/yilonglin/Pictures exists=yes permission=yes raw_count=4 filtered_count=0 image_count=0 error=none
[PHOTOS_DEBUG] pictures_path=/Users/yilonglin/Pictures pictures_file_count=0 raw_count=4 photos_auth_status=denied photos_asset_count=0 photos_result_count=0 total_entries=0
[PHOTOS_DEBUG] in_process=yes photos_auth_status=denied photos_asset_count=0 photos_offset=0 photos_result_count=0
[PHOTOS_HELPER] status is not_determined, requesting authorization...
[PHOTOS_HELPER] after request authorization status=denied
[PHOTOS_HELPER] not authorized: denied
[PHOTOS_DEBUG] helper_stderr: [PHOTOS_HELPER] status is not_determined, requesting authorization...
[PHOTOS_HELPER] after request authorization status=denied
[PHOTOS_HELPER] not authorized: denied
[PHOTOS_DEBUG] in_process=no photos_helper_path=/Users/yilonglin/NOKI/desktop/target/photos-bin/NokiPhotos.app/Contents/MacOS/noki-photos photos_helper_exists=yes photos_helper_launch_ok=yes photos_auth_status=denied photos_asset_count=0 photos_result_count=0 error=not_authorized
[BROWSER] location=Pictures resolved=/Users/yilonglin/Pictures exists=yes permission=yes raw_count=4 filtered_count=0 image_count=0 error=none
[PHOTOS_DEBUG] pictures_path=/Users/yilonglin/Pictures pictures_file_count=0 raw_count=4 photos_auth_status=denied photos_asset_count=0 photos_result_count=0 total_entries=0
[PHOTOS_DEBUG] in_process=yes photos_auth_status=denied photos_asset_count=0 photos_offset=0 photos_result_count=0
[PHOTOS_HELPER] status is not_determined, requesting authorization...
[PHOTOS_HELPER] after request authorization status=denied
[PHOTOS_HELPER] not authorized: denied
[PHOTOS_DEBUG] helper_stderr: [PHOTOS_HELPER] status is not_determined, requesting authorization...
[PHOTOS_HELPER] after request authorization status=denied
[PHOTOS_HELPER] not authorized: denied
[PHOTOS_DEBUG] in_process=no photos_helper_path=/Users/yilonglin/NOKI/desktop/target/photos-bin/NokiPhotos.app/Contents/MacOS/noki-photos photos_helper_exists=yes photos_helper_launch_ok=yes photos_auth_status=denied photos_asset_count=0 photos_result_count=0 error=not_authorized
[BROWSER] location=Pictures resolved=/Users/yilonglin/Pictures exists=yes permission=yes raw_count=4 filtered_count=0 image_count=0 error=none
[PHOTOS_DEBUG] pictures_path=/Users/yilonglin/Pictures pictures_file_count=0 raw_count=4 photos_auth_status=denied photos_asset_count=0 photos_result_count=0 total_entries=0
[PHOTOS_DEBUG] in_process=yes photos_auth_status=denied photos_asset_count=0 photos_offset=0 photos_result_count=0
[PHOTOS_HELPER] status is not_determined, requesting authorization...
[PHOTOS_HELPER] after request authorization status=denied
[PHOTOS_HELPER] not authorized: denied
[PHOTOS_DEBUG] helper_stderr: [PHOTOS_HELPER] status is not_determined, requesting authorization...
[PHOTOS_HELPER] after request authorization status=denied
[PHOTOS_HELPER] not authorized: denied
[PHOTOS_DEBUG] in_process=no photos_helper_path=/Users/yilonglin/NOKI/desktop/target/photos-bin/NokiPhotos.app/Contents/MacOS/noki-photos photos_helper_exists=yes photos_helper_launch_ok=yes photos_auth_status=denied photos_asset_count=0 photos_result_count=0 error=not_authorized
[BROWSER] location=Pictures resolved=/Users/yilonglin/Pictures exists=yes permission=yes raw_count=4 filtered_count=0 image_count=0 error=none
[PHOTOS_DEBUG] pictures_path=/Users/yilonglin/Pictures pictures_file_count=0 raw_count=4 photos_auth_status=denied photos_asset_count=0 photos_result_count=0 total_entries=0
[PHOTOS_DEBUG] in_process=yes photos_auth_status=denied photos_asset_count=0 photos_offset=0 photos_result_count=0
[PHOTOS_HELPER] status is not_determined, requesting authorization...
[PHOTOS_HELPER] after request authorization status=denied
[PHOTOS_HELPER] not authorized: denied
[PHOTOS_DEBUG] helper_stderr: [PHOTOS_HELPER] status is not_determined, requesting authorization...
[PHOTOS_HELPER] after request authorization status=denied
[PHOTOS_HELPER] not authorized: denied
[PHOTOS_DEBUG] in_process=no photos_helper_path=/Users/yilonglin/NOKI/desktop/target/photos-bin/NokiPhotos.app/Contents/MacOS/noki-photos photos_helper_exists=yes photos_helper_launch_ok=yes photos_auth_status=denied photos_asset_count=0 photos_result_count=0 error=not_authorized
[BROWSER] location=Pictures resolved=/Users/yilonglin/Pictures exists=yes permission=yes raw_count=4 filtered_count=0 image_count=0 error=none
[PHOTOS_DEBUG] pictures_path=/Users/yilonglin/Pictures pictures_file_count=0 raw_count=4 photos_auth_status=denied photos_asset_count=0 photos_result_count=0 total_entries=0
[PHOTOS_DEBUG] in_process=yes photos_auth_status=denied photos_asset_count=0 photos_offset=0 photos_result_count=0
[PHOTOS_HELPER] status is not_determined, requesting authorization...
[PHOTOS_HELPER] after request authorization status=denied
[PHOTOS_HELPER] not authorized: denied
[PHOTOS_DEBUG] helper_stderr: [PHOTOS_HELPER] status is not_determined, requesting authorization...
[PHOTOS_HELPER] after request authorization status=denied
[PHOTOS_HELPER] not authorized: denied
[PHOTOS_DEBUG] in_process=no photos_helper_path=/Users/yilonglin/NOKI/desktop/target/photos-bin/NokiPhotos.app/Contents/MacOS/noki-photos photos_helper_exists=yes photos_helper_launch_ok=yes photos_auth_status=denied photos_asset_count=0 photos_result_count=0 error=not_authorized
[BROWSER] location=Pictures resolved=/Users/yilonglin/Pictures exists=yes permission=yes raw_count=4 filtered_count=0 image_count=0 error=none
[PHOTOS_DEBUG] pictures_path=/Users/yilonglin/Pictures pictures_file_count=0 raw_count=4 photos_auth_status=denied photos_asset_count=0 photos_result_count=0 total_entries=0
[PHOTOS_DEBUG] in_process=yes photos_auth_status=denied photos_asset_count=0 photos_offset=0 photos_result_count=0
[PHOTOS_HELPER] status is not_determined, requesting authorization...
[PHOTOS_HELPER] after request authorization status=denied
[PHOTOS_HELPER] not authorized: denied
[PHOTOS_DEBUG] helper_stderr: [PHOTOS_HELPER] status is not_determined, requesting authorization...
[PHOTOS_HELPER] after request authorization status=denied
[PHOTOS_HELPER] not authorized: denied
[PHOTOS_DEBUG] in_process=no photos_helper_path=/Users/yilonglin/NOKI/desktop/target/photos-bin/NokiPhotos.app/Contents/MacOS/noki-photos photos_helper_exists=yes photos_helper_launch_ok=yes photos_auth_status=denied photos_asset_count=0 photos_result_count=0 error=not_authorized
[BROWSER] location=Pictures resolved=/Users/yilonglin/Pictures exists=yes permission=yes raw_count=4 filtered_count=0 image_count=0 error=none
[PHOTOS_DEBUG] pictures_path=/Users/yilonglin/Pictures pictures_file_count=0 raw_count=4 photos_auth_status=denied photos_asset_count=0 photos_result_count=0 total_entries=0
[PHOTOS_DEBUG] in_process=yes photos_auth_status=denied photos_asset_count=0 photos_offset=0 photos_result_count=0
[PHOTOS_HELPER] status is not_determined, requesting authorization...
[PHOTOS_HELPER] after request authorization status=denied
[PHOTOS_HELPER] not authorized: denied
[PHOTOS_DEBUG] helper_stderr: [PHOTOS_HELPER] status is not_determined, requesting authorization...
[PHOTOS_HELPER] after request authorization status=denied
[PHOTOS_HELPER] not authorized: denied
[PHOTOS_DEBUG] in_process=no photos_helper_path=/Users/yilonglin/NOKI/desktop/target/photos-bin/NokiPhotos.app/Contents/MacOS/noki-photos photos_helper_exists=yes photos_helper_launch_ok=yes photos_auth_status=denied photos_asset_count=0 photos_result_count=0 error=not_authorized
[BROWSER] location=Pictures resolved=/Users/yilonglin/Pictures exists=yes permission=yes raw_count=4 filtered_count=0 image_count=0 error=none
[PHOTOS_DEBUG] pictures_path=/Users/yilonglin/Pictures pictures_file_count=0 raw_count=4 photos_auth_status=denied photos_asset_count=0 photos_result_count=0 total_entries=0
[PHOTOS_DEBUG] in_process=yes photos_auth_status=denied photos_asset_count=0 photos_offset=0 photos_result_count=0
[PHOTOS_HELPER] status is not_determined, requesting authorization...
[PHOTOS_HELPER] after request authorization status=denied
[PHOTOS_HELPER] not authorized: denied
[PHOTOS_DEBUG] helper_stderr: [PHOTOS_HELPER] status is not_determined, requesting authorization...
[PHOTOS_HELPER] after request authorization status=denied
[PHOTOS_HELPER] not authorized: denied
[PHOTOS_DEBUG] in_process=no photos_helper_path=/Users/yilonglin/NOKI/desktop/target/photos-bin/NokiPhotos.app/Contents/MacOS/noki-photos photos_helper_exists=yes photos_helper_launch_ok=yes photos_auth_status=denied photos_asset_count=0 photos_result_count=0 error=not_authorized
[BROWSER] location=Pictures resolved=/Users/yilonglin/Pictures exists=yes permission=yes raw_count=4 filtered_count=0 image_count=0 error=none
[PHOTOS_DEBUG] pictures_path=/Users/yilonglin/Pictures pictures_file_count=0 raw_count=4 photos_auth_status=denied photos_asset_count=0 photos_result_count=0 total_entries=0
[PHOTOS_DEBUG] in_process=yes photos_auth_status=denied photos_asset_count=0 photos_offset=0 photos_result_count=0
[PHOTOS_HELPER] status is not_determined, requesting authorization...
[PHOTOS_HELPER] after request authorization status=denied
[PHOTOS_HELPER] not authorized: denied
[PHOTOS_DEBUG] helper_stderr: [PHOTOS_HELPER] status is not_determined, requesting authorization...
[PHOTOS_HELPER] after request authorization status=denied
[PHOTOS_HELPER] not authorized: denied
[PHOTOS_DEBUG] in_process=no photos_helper_path=/Users/yilonglin/NOKI/desktop/target/photos-bin/NokiPhotos.app/Contents/MacOS/noki-photos photos_helper_exists=yes photos_helper_launch_ok=yes photos_auth_status=denied photos_asset_count=0 photos_result_count=0 error=not_authorized
[BROWSER] location=Pictures resolved=/Users/yilonglin/Pictures exists=yes permission=yes raw_count=4 filtered_count=0 image_count=0 error=none
[PHOTOS_DEBUG] pictures_path=/Users/yilonglin/Pictures pictures_file_count=0 raw_count=4 photos_auth_status=denied photos_asset_count=0 photos_result_count=0 total_entries=0
[PHOTOS_DEBUG] in_process=yes photos_auth_status=denied photos_asset_count=0 photos_offset=0 photos_result_count=0
[PHOTOS_HELPER] status is not_determined, requesting authorization...
[PHOTOS_HELPER] after request authorization status=denied
[PHOTOS_HELPER] not authorized: denied
[PHOTOS_DEBUG] helper_stderr: [PHOTOS_HELPER] status is not_determined, requesting authorization...
[PHOTOS_HELPER] after request authorization status=denied
[PHOTOS_HELPER] not authorized: denied
[PHOTOS_DEBUG] in_process=no photos_helper_path=/Users/yilonglin/NOKI/desktop/target/photos-bin/NokiPhotos.app/Contents/MacOS/noki-photos photos_helper_exists=yes photos_helper_launch_ok=yes photos_auth_status=denied photos_asset_count=0 photos_result_count=0 error=not_authorized
[BROWSER] location=Pictures resolved=/Users/yilonglin/Pictures exists=yes permission=yes raw_count=4 filtered_count=0 image_count=0 error=none
[PHOTOS_DEBUG] pictures_path=/Users/yilonglin/Pictures pictures_file_count=0 raw_count=4 photos_auth_status=denied photos_asset_count=0 photos_result_count=0 total_entries=0
[PHOTOS_DEBUG] in_process=yes photos_auth_status=denied photos_asset_count=0 photos_offset=0 photos_result_count=0
[PHOTOS_HELPER] status is not_determined, requesting authorization...
[PHOTOS_HELPER] after request authorization status=denied
[PHOTOS_HELPER] not authorized: denied
[PHOTOS_DEBUG] helper_stderr: [PHOTOS_HELPER] status is not_determined, requesting authorization...
[PHOTOS_HELPER] after request authorization status=denied
[PHOTOS_HELPER] not authorized: denied
[PHOTOS_DEBUG] in_process=no photos_helper_path=/Users/yilonglin/NOKI/desktop/target/photos-bin/NokiPhotos.app/Contents/MacOS/noki-photos photos_helper_exists=yes photos_helper_launch_ok=yes photos_auth_status=denied photos_asset_count=0 photos_result_count=0 error=not_authorized
[BROWSER] location=Pictures resolved=/Users/yilonglin/Pictures exists=yes permission=yes raw_count=4 filtered_count=0 image_count=0 error=none
[PHOTOS_DEBUG] pictures_path=/Users/yilonglin/Pictures pictures_file_count=0 raw_count=4 photos_auth_status=denied photos_asset_count=0 photos_result_count=0 total_entries=0
[PHOTOS_DEBUG] in_process=yes photos_auth_status=denied photos_asset_count=0 photos_offset=0 photos_result_count=0
[PHOTOS_HELPER] status is not_determined, requesting authorization...
[PHOTOS_HELPER] after request authorization status=denied
[PHOTOS_HELPER] not authorized: denied
[PHOTOS_DEBUG] helper_stderr: [PHOTOS_HELPER] status is not_determined, requesting authorization...
[PHOTOS_HELPER] after request authorization status=denied
[PHOTOS_HELPER] not authorized: denied
[PHOTOS_DEBUG] in_process=no photos_helper_path=/Users/yilonglin/NOKI/desktop/target/photos-bin/NokiPhotos.app/Contents/MacOS/noki-photos photos_helper_exists=yes photos_helper_launch_ok=yes photos_auth_status=denied photos_asset_count=0 photos_result_count=0 error=not_authorized
[BROWSER] location=Pictures resolved=/Users/yilonglin/Pictures exists=yes permission=yes raw_count=4 filtered_count=0 image_count=0 error=none
[PHOTOS_DEBUG] pictures_path=/Users/yilonglin/Pictures pictures_file_count=0 raw_count=4 photos_auth_status=denied photos_asset_count=0 photos_result_count=0 total_entries=0
[PHOTOS_DEBUG] in_process=yes photos_auth_status=denied photos_asset_count=0 photos_offset=0 photos_result_count=0
[PHOTOS_HELPER] status is not_determined, requesting authorization...
[PHOTOS_HELPER] after request authorization status=denied
[PHOTOS_HELPER] not authorized: denied
[PHOTOS_DEBUG] helper_stderr: [PHOTOS_HELPER] status is not_determined, requesting authorization...
[PHOTOS_HELPER] after request authorization status=denied
[PHOTOS_HELPER] not authorized: denied
[PHOTOS_DEBUG] in_process=no photos_helper_path=/Users/yilonglin/NOKI/desktop/target/photos-bin/NokiPhotos.app/Contents/MacOS/noki-photos photos_helper_exists=yes photos_helper_launch_ok=yes photos_auth_status=denied photos_asset_count=0 photos_result_count=0 error=not_authorized
[BROWSER] location=Pictures resolved=/Users/yilonglin/Pictures exists=yes permission=yes raw_count=4 filtered_count=0 image_count=0 error=none
[PHOTOS_DEBUG] pictures_path=/Users/yilonglin/Pictures pictures_file_count=0 raw_count=4 photos_auth_status=denied photos_asset_count=0 photos_result_count=0 total_entries=0
[PHOTOS_DEBUG] in_process=yes photos_auth_status=denied photos_asset_count=0 photos_offset=0 photos_result_count=0
[PHOTOS_HELPER] status is not_determined, requesting authorization...
[PHOTOS_HELPER] after request authorization status=denied
[PHOTOS_HELPER] not authorized: denied
[PHOTOS_DEBUG] helper_stderr: [PHOTOS_HELPER] status is not_determined, requesting authorization...
[PHOTOS_HELPER] after request authorization status=denied
[PHOTOS_HELPER] not authorized: denied
[PHOTOS_DEBUG] in_process=no photos_helper_path=/Users/yilonglin/NOKI/desktop/target/photos-bin/NokiPhotos.app/Contents/MacOS/noki-photos photos_helper_exists=yes photos_helper_launch_ok=yes photos_auth_status=denied photos_asset_count=0 photos_result_count=0 error=not_authorized
[BROWSER] location=Pictures resolved=/Users/yilonglin/Pictures exists=yes permission=yes raw_count=4 filtered_count=0 image_count=0 error=none
[PHOTOS_DEBUG] pictures_path=/Users/yilonglin/Pictures pictures_file_count=0 raw_count=4 photos_auth_status=denied photos_asset_count=0 photos_result_count=0 total_entries=0
[PHOTOS_DEBUG] in_process=yes photos_auth_status=denied photos_asset_count=0 photos_offset=0 photos_result_count=0
[PHOTOS_HELPER] status is not_determined, requesting authorization...
[PHOTOS_HELPER] after request authorization status=denied
[PHOTOS_HELPER] not authorized: denied
[PHOTOS_DEBUG] helper_stderr: [PHOTOS_HELPER] status is not_determined, requesting authorization...
[PHOTOS_HELPER] after request authorization status=denied
[PHOTOS_HELPER] not authorized: denied
[PHOTOS_DEBUG] in_process=no photos_helper_path=/Users/yilonglin/NOKI/desktop/target/photos-bin/NokiPhotos.app/Contents/MacOS/noki-photos photos_helper_exists=yes photos_helper_launch_ok=yes photos_auth_status=denied photos_asset_count=0 photos_result_count=0 error=not_authorized
[BROWSER] location=Pictures resolved=/Users/yilonglin/Pictures exists=yes permission=yes raw_count=4 filtered_count=0 image_count=0 error=none
[PHOTOS_DEBUG] pictures_path=/Users/yilonglin/Pictures pictures_file_count=0 raw_count=4 photos_auth_status=denied photos_asset_count=0 photos_result_count=0 total_entries=0
[PHOTOS_DEBUG] in_process=yes photos_auth_status=denied photos_asset_count=0 photos_offset=0 photos_result_count=0
[PHOTOS_HELPER] status is not_determined, requesting authorization...
[PHOTOS_HELPER] after request authorization status=denied
[PHOTOS_HELPER] not authorized: denied
[PHOTOS_DEBUG] helper_stderr: [PHOTOS_HELPER] status is not_determined, requesting authorization...
[PHOTOS_HELPER] after request authorization status=denied
[PHOTOS_HELPER] not authorized: denied
[PHOTOS_DEBUG] in_process=no photos_helper_path=/Users/yilonglin/NOKI/desktop/target/photos-bin/NokiPhotos.app/Contents/MacOS/noki-photos photos_helper_exists=yes photos_helper_launch_ok=yes photos_auth_status=denied photos_asset_count=0 photos_result_count=0 error=not_authorized
[BROWSER] location=Pictures resolved=/Users/yilonglin/Pictures exists=yes permission=yes raw_count=4 filtered_count=0 image_count=0 error=none
[PHOTOS_DEBUG] pictures_path=/Users/yilonglin/Pictures pictures_file_count=0 raw_count=4 photos_auth_status=denied photos_asset_count=0 photos_result_count=0 total_entries=0
[PHOTOS_DEBUG] in_process=yes photos_auth_status=denied photos_asset_count=0 photos_offset=0 photos_result_count=0
[PHOTOS_HELPER] status is not_determined, requesting authorization...
[PHOTOS_HELPER] after request authorization status=denied
[PHOTOS_HELPER] not authorized: denied
[PHOTOS_DEBUG] helper_stderr: [PHOTOS_HELPER] status is not_determined, requesting authorization...
[PHOTOS_HELPER] after request authorization status=denied
[PHOTOS_HELPER] not authorized: denied
[PHOTOS_DEBUG] in_process=no photos_helper_path=/Users/yilonglin/NOKI/desktop/target/photos-bin/NokiPhotos.app/Contents/MacOS/noki-photos photos_helper_exists=yes photos_helper_launch_ok=yes photos_auth_status=denied photos_asset_count=0 photos_result_count=0 error=not_authorized
[BROWSER] location=Pictures resolved=/Users/yilonglin/Pictures exists=yes permission=yes raw_count=4 filtered_count=0 image_count=0 error=none
[PHOTOS_DEBUG] pictures_path=/Users/yilonglin/Pictures pictures_file_count=0 raw_count=4 photos_auth_status=denied photos_asset_count=0 photos_result_count=0 total_entries=0
[PHOTOS_DEBUG] in_process=yes photos_auth_status=denied photos_asset_count=0 photos_offset=0 photos_result_count=0
[PHOTOS_HELPER] status is not_determined, requesting authorization...
[PHOTOS_HELPER] after request authorization status=denied
[PHOTOS_HELPER] not authorized: denied
[PHOTOS_DEBUG] helper_stderr: [PHOTOS_HELPER] status is not_determined, requesting authorization...
[PHOTOS_HELPER] after request authorization status=denied
[PHOTOS_HELPER] not authorized: denied
[PHOTOS_DEBUG] in_process=no photos_helper_path=/Users/yilonglin/NOKI/desktop/target/photos-bin/NokiPhotos.app/Contents/MacOS/noki-photos photos_helper_exists=yes photos_helper_launch_ok=yes photos_auth_status=denied photos_asset_count=0 photos_result_count=0 error=not_authorized
[BROWSER] location=Pictures resolved=/Users/yilonglin/Pictures exists=yes permission=yes raw_count=4 filtered_count=0 image_count=0 error=none
[PHOTOS_DEBUG] pictures_path=/Users/yilonglin/Pictures pictures_file_count=0 raw_count=4 photos_auth_status=denied photos_asset_count=0 photos_result_count=0 total_entries=0
[PHOTOS_DEBUG] in_process=yes photos_auth_status=denied photos_asset_count=0 photos_offset=0 photos_result_count=0
[PHOTOS_HELPER] status is not_determined, requesting authorization...
[PHOTOS_HELPER] after request authorization status=denied
[PHOTOS_HELPER] not authorized: denied
[PHOTOS_DEBUG] helper_stderr: [PHOTOS_HELPER] status is not_determined, requesting authorization...
[PHOTOS_HELPER] after request authorization status=denied
[PHOTOS_HELPER] not authorized: denied
[PHOTOS_DEBUG] in_process=no photos_helper_path=/Users/yilonglin/NOKI/desktop/target/photos-bin/NokiPhotos.app/Contents/MacOS/noki-photos photos_helper_exists=yes photos_helper_launch_ok=yes photos_auth_status=denied photos_asset_count=0 photos_result_count=0 error=not_authorized
[BROWSER] location=Pictures resolved=/Users/yilonglin/Pictures exists=yes permission=yes raw_count=4 filtered_count=0 image_count=0 error=none
[PHOTOS_DEBUG] pictures_path=/Users/yilonglin/Pictures pictures_file_count=0 raw_count=4 photos_auth_status=denied photos_asset_count=0 photos_result_count=0 total_entries=0
[PHOTOS_DEBUG] in_process=yes photos_auth_status=denied photos_asset_count=0 photos_offset=0 photos_result_count=0
[PHOTOS_HELPER] status is not_determined, requesting authorization...
[PHOTOS_HELPER] after request authorization status=denied
[PHOTOS_HELPER] not authorized: denied
[PHOTOS_DEBUG] helper_stderr: [PHOTOS_HELPER] status is not_determined, requesting authorization...
[PHOTOS_HELPER] after request authorization status=denied
[PHOTOS_HELPER] not authorized: denied
[PHOTOS_DEBUG] in_process=no photos_helper_path=/Users/yilonglin/NOKI/desktop/target/photos-bin/NokiPhotos.app/Contents/MacOS/noki-photos photos_helper_exists=yes photos_helper_launch_ok=yes photos_auth_status=denied photos_asset_count=0 photos_result_count=0 error=not_authorized
[BROWSER] location=Pictures resolved=/Users/yilonglin/Pictures exists=yes permission=yes raw_count=4 filtered_count=0 image_count=0 error=none
[PHOTOS_DEBUG] pictures_path=/Users/yilonglin/Pictures pictures_file_count=0 raw_count=4 photos_auth_status=denied photos_asset_count=0 photos_result_count=0 total_entries=0
[PHOTOS_DEBUG] in_process=yes photos_auth_status=denied photos_asset_count=0 photos_offset=0 photos_result_count=0
[PHOTOS_HELPER] status is not_determined, requesting authorization...
[PHOTOS_HELPER] after request authorization status=denied
[PHOTOS_HELPER] not authorized: denied
[PHOTOS_DEBUG] helper_stderr: [PHOTOS_HELPER] status is not_determined, requesting authorization...
[PHOTOS_HELPER] after request authorization status=denied
[PHOTOS_HELPER] not authorized: denied
[PHOTOS_DEBUG] in_process=no photos_helper_path=/Users/yilonglin/NOKI/desktop/target/photos-bin/NokiPhotos.app/Contents/MacOS/noki-photos photos_helper_exists=yes photos_helper_launch_ok=yes photos_auth_status=denied photos_asset_count=0 photos_result_count=0 error=not_authorized
[BROWSER] location=Pictures resolved=/Users/yilonglin/Pictures exists=yes permission=yes raw_count=4 filtered_count=0 image_count=0 error=none
[PHOTOS_DEBUG] pictures_path=/Users/yilonglin/Pictures pictures_file_count=0 raw_count=4 photos_auth_status=denied photos_asset_count=0 photos_result_count=0 total_entries=0
[PHOTOS_DEBUG] in_process=yes photos_auth_status=denied photos_asset_count=0 photos_offset=0 photos_result_count=0
[PHOTOS_HELPER] status is not_determined, requesting authorization...
[PHOTOS_HELPER] after request authorization status=denied
[PHOTOS_HELPER] not authorized: denied
[PHOTOS_DEBUG] helper_stderr: [PHOTOS_HELPER] status is not_determined, requesting authorization...
[PHOTOS_HELPER] after request authorization status=denied
[PHOTOS_HELPER] not authorized: denied
[PHOTOS_DEBUG] in_process=no photos_helper_path=/Users/yilonglin/NOKI/desktop/target/photos-bin/NokiPhotos.app/Contents/MacOS/noki-photos photos_helper_exists=yes photos_helper_launch_ok=yes photos_auth_status=denied photos_asset_count=0 photos_result_count=0 error=not_authorized
[BROWSER] location=Pictures resolved=/Users/yilonglin/Pictures exists=yes permission=yes raw_count=4 filtered_count=0 image_count=0 error=none
[PHOTOS_DEBUG] pictures_path=/Users/yilonglin/Pictures pictures_file_count=0 raw_count=4 photos_auth_status=denied photos_asset_count=0 photos_result_count=0 total_entries=0
[PHOTOS_DEBUG] in_process=yes photos_auth_status=denied photos_asset_count=0 photos_offset=0 photos_result_count=0
[PHOTOS_HELPER] status is not_determined, requesting authorization...
[PHOTOS_HELPER] after request authorization status=denied
[PHOTOS_HELPER] not authorized: denied
[PHOTOS_DEBUG] helper_stderr: [PHOTOS_HELPER] status is not_determined, requesting authorization...
[PHOTOS_HELPER] after request authorization status=denied
[PHOTOS_HELPER] not authorized: denied
[PHOTOS_DEBUG] in_process=no photos_helper_path=/Users/yilonglin/NOKI/desktop/target/photos-bin/NokiPhotos.app/Contents/MacOS/noki-photos photos_helper_exists=yes photos_helper_launch_ok=yes photos_auth_status=denied photos_asset_count=0 photos_result_count=0 error=not_authorized
[BROWSER] location=Pictures resolved=/Users/yilonglin/Pictures exists=yes permission=yes raw_count=4 filtered_count=0 image_count=0 error=none
[PHOTOS_DEBUG] pictures_path=/Users/yilonglin/Pictures pictures_file_count=0 raw_count=4 photos_auth_status=denied photos_asset_count=0 photos_result_count=0 total_entries=0
[PHOTOS_DEBUG] in_process=yes photos_auth_status=denied photos_asset_count=0 photos_offset=0 photos_result_count=0
[PHOTOS_HELPER] status is not_determined, requesting authorization...
[PHOTOS_HELPER] after request authorization status=denied
[PHOTOS_HELPER] not authorized: denied
[PHOTOS_DEBUG] helper_stderr: [PHOTOS_HELPER] status is not_determined, requesting authorization...
[PHOTOS_HELPER] after request authorization status=denied
[PHOTOS_HELPER] not authorized: denied
[PHOTOS_DEBUG] in_process=no photos_helper_path=/Users/yilonglin/NOKI/desktop/target/photos-bin/NokiPhotos.app/Contents/MacOS/noki-photos photos_helper_exists=yes photos_helper_launch_ok=yes photos_auth_status=denied photos_asset_count=0 photos_result_count=0 error=not_authorized
[BROWSER] location=Pictures resolved=/Users/yilonglin/Pictures exists=yes permission=yes raw_count=4 filtered_count=0 image_count=0 error=none
[PHOTOS_DEBUG] pictures_path=/Users/yilonglin/Pictures pictures_file_count=0 raw_count=4 photos_auth_status=denied photos_asset_count=0 photos_result_count=0 total_entries=0
[PHOTOS_DEBUG] in_process=yes photos_auth_status=denied photos_asset_count=0 photos_offset=0 photos_result_count=0
[PHOTOS_HELPER] status is not_determined, requesting authorization...
[PHOTOS_HELPER] after request authorization status=denied
[PHOTOS_HELPER] not authorized: denied
[PHOTOS_DEBUG] helper_stderr: [PHOTOS_HELPER] status is not_determined, requesting authorization...
[PHOTOS_HELPER] after request authorization status=denied
[PHOTOS_HELPER] not authorized: denied
[PHOTOS_DEBUG] in_process=no photos_helper_path=/Users/yilonglin/NOKI/desktop/target/photos-bin/NokiPhotos.app/Contents/MacOS/noki-photos photos_helper_exists=yes photos_helper_launch_ok=yes photos_auth_status=denied photos_asset_count=0 photos_result_count=0 error=not_authorized
[BROWSER] location=Pictures resolved=/Users/yilonglin/Pictures exists=yes permission=yes raw_count=4 filtered_count=0 image_count=0 error=none
[PHOTOS_DEBUG] pictures_path=/Users/yilonglin/Pictures pictures_file_count=0 raw_count=4 photos_auth_status=denied photos_asset_count=0 photos_result_count=0 total_entries=0
[PHOTOS_DEBUG] in_process=yes photos_auth_status=denied photos_asset_count=0 photos_offset=0 photos_result_count=0
[PHOTOS_HELPER] status is not_determined, requesting authorization...
[PHOTOS_HELPER] after request authorization status=denied
[PHOTOS_HELPER] not authorized: denied
[PHOTOS_DEBUG] helper_stderr: [PHOTOS_HELPER] status is not_determined, requesting authorization...
[PHOTOS_HELPER] after request authorization status=denied
[PHOTOS_HELPER] not authorized: denied
[PHOTOS_DEBUG] in_process=no photos_helper_path=/Users/yilonglin/NOKI/desktop/target/photos-bin/NokiPhotos.app/Contents/MacOS/noki-photos photos_helper_exists=yes photos_helper_launch_ok=yes photos_auth_status=denied photos_asset_count=0 photos_result_count=0 error=not_authorized
[BROWSER] location=Pictures resolved=/Users/yilonglin/Pictures exists=yes permission=yes raw_count=4 filtered_count=0 image_count=0 error=none
[PHOTOS_DEBUG] pictures_path=/Users/yilonglin/Pictures pictures_file_count=0 raw_count=4 photos_auth_status=denied photos_asset_count=0 photos_result_count=0 total_entries=0
[PHOTOS_DEBUG] in_process=yes photos_auth_status=denied photos_asset_count=0 photos_offset=0 photos_result_count=0
[PHOTOS_HELPER] status is not_determined, requesting authorization...
[PHOTOS_HELPER] after request authorization status=denied
[PHOTOS_HELPER] not authorized: denied
[PHOTOS_DEBUG] helper_stderr: [PHOTOS_HELPER] status is not_determined, requesting authorization...
[PHOTOS_HELPER] after request authorization status=denied
[PHOTOS_HELPER] not authorized: denied
[PHOTOS_DEBUG] in_process=no photos_helper_path=/Users/yilonglin/NOKI/desktop/target/photos-bin/NokiPhotos.app/Contents/MacOS/noki-photos photos_helper_exists=yes photos_helper_launch_ok=yes photos_auth_status=denied photos_asset_count=0 photos_result_count=0 error=not_authorized
[BROWSER] location=Pictures resolved=/Users/yilonglin/Pictures exists=yes permission=yes raw_count=4 filtered_count=0 image_count=0 error=none
[PHOTOS_DEBUG] pictures_path=/Users/yilonglin/Pictures pictures_file_count=0 raw_count=4 photos_auth_status=denied photos_asset_count=0 photos_result_count=0 total_entries=0
[PHOTOS_DEBUG] in_process=yes photos_auth_status=denied photos_asset_count=0 photos_offset=0 photos_result_count=0
[PHOTOS_HELPER] status is not_determined, requesting authorization...
[PHOTOS_HELPER] after request authorization status=denied
[PHOTOS_HELPER] not authorized: denied
[PHOTOS_DEBUG] helper_stderr: [PHOTOS_HELPER] status is not_determined, requesting authorization...
[PHOTOS_HELPER] after request authorization status=denied
[PHOTOS_HELPER] not authorized: denied
[PHOTOS_DEBUG] in_process=no photos_helper_path=/Users/yilonglin/NOKI/desktop/target/photos-bin/NokiPhotos.app/Contents/MacOS/noki-photos photos_helper_exists=yes photos_helper_launch_ok=yes photos_auth_status=denied photos_asset_count=0 photos_result_count=0 error=not_authorized
[BROWSER] location=Pictures resolved=/Users/yilonglin/Pictures exists=yes permission=yes raw_count=4 filtered_count=0 image_count=0 error=none
[PHOTOS_DEBUG] pictures_path=/Users/yilonglin/Pictures pictures_file_count=0 raw_count=4 photos_auth_status=denied photos_asset_count=0 photos_result_count=0 total_entries=0
[PHOTOS_DEBUG] in_process=yes photos_auth_status=denied photos_asset_count=0 photos_offset=0 photos_result_count=0
[PHOTOS_HELPER] status is not_determined, requesting authorization...
[PHOTOS_HELPER] after request authorization status=denied
[PHOTOS_HELPER] not authorized: denied
[PHOTOS_DEBUG] helper_stderr: [PHOTOS_HELPER] status is not_determined, requesting authorization...
[PHOTOS_HELPER] after request authorization status=denied
[PHOTOS_HELPER] not authorized: denied
[PHOTOS_DEBUG] in_process=no photos_helper_path=/Users/yilonglin/NOKI/desktop/target/photos-bin/NokiPhotos.app/Contents/MacOS/noki-photos photos_helper_exists=yes photos_helper_launch_ok=yes photos_auth_status=denied photos_asset_count=0 photos_result_count=0 error=not_authorized
[BROWSER] location=Pictures resolved=/Users/yilonglin/Pictures exists=yes permission=yes raw_count=4 filtered_count=0 image_count=0 error=none
[PHOTOS_DEBUG] pictures_path=/Users/yilonglin/Pictures pictures_file_count=0 raw_count=4 photos_auth_status=denied photos_asset_count=0 photos_result_count=0 total_entries=0
[PHOTOS_DEBUG] in_process=yes photos_auth_status=denied photos_asset_count=0 photos_offset=0 photos_result_count=0
[PHOTOS_HELPER] status is not_determined, requesting authorization...
[PHOTOS_HELPER] after request authorization status=denied
[PHOTOS_HELPER] not authorized: denied
[PHOTOS_DEBUG] helper_stderr: [PHOTOS_HELPER] status is not_determined, requesting authorization...
[PHOTOS_HELPER] after request authorization status=denied
[PHOTOS_HELPER] not authorized: denied
[PHOTOS_DEBUG] in_process=no photos_helper_path=/Users/yilonglin/NOKI/desktop/target/photos-bin/NokiPhotos.app/Contents/MacOS/noki-photos photos_helper_exists=yes photos_helper_launch_ok=yes photos_auth_status=denied photos_asset_count=0 photos_result_count=0 error=not_authorized
[BROWSER] location=Pictures resolved=/Users/yilonglin/Pictures exists=yes permission=yes raw_count=4 filtered_count=0 image_count=0 error=none
[PHOTOS_DEBUG] pictures_path=/Users/yilonglin/Pictures pictures_file_count=0 raw_count=4 photos_auth_status=denied photos_asset_count=0 photos_result_count=0 total_entries=0
[PHOTOS_DEBUG] in_process=yes photos_auth_status=denied photos_asset_count=0 photos_offset=0 photos_result_count=0
[PHOTOS_HELPER] status is not_determined, requesting authorization...
[PHOTOS_HELPER] after request authorization status=denied
[PHOTOS_HELPER] not authorized: denied
[PHOTOS_DEBUG] helper_stderr: [PHOTOS_HELPER] status is not_determined, requesting authorization...
[PHOTOS_HELPER] after request authorization status=denied
[PHOTOS_HELPER] not authorized: denied
[PHOTOS_DEBUG] in_process=no photos_helper_path=/Users/yilonglin/NOKI/desktop/target/photos-bin/NokiPhotos.app/Contents/MacOS/noki-photos photos_helper_exists=yes photos_helper_launch_ok=yes photos_auth_status=denied photos_asset_count=0 photos_result_count=0 error=not_authorized
[BROWSER] location=Pictures resolved=/Users/yilonglin/Pictures exists=yes permission=yes raw_count=4 filtered_count=0 image_count=0 error=none
[PHOTOS_DEBUG] pictures_path=/Users/yilonglin/Pictures pictures_file_count=0 raw_count=4 photos_auth_status=denied photos_asset_count=0 photos_result_count=0 total_entries=0
[PHOTOS_DEBUG] in_process=yes photos_auth_status=denied photos_asset_count=0 photos_offset=0 photos_result_count=0
[PHOTOS_HELPER] status is not_determined, requesting authorization...
[PHOTOS_HELPER] after request authorization status=denied
[PHOTOS_HELPER] not authorized: denied
[PHOTOS_DEBUG] helper_stderr: [PHOTOS_HELPER] status is not_determined, requesting authorization...
[PHOTOS_HELPER] after request authorization status=denied
[PHOTOS_HELPER] not authorized: denied
[PHOTOS_DEBUG] in_process=no photos_helper_path=/Users/yilonglin/NOKI/desktop/target/photos-bin/NokiPhotos.app/Contents/MacOS/noki-photos photos_helper_exists=yes photos_helper_launch_ok=yes photos_auth_status=denied photos_asset_count=0 photos_result_count=0 error=not_authorized
[BROWSER] location=Pictures resolved=/Users/yilonglin/Pictures exists=yes permission=yes raw_count=4 filtered_count=0 image_count=0 error=none
[PHOTOS_DEBUG] pictures_path=/Users/yilonglin/Pictures pictures_file_count=0 raw_count=4 photos_auth_status=denied photos_asset_count=0 photos_result_count=0 total_entries=0
[PHOTOS_DEBUG] in_process=yes photos_auth_status=denied photos_asset_count=0 photos_offset=0 photos_result_count=0
[PHOTOS_HELPER] status is not_determined, requesting authorization...
[PHOTOS_HELPER] after request authorization status=denied
[PHOTOS_HELPER] not authorized: denied
[PHOTOS_DEBUG] helper_stderr: [PHOTOS_HELPER] status is not_determined, requesting authorization...
[PHOTOS_HELPER] after request authorization status=denied
[PHOTOS_HELPER] not authorized: denied
[PHOTOS_DEBUG] in_process=no photos_helper_path=/Users/yilonglin/NOKI/desktop/target/photos-bin/NokiPhotos.app/Contents/MacOS/noki-photos photos_helper_exists=yes photos_helper_launch_ok=yes photos_auth_status=denied photos_asset_count=0 photos_result_count=0 error=not_authorized
[BROWSER] location=Pictures resolved=/Users/yilonglin/Pictures exists=yes permission=yes raw_count=4 filtered_count=0 image_count=0 error=none
[PHOTOS_DEBUG] pictures_path=/Users/yilonglin/Pictures pictures_file_count=0 raw_count=4 photos_auth_status=denied photos_asset_count=0 photos_result_count=0 total_entries=0
[PHOTOS_DEBUG] in_process=yes photos_auth_status=denied photos_asset_count=0 photos_offset=0 photos_result_count=0
[PHOTOS_HELPER] status is not_determined, requesting authorization...
[PHOTOS_HELPER] after request authorization status=denied
[PHOTOS_HELPER] not authorized: denied
[PHOTOS_DEBUG] helper_stderr: [PHOTOS_HELPER] status is not_determined, requesting authorization...
[PHOTOS_HELPER] after request authorization status=denied
[PHOTOS_HELPER] not authorized: denied
[PHOTOS_DEBUG] in_process=no photos_helper_path=/Users/yilonglin/NOKI/desktop/target/photos-bin/NokiPhotos.app/Contents/MacOS/noki-photos photos_helper_exists=yes photos_helper_launch_ok=yes photos_auth_status=denied photos_asset_count=0 photos_result_count=0 error=not_authorized
[BROWSER] location=Pictures resolved=/Users/yilonglin/Pictures exists=yes permission=yes raw_count=4 filtered_count=0 image_count=0 error=none
[PHOTOS_DEBUG] pictures_path=/Users/yilonglin/Pictures pictures_file_count=0 raw_count=4 photos_auth_status=denied photos_asset_count=0 photos_result_count=0 total_entries=0
[PHOTOS_DEBUG] in_process=yes photos_auth_status=denied photos_asset_count=0 photos_offset=0 photos_result_count=0
[PHOTOS_HELPER] status is not_determined, requesting authorization...
[PHOTOS_HELPER] after request authorization status=denied
[PHOTOS_HELPER] not authorized: denied
[PHOTOS_DEBUG] helper_stderr: [PHOTOS_HELPER] status is not_determined, requesting authorization...
[PHOTOS_HELPER] after request authorization status=denied
[PHOTOS_HELPER] not authorized: denied
[PHOTOS_DEBUG] in_process=no photos_helper_path=/Users/yilonglin/NOKI/desktop/target/photos-bin/NokiPhotos.app/Contents/MacOS/noki-photos photos_helper_exists=yes photos_helper_launch_ok=yes photos_auth_status=denied photos_asset_count=0 photos_result_count=0 error=not_authorized
[BROWSER] location=Pictures resolved=/Users/yilonglin/Pictures exists=yes permission=yes raw_count=4 filtered_count=0 image_count=0 error=none
[PHOTOS_DEBUG] pictures_path=/Users/yilonglin/Pictures pictures_file_count=0 raw_count=4 photos_auth_status=denied photos_asset_count=0 photos_result_count=0 total_entries=0
[PHOTOS_DEBUG] in_process=yes photos_auth_status=denied photos_asset_count=0 photos_offset=0 photos_result_count=0
[PHOTOS_HELPER] status is not_determined, requesting authorization...
[PHOTOS_HELPER] after request authorization status=denied
[PHOTOS_HELPER] not authorized: denied
[PHOTOS_DEBUG] helper_stderr: [PHOTOS_HELPER] status is not_determined, requesting authorization...
[PHOTOS_HELPER] after request authorization status=denied
[PHOTOS_HELPER] not authorized: denied
[PHOTOS_DEBUG] in_process=no photos_helper_path=/Users/yilonglin/NOKI/desktop/target/photos-bin/NokiPhotos.app/Contents/MacOS/noki-photos photos_helper_exists=yes photos_helper_launch_ok=yes photos_auth_status=denied photos_asset_count=0 photos_result_count=0 error=not_authorized
[BROWSER] location=Pictures resolved=/Users/yilonglin/Pictures exists=yes permission=yes raw_count=4 filtered_count=0 image_count=0 error=none
[PHOTOS_DEBUG] pictures_path=/Users/yilonglin/Pictures pictures_file_count=0 raw_count=4 photos_auth_status=denied photos_asset_count=0 photos_result_count=0 total_entries=0
[PHOTOS_DEBUG] in_process=yes photos_auth_status=denied photos_asset_count=0 photos_offset=0 photos_result_count=0
[PHOTOS_HELPER] status is not_determined, requesting authorization...
[PHOTOS_HELPER] after request authorization status=denied
[PHOTOS_HELPER] not authorized: denied
[PHOTOS_DEBUG] helper_stderr: [PHOTOS_HELPER] status is not_determined, requesting authorization...
[PHOTOS_HELPER] after request authorization status=denied
[PHOTOS_HELPER] not authorized: denied
[PHOTOS_DEBUG] in_process=no photos_helper_path=/Users/yilonglin/NOKI/desktop/target/photos-bin/NokiPhotos.app/Contents/MacOS/noki-photos photos_helper_exists=yes photos_helper_launch_ok=yes photos_auth_status=denied photos_asset_count=0 photos_result_count=0 error=not_authorized
[BROWSER] location=Pictures resolved=/Users/yilonglin/Pictures exists=yes permission=yes raw_count=4 filtered_count=0 image_count=0 error=none
[PHOTOS_DEBUG] pictures_path=/Users/yilonglin/Pictures pictures_file_count=0 raw_count=4 photos_auth_status=denied photos_asset_count=0 photos_result_count=0 total_entries=0
[PHOTOS_DEBUG] in_process=yes photos_auth_status=denied photos_asset_count=0 photos_offset=0 photos_result_count=0
[PHOTOS_HELPER] status is not_determined, requesting authorization...
[PHOTOS_HELPER] after request authorization status=denied
[PHOTOS_HELPER] not authorized: denied
[PHOTOS_DEBUG] helper_stderr: [PHOTOS_HELPER] status is not_determined, requesting authorization...
[PHOTOS_HELPER] after request authorization status=denied
[PHOTOS_HELPER] not authorized: denied
[PHOTOS_DEBUG] in_process=no photos_helper_path=/Users/yilonglin/NOKI/desktop/target/photos-bin/NokiPhotos.app/Contents/MacOS/noki-photos photos_helper_exists=yes photos_helper_launch_ok=yes photos_auth_status=denied photos_asset_count=0 photos_result_count=0 error=not_authorized
[BROWSER] location=Pictures resolved=/Users/yilonglin/Pictures exists=yes permission=yes raw_count=4 filtered_count=0 image_count=0 error=none
[PHOTOS_DEBUG] pictures_path=/Users/yilonglin/Pictures pictures_file_count=0 raw_count=4 photos_auth_status=denied photos_asset_count=0 photos_result_count=0 total_entries=0
[PHOTOS_DEBUG] in_process=yes photos_auth_status=denied photos_asset_count=0 photos_offset=0 photos_result_count=0
[PHOTOS_HELPER] status is not_determined, requesting authorization...
[PHOTOS_HELPER] after request authorization status=denied
[PHOTOS_HELPER] not authorized: denied
[PHOTOS_DEBUG] helper_stderr: [PHOTOS_HELPER] status is not_determined, requesting authorization...
[PHOTOS_HELPER] after request authorization status=denied
[PHOTOS_HELPER] not authorized: denied
[PHOTOS_DEBUG] in_process=no photos_helper_path=/Users/yilonglin/NOKI/desktop/target/photos-bin/NokiPhotos.app/Contents/MacOS/noki-photos photos_helper_exists=yes photos_helper_launch_ok=yes photos_auth_status=denied photos_asset_count=0 photos_result_count=0 error=not_authorized
[BROWSER] location=Pictures resolved=/Users/yilonglin/Pictures exists=yes permission=yes raw_count=4 filtered_count=0 image_count=0 error=none
[PHOTOS_DEBUG] pictures_path=/Users/yilonglin/Pictures pictures_file_count=0 raw_count=4 photos_auth_status=denied photos_asset_count=0 photos_result_count=0 total_entries=0
[PHOTOS_DEBUG] in_process=yes photos_auth_status=denied photos_asset_count=0 photos_offset=0 photos_result_count=0
[PHOTOS_HELPER] status is not_determined, requesting authorization...
[PHOTOS_HELPER] after request authorization status=denied
[PHOTOS_HELPER] not authorized: denied
[PHOTOS_DEBUG] helper_stderr: [PHOTOS_HELPER] status is not_determined, requesting authorization...
[PHOTOS_HELPER] after request authorization status=denied
[PHOTOS_HELPER] not authorized: denied
[PHOTOS_DEBUG] in_process=no photos_helper_path=/Users/yilonglin/NOKI/desktop/target/photos-bin/NokiPhotos.app/Contents/MacOS/noki-photos photos_helper_exists=yes photos_helper_launch_ok=yes photos_auth_status=denied photos_asset_count=0 photos_result_count=0 error=not_authorized
[BROWSER] location=Pictures resolved=/Users/yilonglin/Pictures exists=yes permission=yes raw_count=4 filtered_count=0 image_count=0 error=none
[PHOTOS_DEBUG] pictures_path=/Users/yilonglin/Pictures pictures_file_count=0 raw_count=4 photos_auth_status=denied photos_asset_count=0 photos_result_count=0 total_entries=0
[PHOTOS_DEBUG] in_process=yes photos_auth_status=denied photos_asset_count=0 photos_offset=0 photos_result_count=0
[PHOTOS_HELPER] status is not_determined, requesting authorization...
[PHOTOS_HELPER] after request authorization status=denied
[PHOTOS_HELPER] not authorized: denied
[PHOTOS_DEBUG] helper_stderr: [PHOTOS_HELPER] status is not_determined, requesting authorization...
[PHOTOS_HELPER] after request authorization status=denied
[PHOTOS_HELPER] not authorized: denied
[PHOTOS_DEBUG] in_process=no photos_helper_path=/Users/yilonglin/NOKI/desktop/target/photos-bin/NokiPhotos.app/Contents/MacOS/noki-photos photos_helper_exists=yes photos_helper_launch_ok=yes photos_auth_status=denied photos_asset_count=0 photos_result_count=0 error=not_authorized
[BROWSER] location=Pictures resolved=/Users/yilonglin/Pictures exists=yes permission=yes raw_count=4 filtered_count=0 image_count=0 error=none
[PHOTOS_DEBUG] pictures_path=/Users/yilonglin/Pictures pictures_file_count=0 raw_count=4 photos_auth_status=denied photos_asset_count=0 photos_result_count=0 total_entries=0
[PHOTOS_DEBUG] in_process=yes photos_auth_status=denied photos_asset_count=0 photos_offset=0 photos_result_count=0
[PHOTOS_HELPER] status is not_determined, requesting authorization...
[PHOTOS_HELPER] after request authorization status=denied
[PHOTOS_HELPER] not authorized: denied
[PHOTOS_DEBUG] helper_stderr: [PHOTOS_HELPER] status is not_determined, requesting authorization...
[PHOTOS_HELPER] after request authorization status=denied
[PHOTOS_HELPER] not authorized: denied
[PHOTOS_DEBUG] in_process=no photos_helper_path=/Users/yilonglin/NOKI/desktop/target/photos-bin/NokiPhotos.app/Contents/MacOS/noki-photos photos_helper_exists=yes photos_helper_launch_ok=yes photos_auth_status=denied photos_asset_count=0 photos_result_count=0 error=not_authorized
[BROWSER] location=Pictures resolved=/Users/yilonglin/Pictures exists=yes permission=yes raw_count=4 filtered_count=0 image_count=0 error=none
[PHOTOS_DEBUG] pictures_path=/Users/yilonglin/Pictures pictures_file_count=0 raw_count=4 photos_auth_status=denied photos_asset_count=0 photos_result_count=0 total_entries=0
[PHOTOS_DEBUG] in_process=yes photos_auth_status=denied photos_asset_count=0 photos_offset=0 photos_result_count=0
[PHOTOS_HELPER] status is not_determined, requesting authorization...
[PHOTOS_HELPER] after request authorization status=denied
[PHOTOS_HELPER] not authorized: denied
[PHOTOS_DEBUG] helper_stderr: [PHOTOS_HELPER] status is not_determined, requesting authorization...
[PHOTOS_HELPER] after request authorization status=denied
[PHOTOS_HELPER] not authorized: denied
[PHOTOS_DEBUG] in_process=no photos_helper_path=/Users/yilonglin/NOKI/desktop/target/photos-bin/NokiPhotos.app/Contents/MacOS/noki-photos photos_helper_exists=yes photos_helper_launch_ok=yes photos_auth_status=denied photos_asset_count=0 photos_result_count=0 error=not_authorized
[BROWSER] location=Pictures resolved=/Users/yilonglin/Pictures exists=yes permission=yes raw_count=4 filtered_count=0 image_count=0 error=none
[PHOTOS_DEBUG] pictures_path=/Users/yilonglin/Pictures pictures_file_count=0 raw_count=4 photos_auth_status=denied photos_asset_count=0 photos_result_count=0 total_entries=0
[PHOTOS_DEBUG] in_process=yes photos_auth_status=denied photos_asset_count=0 photos_offset=0 photos_result_count=0
[PHOTOS_HELPER] status is not_determined, requesting authorization...
[PHOTOS_HELPER] after request authorization status=denied
[PHOTOS_HELPER] not authorized: denied
[PHOTOS_DEBUG] helper_stderr: [PHOTOS_HELPER] status is not_determined, requesting authorization...
[PHOTOS_HELPER] after request authorization status=denied
[PHOTOS_HELPER] not authorized: denied
[PHOTOS_DEBUG] in_process=no photos_helper_path=/Users/yilonglin/NOKI/desktop/target/photos-bin/NokiPhotos.app/Contents/MacOS/noki-photos photos_helper_exists=yes photos_helper_launch_ok=yes photos_auth_status=denied photos_asset_count=0 photos_result_count=0 error=not_authorized
[BROWSER] location=Pictures resolved=/Users/yilonglin/Pictures exists=yes permission=yes raw_count=4 filtered_count=0 image_count=0 error=none
[PHOTOS_DEBUG] pictures_path=/Users/yilonglin/Pictures pictures_file_count=0 raw_count=4 photos_auth_status=denied photos_asset_count=0 photos_result_count=0 total_entries=0
[PHOTOS_DEBUG] in_process=yes photos_auth_status=denied photos_asset_count=0 photos_offset=0 photos_result_count=0
[PHOTOS_HELPER] status is not_determined, requesting authorization...
[PHOTOS_HELPER] after request authorization status=denied
[PHOTOS_HELPER] not authorized: denied
[PHOTOS_DEBUG] helper_stderr: [PHOTOS_HELPER] status is not_determined, requesting authorization...
[PHOTOS_HELPER] after request authorization status=denied
[PHOTOS_HELPER] not authorized: denied
[PHOTOS_DEBUG] in_process=no photos_helper_path=/Users/yilonglin/NOKI/desktop/target/photos-bin/NokiPhotos.app/Contents/MacOS/noki-photos photos_helper_exists=yes photos_helper_launch_ok=yes photos_auth_status=denied photos_asset_count=0 photos_result_count=0 error=not_authorized
[BROWSER] location=Pictures resolved=/Users/yilonglin/Pictures exists=yes permission=yes raw_count=4 filtered_count=0 image_count=0 error=none
[PHOTOS_DEBUG] pictures_path=/Users/yilonglin/Pictures pictures_file_count=0 raw_count=4 photos_auth_status=denied photos_asset_count=0 photos_result_count=0 total_entries=0
[PHOTOS_DEBUG] in_process=yes photos_auth_status=denied photos_asset_count=0 photos_offset=0 photos_result_count=0
[PHOTOS_HELPER] status is not_determined, requesting authorization...
[PHOTOS_HELPER] after request authorization status=denied
[PHOTOS_HELPER] not authorized: denied
[PHOTOS_DEBUG] helper_stderr: [PHOTOS_HELPER] status is not_determined, requesting authorization...
[PHOTOS_HELPER] after request authorization status=denied
[PHOTOS_HELPER] not authorized: denied
[PHOTOS_DEBUG] in_process=no photos_helper_path=/Users/yilonglin/NOKI/desktop/target/photos-bin/NokiPhotos.app/Contents/MacOS/noki-photos photos_helper_exists=yes photos_helper_launch_ok=yes photos_auth_status=denied photos_asset_count=0 photos_result_count=0 error=not_authorized
[BROWSER] location=Pictures resolved=/Users/yilonglin/Pictures exists=yes permission=yes raw_count=4 filtered_count=0 image_count=0 error=none
[PHOTOS_DEBUG] pictures_path=/Users/yilonglin/Pictures pictures_file_count=0 raw_count=4 photos_auth_status=denied photos_asset_count=0 photos_result_count=0 total_entries=0
[PHOTOS_DEBUG] in_process=yes photos_auth_status=denied photos_asset_count=0 photos_offset=0 photos_result_count=0
[PHOTOS_HELPER] status is not_determined, requesting authorization...
[PHOTOS_HELPER] after request authorization status=denied
[PHOTOS_HELPER] not authorized: denied
[PHOTOS_DEBUG] helper_stderr: [PHOTOS_HELPER] status is not_determined, requesting authorization...
[PHOTOS_HELPER] after request authorization status=denied
[PHOTOS_HELPER] not authorized: denied
[PHOTOS_DEBUG] in_process=no photos_helper_path=/Users/yilonglin/NOKI/desktop/target/photos-bin/NokiPhotos.app/Contents/MacOS/noki-photos photos_helper_exists=yes photos_helper_launch_ok=yes photos_auth_status=denied photos_asset_count=0 photos_result_count=0 error=not_authorized
[BROWSER] location=Pictures resolved=/Users/yilonglin/Pictures exists=yes permission=yes raw_count=4 filtered_count=0 image_count=0 error=none
[PHOTOS_DEBUG] pictures_path=/Users/yilonglin/Pictures pictures_file_count=0 raw_count=4 photos_auth_status=denied photos_asset_count=0 photos_result_count=0 total_entries=0
[PHOTOS_DEBUG] in_process=yes photos_auth_status=denied photos_asset_count=0 photos_offset=0 photos_result_count=0
[PHOTOS_HELPER] status is not_determined, requesting authorization...
[PHOTOS_HELPER] after request authorization status=denied
[PHOTOS_HELPER] not authorized: denied
[PHOTOS_DEBUG] helper_stderr: [PHOTOS_HELPER] status is not_determined, requesting authorization...
[PHOTOS_HELPER] after request authorization status=denied
[PHOTOS_HELPER] not authorized: denied
[PHOTOS_DEBUG] in_process=no photos_helper_path=/Users/yilonglin/NOKI/desktop/target/photos-bin/NokiPhotos.app/Contents/MacOS/noki-photos photos_helper_exists=yes photos_helper_launch_ok=yes photos_auth_status=denied photos_asset_count=0 photos_result_count=0 error=not_authorized
[BROWSER] location=Pictures resolved=/Users/yilonglin/Pictures exists=yes permission=yes raw_count=4 filtered_count=0 image_count=0 error=none
[PHOTOS_DEBUG] pictures_path=/Users/yilonglin/Pictures pictures_file_count=0 raw_count=4 photos_auth_status=denied photos_asset_count=0 photos_result_count=0 total_entries=0
[PHOTOS_DEBUG] in_process=yes photos_auth_status=denied photos_asset_count=0 photos_offset=0 photos_result_count=0
[PHOTOS_HELPER] status is not_determined, requesting authorization...
[PHOTOS_HELPER] after request authorization status=denied
[PHOTOS_HELPER] not authorized: denied
[PHOTOS_DEBUG] helper_stderr: [PHOTOS_HELPER] status is not_determined, requesting authorization...
[PHOTOS_HELPER] after request authorization status=denied
[PHOTOS_HELPER] not authorized: denied
[PHOTOS_DEBUG] in_process=no photos_helper_path=/Users/yilonglin/NOKI/desktop/target/photos-bin/NokiPhotos.app/Contents/MacOS/noki-photos photos_helper_exists=yes photos_helper_launch_ok=yes photos_auth_status=denied photos_asset_count=0 photos_result_count=0 error=not_authorized
[BROWSER] location=Pictures resolved=/Users/yilonglin/Pictures exists=yes permission=yes raw_count=4 filtered_count=0 image_count=0 error=none
[PHOTOS_DEBUG] pictures_path=/Users/yilonglin/Pictures pictures_file_count=0 raw_count=4 photos_auth_status=denied photos_asset_count=0 photos_result_count=0 total_entries=0
[PHOTOS_DEBUG] in_process=yes photos_auth_status=denied photos_asset_count=0 photos_offset=0 photos_result_count=0
[PHOTOS_HELPER] status is not_determined, requesting authorization...
[PHOTOS_HELPER] after request authorization status=denied
[PHOTOS_HELPER] not authorized: denied
[PHOTOS_DEBUG] helper_stderr: [PHOTOS_HELPER] status is not_determined, requesting authorization...
[PHOTOS_HELPER] after request authorization status=denied
[PHOTOS_HELPER] not authorized: denied
[PHOTOS_DEBUG] in_process=no photos_helper_path=/Users/yilonglin/NOKI/desktop/target/photos-bin/NokiPhotos.app/Contents/MacOS/noki-photos photos_helper_exists=yes photos_helper_launch_ok=yes photos_auth_status=denied photos_asset_count=0 photos_result_count=0 error=not_authorized
[BROWSER] location=Pictures resolved=/Users/yilonglin/Pictures exists=yes permission=yes raw_count=4 filtered_count=0 image_count=0 error=none
[PHOTOS_DEBUG] pictures_path=/Users/yilonglin/Pictures pictures_file_count=0 raw_count=4 photos_auth_status=denied photos_asset_count=0 photos_result_count=0 total_entries=0
[PHOTOS_DEBUG] in_process=yes photos_auth_status=denied photos_asset_count=0 photos_offset=0 photos_result_count=0
[PHOTOS_HELPER] status is not_determined, requesting authorization...
[PHOTOS_HELPER] after request authorization status=denied
[PHOTOS_HELPER] not authorized: denied
[PHOTOS_DEBUG] helper_stderr: [PHOTOS_HELPER] status is not_determined, requesting authorization...
[PHOTOS_HELPER] after request authorization status=denied
[PHOTOS_HELPER] not authorized: denied
[PHOTOS_DEBUG] in_process=no photos_helper_path=/Users/yilonglin/NOKI/desktop/target/photos-bin/NokiPhotos.app/Contents/MacOS/noki-photos photos_helper_exists=yes photos_helper_launch_ok=yes photos_auth_status=denied photos_asset_count=0 photos_result_count=0 error=not_authorized
[BROWSER] location=Pictures resolved=/Users/yilonglin/Pictures exists=yes permission=yes raw_count=4 filtered_count=0 image_count=0 error=none
[PHOTOS_DEBUG] pictures_path=/Users/yilonglin/Pictures pictures_file_count=0 raw_count=4 photos_auth_status=denied photos_asset_count=0 photos_result_count=0 total_entries=0
[PHOTOS_DEBUG] in_process=yes photos_auth_status=denied photos_asset_count=0 photos_offset=0 photos_result_count=0
[PHOTOS_HELPER] status is not_determined, requesting authorization...
[PHOTOS_HELPER] after request authorization status=denied
[PHOTOS_HELPER] not authorized: denied
[PHOTOS_DEBUG] helper_stderr: [PHOTOS_HELPER] status is not_determined, requesting authorization...
[PHOTOS_HELPER] after request authorization status=denied
[PHOTOS_HELPER] not authorized: denied
[PHOTOS_DEBUG] in_process=no photos_helper_path=/Users/yilonglin/NOKI/desktop/target/photos-bin/NokiPhotos.app/Contents/MacOS/noki-photos photos_helper_exists=yes photos_helper_launch_ok=yes photos_auth_status=denied photos_asset_count=0 photos_result_count=0 error=not_authorized
[BROWSER] location=Pictures resolved=/Users/yilonglin/Pictures exists=yes permission=yes raw_count=4 filtered_count=0 image_count=0 error=none
[PHOTOS_DEBUG] pictures_path=/Users/yilonglin/Pictures pictures_file_count=0 raw_count=4 photos_auth_status=denied photos_asset_count=0 photos_result_count=0 total_entries=0
[PHOTOS_DEBUG] in_process=yes photos_auth_status=denied photos_asset_count=0 photos_offset=0 photos_result_count=0
[PHOTOS_HELPER] status is not_determined, requesting authorization...
[PHOTOS_HELPER] after request authorization status=denied
[PHOTOS_HELPER] not authorized: denied
[PHOTOS_DEBUG] helper_stderr: [PHOTOS_HELPER] status is not_determined, requesting authorization...
[PHOTOS_HELPER] after request authorization status=denied
[PHOTOS_HELPER] not authorized: denied
[PHOTOS_DEBUG] in_process=no photos_helper_path=/Users/yilonglin/NOKI/desktop/target/photos-bin/NokiPhotos.app/Contents/MacOS/noki-photos photos_helper_exists=yes photos_helper_launch_ok=yes photos_auth_status=denied photos_asset_count=0 photos_result_count=0 error=not_authorized
[BROWSER] location=Pictures resolved=/Users/yilonglin/Pictures exists=yes permission=yes raw_count=4 filtered_count=0 image_count=0 error=none
[PHOTOS_DEBUG] pictures_path=/Users/yilonglin/Pictures pictures_file_count=0 raw_count=4 photos_auth_status=denied photos_asset_count=0 photos_result_count=0 total_entries=0
[PHOTOS_DEBUG] in_process=yes photos_auth_status=denied photos_asset_count=0 photos_offset=0 photos_result_count=0
[PHOTOS_HELPER] status is not_determined, requesting authorization...
[PHOTOS_HELPER] after request authorization status=denied
[PHOTOS_HELPER] not authorized: denied
[PHOTOS_DEBUG] helper_stderr: [PHOTOS_HELPER] status is not_determined, requesting authorization...
[PHOTOS_HELPER] after request authorization status=denied
[PHOTOS_HELPER] not authorized: denied
[PHOTOS_DEBUG] in_process=no photos_helper_path=/Users/yilonglin/NOKI/desktop/target/photos-bin/NokiPhotos.app/Contents/MacOS/noki-photos photos_helper_exists=yes photos_helper_launch_ok=yes photos_auth_status=denied photos_asset_count=0 photos_result_count=0 error=not_authorized
[BROWSER] location=Pictures resolved=/Users/yilonglin/Pictures exists=yes permission=yes raw_count=4 filtered_count=0 image_count=0 error=none
[PHOTOS_DEBUG] pictures_path=/Users/yilonglin/Pictures pictures_file_count=0 raw_count=4 photos_auth_status=denied photos_asset_count=0 photos_result_count=0 total_entries=0
[PHOTOS_DEBUG] in_process=yes photos_auth_status=denied photos_asset_count=0 photos_offset=0 photos_result_count=0
[PHOTOS_HELPER] status is not_determined, requesting authorization...
[PHOTOS_HELPER] after request authorization status=denied
[PHOTOS_HELPER] not authorized: denied
[PHOTOS_DEBUG] helper_stderr: [PHOTOS_HELPER] status is not_determined, requesting authorization...
[PHOTOS_HELPER] after request authorization status=denied
[PHOTOS_HELPER] not authorized: denied
[PHOTOS_DEBUG] in_process=no photos_helper_path=/Users/yilonglin/NOKI/desktop/target/photos-bin/NokiPhotos.app/Contents/MacOS/noki-photos photos_helper_exists=yes photos_helper_launch_ok=yes photos_auth_status=denied photos_asset_count=0 photos_result_count=0 error=not_authorized
[BROWSER] location=Pictures resolved=/Users/yilonglin/Pictures exists=yes permission=yes raw_count=4 filtered_count=0 image_count=0 error=none
[PHOTOS_DEBUG] pictures_path=/Users/yilonglin/Pictures pictures_file_count=0 raw_count=4 photos_auth_status=denied photos_asset_count=0 photos_result_count=0 total_entries=0
[PHOTOS_DEBUG] in_process=yes photos_auth_status=denied photos_asset_count=0 photos_offset=0 photos_result_count=0
[PHOTOS_HELPER] status is not_determined, requesting authorization...
[PHOTOS_HELPER] after request authorization status=denied
[PHOTOS_HELPER] not authorized: denied
[PHOTOS_DEBUG] helper_stderr: [PHOTOS_HELPER] status is not_determined, requesting authorization...
[PHOTOS_HELPER] after request authorization status=denied
[PHOTOS_HELPER] not authorized: denied
[PHOTOS_DEBUG] in_process=no photos_helper_path=/Users/yilonglin/NOKI/desktop/target/photos-bin/NokiPhotos.app/Contents/MacOS/noki-photos photos_helper_exists=yes photos_helper_launch_ok=yes photos_auth_status=denied photos_asset_count=0 photos_result_count=0 error=not_authorized
[BROWSER] location=Pictures resolved=/Users/yilonglin/Pictures exists=yes permission=yes raw_count=4 filtered_count=0 image_count=0 error=none
[PHOTOS_DEBUG] pictures_path=/Users/yilonglin/Pictures pictures_file_count=0 raw_count=4 photos_auth_status=denied photos_asset_count=0 photos_result_count=0 total_entries=0
[PHOTOS_DEBUG] in_process=yes photos_auth_status=denied photos_asset_count=0 photos_offset=0 photos_result_count=0
[PHOTOS_HELPER] status is not_determined, requesting authorization...
[PHOTOS_HELPER] after request authorization status=denied
[PHOTOS_HELPER] not authorized: denied
[PHOTOS_DEBUG] helper_stderr: [PHOTOS_HELPER] status is not_determined, requesting authorization...
[PHOTOS_HELPER] after request authorization status=denied
[PHOTOS_HELPER] not authorized: denied
[PHOTOS_DEBUG] in_process=no photos_helper_path=/Users/yilonglin/NOKI/desktop/target/photos-bin/NokiPhotos.app/Contents/MacOS/noki-photos photos_helper_exists=yes photos_helper_launch_ok=yes photos_auth_status=denied photos_asset_count=0 photos_result_count=0 error=not_authorized
[BROWSER] location=Pictures resolved=/Users/yilonglin/Pictures exists=yes permission=yes raw_count=4 filtered_count=0 image_count=0 error=none
[PHOTOS_DEBUG] pictures_path=/Users/yilonglin/Pictures pictures_file_count=0 raw_count=4 photos_auth_status=denied photos_asset_count=0 photos_result_count=0 total_entries=0
[PHOTOS_DEBUG] in_process=yes photos_auth_status=denied photos_asset_count=0 photos_offset=0 photos_result_count=0
[PHOTOS_HELPER] not authorized: denied
[PHOTOS_DEBUG] helper_stderr: [PHOTOS_HELPER] not authorized: denied
[PHOTOS_DEBUG] in_process=no photos_helper_path=/Users/yilonglin/NOKI/desktop/target/photos-bin/NokiPhotos.app/Contents/MacOS/noki-photos photos_helper_exists=yes photos_helper_launch_ok=yes photos_auth_status=denied photos_asset_count=0 photos_result_count=0 error=not_authorized
[BROWSER] location=Pictures resolved=/Users/yilonglin/Pictures exists=yes permission=yes raw_count=4 filtered_count=0 image_count=0 error=none
[PHOTOS_DEBUG] pictures_path=/Users/yilonglin/Pictures pictures_file_count=0 raw_count=4 photos_auth_status=denied photos_asset_count=0 photos_result_count=0 total_entries=0
[PHOTOS_DEBUG] in_process=yes photos_auth_status=denied photos_asset_count=0 photos_offset=0 photos_result_count=0
[PHOTOS_HELPER] status is not_determined, requesting authorization...
[PHOTOS_HELPER] after request authorization status=denied
[PHOTOS_HELPER] not authorized: denied
[PHOTOS_DEBUG] helper_stderr: [PHOTOS_HELPER] status is not_determined, requesting authorization...
[PHOTOS_HELPER] after request authorization status=denied
[PHOTOS_HELPER] not authorized: denied
[PHOTOS_DEBUG] in_process=no photos_helper_path=/Users/yilonglin/NOKI/desktop/target/photos-bin/NokiPhotos.app/Contents/MacOS/noki-photos photos_helper_exists=yes photos_helper_launch_ok=yes photos_auth_status=denied photos_asset_count=0 photos_result_count=0 error=not_authorized
[BROWSER] location=Pictures resolved=/Users/yilonglin/Pictures exists=yes permission=yes raw_count=4 filtered_count=0 image_count=0 error=none
[PHOTOS_DEBUG] pictures_path=/Users/yilonglin/Pictures pictures_file_count=0 raw_count=4 photos_auth_status=denied photos_asset_count=0 photos_result_count=0 total_entries=0
[PHOTOS_DEBUG] in_process=yes photos_auth_status=denied photos_asset_count=0 photos_offset=0 photos_result_count=0
[PHOTOS_HELPER] status is not_determined, requesting authorization...
[PHOTOS_HELPER] after request authorization status=denied
[PHOTOS_HELPER] not authorized: denied
[PHOTOS_DEBUG] helper_stderr: [PHOTOS_HELPER] status is not_determined, requesting authorization...
[PHOTOS_HELPER] after request authorization status=denied
[PHOTOS_HELPER] not authorized: denied
[PHOTOS_DEBUG] in_process=no photos_helper_path=/Users/yilonglin/NOKI/desktop/target/photos-bin/NokiPhotos.app/Contents/MacOS/noki-photos photos_helper_exists=yes photos_helper_launch_ok=yes photos_auth_status=denied photos_asset_count=0 photos_result_count=0 error=not_authorized
[BROWSER] location=Pictures resolved=/Users/yilonglin/Pictures exists=yes permission=yes raw_count=4 filtered_count=0 image_count=0 error=none
[PHOTOS_DEBUG] pictures_path=/Users/yilonglin/Pictures pictures_file_count=0 raw_count=4 photos_auth_status=denied photos_asset_count=0 photos_result_count=0 total_entries=0
[PHOTOS_DEBUG] in_process=yes photos_auth_status=denied photos_asset_count=0 photos_offset=0 photos_result_count=0
[PHOTOS_HELPER] status is not_determined, requesting authorization...
[PHOTOS_HELPER] after request authorization status=denied
[PHOTOS_HELPER] not authorized: denied
[PHOTOS_DEBUG] helper_stderr: [PHOTOS_HELPER] status is not_determined, requesting authorization...
[PHOTOS_HELPER] after request authorization status=denied
[PHOTOS_HELPER] not authorized: denied
[PHOTOS_DEBUG] in_process=no photos_helper_path=/Users/yilonglin/NOKI/desktop/target/photos-bin/NokiPhotos.app/Contents/MacOS/noki-photos photos_helper_exists=yes photos_helper_launch_ok=yes photos_auth_status=denied photos_asset_count=0 photos_result_count=0 error=not_authorized
[BROWSER] location=Pictures resolved=/Users/yilonglin/Pictures exists=yes permission=yes raw_count=4 filtered_count=0 image_count=0 error=none
[PHOTOS_DEBUG] pictures_path=/Users/yilonglin/Pictures pictures_file_count=0 raw_count=4 photos_auth_status=denied photos_asset_count=0 photos_result_count=0 total_entries=0
[PHOTOS_DEBUG] in_process=yes photos_auth_status=denied photos_asset_count=0 photos_offset=0 photos_result_count=0
[PHOTOS_HELPER] status is not_determined, requesting authorization...
[PHOTOS_HELPER] after request authorization status=denied
[PHOTOS_HELPER] not authorized: denied
[PHOTOS_DEBUG] helper_stderr: [PHOTOS_HELPER] status is not_determined, requesting authorization...
[PHOTOS_HELPER] after request authorization status=denied
[PHOTOS_HELPER] not authorized: denied
[PHOTOS_DEBUG] in_process=no photos_helper_path=/Users/yilonglin/NOKI/desktop/target/photos-bin/NokiPhotos.app/Contents/MacOS/noki-photos photos_helper_exists=yes photos_helper_launch_ok=yes photos_auth_status=denied photos_asset_count=0 photos_result_count=0 error=not_authorized
[BROWSER] location=Pictures resolved=/Users/yilonglin/Pictures exists=yes permission=yes raw_count=4 filtered_count=0 image_count=0 error=none
[PHOTOS_DEBUG] pictures_path=/Users/yilonglin/Pictures pictures_file_count=0 raw_count=4 photos_auth_status=denied photos_asset_count=0 photos_result_count=0 total_entries=0
[PHOTOS_DEBUG] in_process=yes photos_auth_status=denied photos_asset_count=0 photos_offset=0 photos_result_count=0
[PHOTOS_HELPER] status is not_determined, requesting authorization...
[PHOTOS_HELPER] after request authorization status=denied
[PHOTOS_HELPER] not authorized: denied
[PHOTOS_DEBUG] helper_stderr: [PHOTOS_HELPER] status is not_determined, requesting authorization...
[PHOTOS_HELPER] after request authorization status=denied
[PHOTOS_HELPER] not authorized: denied
[PHOTOS_DEBUG] in_process=no photos_helper_path=/Users/yilonglin/NOKI/desktop/target/photos-bin/NokiPhotos.app/Contents/MacOS/noki-photos photos_helper_exists=yes photos_helper_launch_ok=yes photos_auth_status=denied photos_asset_count=0 photos_result_count=0 error=not_authorized
[BROWSER] location=Pictures resolved=/Users/yilonglin/Pictures exists=yes permission=yes raw_count=4 filtered_count=0 image_count=0 error=none
[PHOTOS_DEBUG] pictures_path=/Users/yilonglin/Pictures pictures_file_count=0 raw_count=4 photos_auth_status=denied photos_asset_count=0 photos_result_count=0 total_entries=0
[PHOTOS_DEBUG] in_process=yes photos_auth_status=denied photos_asset_count=0 photos_offset=0 photos_result_count=0
[PHOTOS_HELPER] status is not_determined, requesting authorization...
[PHOTOS_HELPER] after request authorization status=denied
[PHOTOS_HELPER] not authorized: denied
[PHOTOS_DEBUG] helper_stderr: [PHOTOS_HELPER] status is not_determined, requesting authorization...
[PHOTOS_HELPER] after request authorization status=denied
[PHOTOS_HELPER] not authorized: denied
[PHOTOS_DEBUG] in_process=no photos_helper_path=/Users/yilonglin/NOKI/desktop/target/photos-bin/NokiPhotos.app/Contents/MacOS/noki-photos photos_helper_exists=yes photos_helper_launch_ok=yes photos_auth_status=denied photos_asset_count=0 photos_result_count=0 error=not_authorized
[BROWSER] location=Pictures resolved=/Users/yilonglin/Pictures exists=yes permission=yes raw_count=4 filtered_count=0 image_count=0 error=none
[PHOTOS_DEBUG] pictures_path=/Users/yilonglin/Pictures pictures_file_count=0 raw_count=4 photos_auth_status=denied photos_asset_count=0 photos_result_count=0 total_entries=0
[PHOTOS_DEBUG] in_process=yes photos_auth_status=denied photos_asset_count=0 photos_offset=0 photos_result_count=0
[PHOTOS_HELPER] status is not_determined, requesting authorization...
[PHOTOS_HELPER] after request authorization status=denied
[PHOTOS_HELPER] not authorized: denied
[PHOTOS_DEBUG] helper_stderr: [PHOTOS_HELPER] status is not_determined, requesting authorization...
[PHOTOS_HELPER] after request authorization status=denied
[PHOTOS_HELPER] not authorized: denied
[PHOTOS_DEBUG] in_process=no photos_helper_path=/Users/yilonglin/NOKI/desktop/target/photos-bin/NokiPhotos.app/Contents/MacOS/noki-photos photos_helper_exists=yes photos_helper_launch_ok=yes photos_auth_status=denied photos_asset_count=0 photos_result_count=0 error=not_authorized
[BROWSER] location=Pictures resolved=/Users/yilonglin/Pictures exists=yes permission=yes raw_count=4 filtered_count=0 image_count=0 error=none
[PHOTOS_DEBUG] pictures_path=/Users/yilonglin/Pictures pictures_file_count=0 raw_count=4 photos_auth_status=denied photos_asset_count=0 photos_result_count=0 total_entries=0
[PHOTOS_DEBUG] in_process=yes photos_auth_status=denied photos_asset_count=0 photos_offset=0 photos_result_count=0
[PHOTOS_HELPER] status is not_determined, requesting authorization...
[PHOTOS_HELPER] after request authorization status=denied
[PHOTOS_HELPER] not authorized: denied
[PHOTOS_DEBUG] helper_stderr: [PHOTOS_HELPER] status is not_determined, requesting authorization...
[PHOTOS_HELPER] after request authorization status=denied
[PHOTOS_HELPER] not authorized: denied
[PHOTOS_DEBUG] in_process=no photos_helper_path=/Users/yilonglin/NOKI/desktop/target/photos-bin/NokiPhotos.app/Contents/MacOS/noki-photos photos_helper_exists=yes photos_helper_launch_ok=yes photos_auth_status=denied photos_asset_count=0 photos_result_count=0 error=not_authorized
[BROWSER] location=Pictures resolved=/Users/yilonglin/Pictures exists=yes permission=yes raw_count=4 filtered_count=0 image_count=0 error=none
[PHOTOS_DEBUG] pictures_path=/Users/yilonglin/Pictures pictures_file_count=0 raw_count=4 photos_auth_status=denied photos_asset_count=0 photos_result_count=0 total_entries=0
[PHOTOS_DEBUG] in_process=yes photos_auth_status=denied photos_asset_count=0 photos_offset=0 photos_result_count=0
[PHOTOS_HELPER] status is not_determined, requesting authorization...
[PHOTOS_HELPER] after request authorization status=denied
[PHOTOS_HELPER] not authorized: denied
[PHOTOS_DEBUG] helper_stderr: [PHOTOS_HELPER] status is not_determined, requesting authorization...
[PHOTOS_HELPER] after request authorization status=denied
[PHOTOS_HELPER] not authorized: denied
[PHOTOS_DEBUG] in_process=no photos_helper_path=/Users/yilonglin/NOKI/desktop/target/photos-bin/NokiPhotos.app/Contents/MacOS/noki-photos photos_helper_exists=yes photos_helper_launch_ok=yes photos_auth_status=denied photos_asset_count=0 photos_result_count=0 error=not_authorized
[BROWSER] location=Pictures resolved=/Users/yilonglin/Pictures exists=yes permission=yes raw_count=4 filtered_count=0 image_count=0 error=none
[PHOTOS_DEBUG] pictures_path=/Users/yilonglin/Pictures pictures_file_count=0 raw_count=4 photos_auth_status=denied photos_asset_count=0 photos_result_count=0 total_entries=0
[PHOTOS_DEBUG] in_process=yes photos_auth_status=denied photos_asset_count=0 photos_offset=0 photos_result_count=0
[PHOTOS_HELPER] status is not_determined, requesting authorization...
[PHOTOS_HELPER] after request authorization status=denied
[PHOTOS_HELPER] not authorized: denied
[PHOTOS_DEBUG] helper_stderr: [PHOTOS_HELPER] status is not_determined, requesting authorization...
[PHOTOS_HELPER] after request authorization status=denied
[PHOTOS_HELPER] not authorized: denied
[PHOTOS_DEBUG] in_process=no photos_helper_path=/Users/yilonglin/NOKI/desktop/target/photos-bin/NokiPhotos.app/Contents/MacOS/noki-photos photos_helper_exists=yes photos_helper_launch_ok=yes photos_auth_status=denied photos_asset_count=0 photos_result_count=0 error=not_authorized
[BROWSER] location=Pictures resolved=/Users/yilonglin/Pictures exists=yes permission=yes raw_count=4 filtered_count=0 image_count=0 error=none
[PHOTOS_DEBUG] pictures_path=/Users/yilonglin/Pictures pictures_file_count=0 raw_count=4 photos_auth_status=denied photos_asset_count=0 photos_result_count=0 total_entries=0
[BROWSER] location=Dokumente resolved=/Users/yilonglin/Documents exists=yes permission=yes raw_count=5 filtered_count=3 image_count=0 error=none
[BROWSER] location=Desktop resolved=/Users/yilonglin/Desktop exists=yes permission=yes raw_count=5 filtered_count=2 image_count=0 error=none
[BROWSER] location=Desktop resolved=/Users/yilonglin/Desktop/Noki Kamera exists=yes permission=yes raw_count=66 filtered_count=53 image_count=53 error=none
[BROWSER] location=Desktop resolved=/Users/yilonglin/Desktop exists=yes permission=yes raw_count=5 filtered_count=2 image_count=0 error=none
[BROWSER] location=Desktop resolved=/Users/yilonglin/Desktop/Noki Kamera exists=yes permission=yes raw_count=66 filtered_count=53 image_count=53 error=none
[BROWSER] location=Desktop resolved=/Users/yilonglin/Desktop exists=yes permission=yes raw_count=5 filtered_count=2 image_count=0 error=none
[BROWSER] location=Desktop resolved=/Users/yilonglin/Desktop/Noki Kamera exists=yes permission=yes raw_count=66 filtered_count=53 image_count=53 error=none
[PHOTOS_DEBUG] in_process=yes photos_auth_status=denied photos_asset_count=0 photos_offset=0 photos_result_count=0
[PHOTOS_HELPER] status is not_determined, requesting authorization...
[PHOTOS_HELPER] after request authorization status=denied
[PHOTOS_HELPER] not authorized: denied
[PHOTOS_DEBUG] helper_stderr: [PHOTOS_HELPER] status is not_determined, requesting authorization...
[PHOTOS_HELPER] after request authorization status=denied
[PHOTOS_HELPER] not authorized: denied
[PHOTOS_DEBUG] in_process=no photos_helper_path=/Users/yilonglin/NOKI/desktop/target/photos-bin/NokiPhotos.app/Contents/MacOS/noki-photos photos_helper_exists=yes photos_helper_launch_ok=yes photos_auth_status=denied photos_asset_count=0 photos_result_count=0 error=not_authorized
[BROWSER] location=Pictures resolved=/Users/yilonglin/Pictures exists=yes permission=yes raw_count=4 filtered_count=0 image_count=0 error=none
[PHOTOS_DEBUG] pictures_path=/Users/yilonglin/Pictures pictures_file_count=0 raw_count=4 photos_auth_status=denied photos_asset_count=0 photos_result_count=0 total_entries=0
[PHOTOS_DEBUG] in_process=yes photos_auth_status=denied photos_asset_count=0 photos_offset=0 photos_result_count=0
[PHOTOS_HELPER] status is not_determined, requesting authorization...
[PHOTOS_HELPER] after request authorization status=denied
[PHOTOS_HELPER] not authorized: denied
[PHOTOS_DEBUG] helper_stderr: [PHOTOS_HELPER] status is not_determined, requesting authorization...
[PHOTOS_HELPER] after request authorization status=denied
[PHOTOS_HELPER] not authorized: denied
[PHOTOS_DEBUG] in_process=no photos_helper_path=/Users/yilonglin/NOKI/desktop/target/photos-bin/NokiPhotos.app/Contents/MacOS/noki-photos photos_helper_exists=yes photos_helper_launch_ok=yes photos_auth_status=denied photos_asset_count=0 photos_result_count=0 error=not_authorized
[BROWSER] location=Pictures resolved=/Users/yilonglin/Pictures exists=yes permission=yes raw_count=4 filtered_count=0 image_count=0 error=none
[PHOTOS_DEBUG] pictures_path=/Users/yilonglin/Pictures pictures_file_count=0 raw_count=4 photos_auth_status=denied photos_asset_count=0 photos_result_count=0 total_entries=0
[BROWSER] location=Desktop resolved=/Users/yilonglin/Desktop exists=yes permission=yes raw_count=5 filtered_count=2 image_count=0 error=none
[BROWSER] location=Desktop resolved=/Users/yilonglin/Desktop/Noki Kamera exists=yes permission=yes raw_count=66 filtered_count=53 image_count=53 error=none
[BROWSER] location=Desktop resolved=/Users/yilonglin/Desktop exists=yes permission=yes raw_count=5 filtered_count=2 image_count=0 error=none
[BROWSER] location=Desktop resolved=/Users/yilonglin/Desktop/Noki Kamera exists=yes permission=yes raw_count=66 filtered_count=53 image_count=53 error=none
[BROWSER] location=Desktop resolved=/Users/yilonglin/Desktop exists=yes permission=yes raw_count=5 filtered_count=2 image_count=0 error=none
[BROWSER] location=Dokumente resolved=/Users/yilonglin/Documents exists=yes permission=yes raw_count=5 filtered_count=3 image_count=0 error=none
[BROWSER] location=Downloads resolved=/Users/yilonglin/Downloads exists=yes permission=yes raw_count=12 filtered_count=6 image_count=1 error=none
[BROWSER] location=Desktop resolved=/Users/yilonglin/Desktop exists=yes permission=yes raw_count=5 filtered_count=2 image_count=0 error=none
[BROWSER] location=Desktop resolved=/Users/yilonglin/Desktop/Noki Kamera exists=yes permission=yes raw_count=66 filtered_count=53 image_count=53 error=none
[THUMB_RUNTIME] phase=attachment_load path=/Users/yilonglin/Desktop/Noki Kamera/Designfunktion_Spirit-Link-116_copyright.jpg complete=true naturalWidth=1280 naturalHeight=853 renderWidth=26 renderHeight=26 uri_bytes=403987
[THUMB_RUNTIME] phase=attachment_load path=/Users/yilonglin/Desktop/Noki Kamera/Designfunktion_Spirit-Link-116_copyright.jpg complete=true naturalWidth=1280 naturalHeight=853 renderWidth=26 renderHeight=26 uri_bytes=403987
[PHOTOS_DEBUG] in_process=yes photos_auth_status=denied photos_asset_count=0 photos_offset=0 photos_result_count=0
[PHOTOS_HELPER] status is not_determined, requesting authorization...
[PHOTOS_HELPER] after request authorization status=denied
[PHOTOS_HELPER] not authorized: denied
[PHOTOS_DEBUG] helper_stderr: [PHOTOS_HELPER] status is not_determined, requesting authorization...
[PHOTOS_HELPER] after request authorization status=denied
[PHOTOS_HELPER] not authorized: denied
[PHOTOS_DEBUG] in_process=no photos_helper_path=/Users/yilonglin/NOKI/desktop/target/photos-bin/NokiPhotos.app/Contents/MacOS/noki-photos photos_helper_exists=yes photos_helper_launch_ok=yes photos_auth_status=denied photos_asset_count=0 photos_result_count=0 error=not_authorized
[BROWSER] location=Pictures resolved=/Users/yilonglin/Pictures exists=yes permission=yes raw_count=4 filtered_count=0 image_count=0 error=none
[PHOTOS_DEBUG] pictures_path=/Users/yilonglin/Pictures pictures_file_count=0 raw_count=4 photos_auth_status=denied photos_asset_count=0 photos_result_count=0 total_entries=0
[PHOTOS_DEBUG] in_process=yes photos_auth_status=denied photos_asset_count=0 photos_offset=0 photos_result_count=0
[PHOTOS_HELPER] status is not_determined, requesting authorization...
[PHOTOS_HELPER] after request authorization status=denied
[PHOTOS_HELPER] not authorized: denied
[PHOTOS_DEBUG] helper_stderr: [PHOTOS_HELPER] status is not_determined, requesting authorization...
[PHOTOS_HELPER] after request authorization status=denied
[PHOTOS_HELPER] not authorized: denied
[PHOTOS_DEBUG] in_process=no photos_helper_path=/Users/yilonglin/NOKI/desktop/target/photos-bin/NokiPhotos.app/Contents/MacOS/noki-photos photos_helper_exists=yes photos_helper_launch_ok=yes photos_auth_status=denied photos_asset_count=0 photos_result_count=0 error=not_authorized
[BROWSER] location=Pictures resolved=/Users/yilonglin/Pictures exists=yes permission=yes raw_count=4 filtered_count=0 image_count=0 error=none
[PHOTOS_DEBUG] pictures_path=/Users/yilonglin/Pictures pictures_file_count=0 raw_count=4 photos_auth_status=denied photos_asset_count=0 photos_result_count=0 total_entries=0
[PHOTOS_DEBUG] in_process=yes photos_auth_status=denied photos_asset_count=0 photos_offset=0 photos_result_count=0
[PHOTOS_HELPER] status is not_determined, requesting authorization...
[PHOTOS_HELPER] after request authorization status=denied
[PHOTOS_HELPER] not authorized: denied
[PHOTOS_DEBUG] helper_stderr: [PHOTOS_HELPER] status is not_determined, requesting authorization...
[PHOTOS_HELPER] after request authorization status=denied
[PHOTOS_HELPER] not authorized: denied
[PHOTOS_DEBUG] in_process=no photos_helper_path=/Users/yilonglin/NOKI/desktop/target/photos-bin/NokiPhotos.app/Contents/MacOS/noki-photos photos_helper_exists=yes photos_helper_launch_ok=yes photos_auth_status=denied photos_asset_count=0 photos_result_count=0 error=not_authorized
[BROWSER] location=Pictures resolved=/Users/yilonglin/Pictures exists=yes permission=yes raw_count=4 filtered_count=0 image_count=0 error=none
[PHOTOS_DEBUG] pictures_path=/Users/yilonglin/Pictures pictures_file_count=0 raw_count=4 photos_auth_status=denied photos_asset_count=0 photos_result_count=0 total_entries=0
[PHOTOS_DEBUG] in_process=yes photos_auth_status=denied photos_asset_count=0 photos_offset=0 photos_result_count=0
[PHOTOS_HELPER] status is not_determined, requesting authorization...
[PHOTOS_HELPER] after request authorization status=denied
[PHOTOS_HELPER] not authorized: denied
[PHOTOS_DEBUG] helper_stderr: [PHOTOS_HELPER] status is not_determined, requesting authorization...
[PHOTOS_HELPER] after request authorization status=denied
[PHOTOS_HELPER] not authorized: denied
[PHOTOS_DEBUG] in_process=no photos_helper_path=/Users/yilonglin/NOKI/desktop/target/photos-bin/NokiPhotos.app/Contents/MacOS/noki-photos photos_helper_exists=yes photos_helper_launch_ok=yes photos_auth_status=denied photos_asset_count=0 photos_result_count=0 error=not_authorized
[BROWSER] location=Pictures resolved=/Users/yilonglin/Pictures exists=yes permission=yes raw_count=4 filtered_count=0 image_count=0 error=none
[PHOTOS_DEBUG] pictures_path=/Users/yilonglin/Pictures pictures_file_count=0 raw_count=4 photos_auth_status=denied photos_asset_count=0 photos_result_count=0 total_entries=0
[BROWSER] location=Dokumente resolved=/Users/yilonglin/Documents exists=yes permission=yes raw_count=5 filtered_count=3 image_count=0 error=none
[BROWSER] location=Desktop resolved=/Users/yilonglin/Desktop exists=yes permission=yes raw_count=5 filtered_count=2 image_count=0 error=none
[BROWSER] location=Downloads resolved=/Users/yilonglin/Downloads exists=yes permission=yes raw_count=12 filtered_count=6 image_count=1 error=none
[BROWSER] location=Desktop resolved=/Users/yilonglin/Desktop exists=yes permission=yes raw_count=5 filtered_count=2 image_count=0 error=none
[BROWSER] location=Desktop resolved=/Users/yilonglin/Desktop/Noki Kamera exists=yes permission=yes raw_count=67 filtered_count=54 image_count=54 error=none
[THUMB_RUNTIME] phase=attachment_load path=/Users/yilonglin/Desktop/Noki Kamera/Designfunktion_Spirit-Link-116_copyright.jpg complete=true naturalWidth=1280 naturalHeight=853 renderWidth=22 renderHeight=22 uri_bytes=403987
[PHOTOS_DEBUG] in_process=yes photos_auth_status=denied photos_asset_count=0 photos_offset=0 photos_result_count=0
[PHOTOS_HELPER] status is not_determined, requesting authorization...
[PHOTOS_HELPER] after request authorization status=denied
[PHOTOS_HELPER] not authorized: denied
[PHOTOS_DEBUG] helper_stderr: [PHOTOS_HELPER] status is not_determined, requesting authorization...
[PHOTOS_HELPER] after request authorization status=denied
[PHOTOS_HELPER] not authorized: denied
[PHOTOS_DEBUG] in_process=no photos_helper_path=/Users/yilonglin/NOKI/desktop/target/photos-bin/NokiPhotos.app/Contents/MacOS/noki-photos photos_helper_exists=yes photos_helper_launch_ok=yes photos_auth_status=denied photos_asset_count=0 photos_result_count=0 error=not_authorized
[BROWSER] location=Pictures resolved=/Users/yilonglin/Pictures exists=yes permission=yes raw_count=4 filtered_count=0 image_count=0 error=none
[PHOTOS_DEBUG] pictures_path=/Users/yilonglin/Pictures pictures_file_count=0 raw_count=4 photos_auth_status=denied photos_asset_count=0 photos_result_count=0 total_entries=0
[PHOTOS_DEBUG] in_process=yes photos_auth_status=denied photos_asset_count=0 photos_offset=0 photos_result_count=0
[PHOTOS_HELPER] status is not_determined, requesting authorization...
[PHOTOS_HELPER] after request authorization status=denied
[PHOTOS_HELPER] not authorized: denied
[PHOTOS_DEBUG] helper_stderr: [PHOTOS_HELPER] status is not_determined, requesting authorization...
[PHOTOS_HELPER] after request authorization status=denied
[PHOTOS_HELPER] not authorized: denied
[PHOTOS_DEBUG] in_process=no photos_helper_path=/Users/yilonglin/NOKI/desktop/target/photos-bin/NokiPhotos.app/Contents/MacOS/noki-photos photos_helper_exists=yes photos_helper_launch_ok=yes photos_auth_status=denied photos_asset_count=0 photos_result_count=0 error=not_authorized
[BROWSER] location=Pictures resolved=/Users/yilonglin/Pictures exists=yes permission=yes raw_count=4 filtered_count=0 image_count=0 error=none
[PHOTOS_DEBUG] pictures_path=/Users/yilonglin/Pictures pictures_file_count=0 raw_count=4 photos_auth_status=denied photos_asset_count=0 photos_result_count=0 total_entries=0
[PHOTOS_DEBUG] in_process=yes photos_auth_status=denied photos_asset_count=0 photos_offset=0 photos_result_count=0
[PHOTOS_HELPER] status is not_determined, requesting authorization...
[PHOTOS_HELPER] after request authorization status=denied
[PHOTOS_HELPER] not authorized: denied
[PHOTOS_DEBUG] helper_stderr: [PHOTOS_HELPER] status is not_determined, requesting authorization...
[PHOTOS_HELPER] after request authorization status=denied
[PHOTOS_HELPER] not authorized: denied
[PHOTOS_DEBUG] in_process=no photos_helper_path=/Users/yilonglin/NOKI/desktop/target/photos-bin/NokiPhotos.app/Contents/MacOS/noki-photos photos_helper_exists=yes photos_helper_launch_ok=yes photos_auth_status=denied photos_asset_count=0 photos_result_count=0 error=not_authorized
[BROWSER] location=Pictures resolved=/Users/yilonglin/Pictures exists=yes permission=yes raw_count=4 filtered_count=0 image_count=0 error=none
[PHOTOS_DEBUG] pictures_path=/Users/yilonglin/Pictures pictures_file_count=0 raw_count=4 photos_auth_status=denied photos_asset_count=0 photos_result_count=0 total_entries=0
[PHOTOS_DEBUG] in_process=yes photos_auth_status=denied photos_asset_count=0 photos_offset=0 photos_result_count=0
[PHOTOS_HELPER] status is not_determined, requesting authorization...
[PHOTOS_HELPER] after request authorization status=denied
[PHOTOS_HELPER] not authorized: denied
[PHOTOS_DEBUG] helper_stderr: [PHOTOS_HELPER] status is not_determined, requesting authorization...
[PHOTOS_HELPER] after request authorization status=denied
[PHOTOS_HELPER] not authorized: denied
[PHOTOS_DEBUG] in_process=no photos_helper_path=/Users/yilonglin/NOKI/desktop/target/photos-bin/NokiPhotos.app/Contents/MacOS/noki-photos photos_helper_exists=yes photos_helper_launch_ok=yes photos_auth_status=denied photos_asset_count=0 photos_result_count=0 error=not_authorized
[BROWSER] location=Pictures resolved=/Users/yilonglin/Pictures exists=yes permission=yes raw_count=4 filtered_count=0 image_count=0 error=none
[PHOTOS_DEBUG] pictures_path=/Users/yilonglin/Pictures pictures_file_count=0 raw_count=4 photos_auth_status=denied photos_asset_count=0 photos_result_count=0 total_entries=0
[PHOTOS_DEBUG] in_process=yes photos_auth_status=denied photos_asset_count=0 photos_offset=0 photos_result_count=0
[PHOTOS_HELPER] status is not_determined, requesting authorization...
[PHOTOS_HELPER] after request authorization status=denied
[PHOTOS_HELPER] not authorized: denied
[PHOTOS_DEBUG] helper_stderr: [PHOTOS_HELPER] status is not_determined, requesting authorization...
[PHOTOS_HELPER] after request authorization status=denied
[PHOTOS_HELPER] not authorized: denied
[PHOTOS_DEBUG] in_process=no photos_helper_path=/Users/yilonglin/NOKI/desktop/target/photos-bin/NokiPhotos.app/Contents/MacOS/noki-photos photos_helper_exists=yes photos_helper_launch_ok=yes photos_auth_status=denied photos_asset_count=0 photos_result_count=0 error=not_authorized
[BROWSER] location=Pictures resolved=/Users/yilonglin/Pictures exists=yes permission=yes raw_count=4 filtered_count=0 image_count=0 error=none
[PHOTOS_DEBUG] pictures_path=/Users/yilonglin/Pictures pictures_file_count=0 raw_count=4 photos_auth_status=denied photos_asset_count=0 photos_result_count=0 total_entries=0
[PHOTOS_DEBUG] in_process=yes photos_auth_status=denied photos_asset_count=0 photos_offset=0 photos_result_count=0
[PHOTOS_HELPER] status is not_determined, requesting authorization...
[PHOTOS_HELPER] after request authorization status=denied
[PHOTOS_HELPER] not authorized: denied
[PHOTOS_DEBUG] helper_stderr: [PHOTOS_HELPER] status is not_determined, requesting authorization...
[PHOTOS_HELPER] after request authorization status=denied
[PHOTOS_HELPER] not authorized: denied
[PHOTOS_DEBUG] in_process=no photos_helper_path=/Users/yilonglin/NOKI/desktop/target/photos-bin/NokiPhotos.app/Contents/MacOS/noki-photos photos_helper_exists=yes photos_helper_launch_ok=yes photos_auth_status=denied photos_asset_count=0 photos_result_count=0 error=not_authorized
[BROWSER] location=Pictures resolved=/Users/yilonglin/Pictures exists=yes permission=yes raw_count=4 filtered_count=0 image_count=0 error=none
[PHOTOS_DEBUG] pictures_path=/Users/yilonglin/Pictures pictures_file_count=0 raw_count=4 photos_auth_status=denied photos_asset_count=0 photos_result_count=0 total_entries=0
[PHOTOS_DEBUG] in_process=yes photos_auth_status=denied photos_asset_count=0 photos_offset=0 photos_result_count=0
[PHOTOS_HELPER] status is not_determined, requesting authorization...
[PHOTOS_HELPER] after request authorization status=denied
[PHOTOS_HELPER] not authorized: denied
[PHOTOS_DEBUG] helper_stderr: [PHOTOS_HELPER] status is not_determined, requesting authorization...
[PHOTOS_HELPER] after request authorization status=denied
[PHOTOS_HELPER] not authorized: denied
[PHOTOS_DEBUG] in_process=no photos_helper_path=/Users/yilonglin/NOKI/desktop/target/photos-bin/NokiPhotos.app/Contents/MacOS/noki-photos photos_helper_exists=yes photos_helper_launch_ok=yes photos_auth_status=denied photos_asset_count=0 photos_result_count=0 error=not_authorized
[BROWSER] location=Pictures resolved=/Users/yilonglin/Pictures exists=yes permission=yes raw_count=4 filtered_count=0 image_count=0 error=none
[PHOTOS_DEBUG] pictures_path=/Users/yilonglin/Pictures pictures_file_count=0 raw_count=4 photos_auth_status=denied photos_asset_count=0 photos_result_count=0 total_entries=0
[PHOTOS_DEBUG] in_process=yes photos_auth_status=denied photos_asset_count=0 photos_offset=0 photos_result_count=0
[PHOTOS_HELPER] status is not_determined, requesting authorization...
[PHOTOS_HELPER] after request authorization status=denied
[PHOTOS_HELPER] not authorized: denied
[PHOTOS_DEBUG] helper_stderr: [PHOTOS_HELPER] status is not_determined, requesting authorization...
[PHOTOS_HELPER] after request authorization status=denied
[PHOTOS_HELPER] not authorized: denied
[PHOTOS_DEBUG] in_process=no photos_helper_path=/Users/yilonglin/NOKI/desktop/target/photos-bin/NokiPhotos.app/Contents/MacOS/noki-photos photos_helper_exists=yes photos_helper_launch_ok=yes photos_auth_status=denied photos_asset_count=0 photos_result_count=0 error=not_authorized
[BROWSER] location=Pictures resolved=/Users/yilonglin/Pictures exists=yes permission=yes raw_count=4 filtered_count=0 image_count=0 error=none
[PHOTOS_DEBUG] pictures_path=/Users/yilonglin/Pictures pictures_file_count=0 raw_count=4 photos_auth_status=denied photos_asset_count=0 photos_result_count=0 total_entries=0
[PHOTOS_DEBUG] in_process=yes photos_auth_status=denied photos_asset_count=0 photos_offset=0 photos_result_count=0
[PHOTOS_HELPER] status is not_determined, requesting authorization...
[PHOTOS_HELPER] after request authorization status=denied
[PHOTOS_HELPER] not authorized: denied
[PHOTOS_DEBUG] helper_stderr: [PHOTOS_HELPER] status is not_determined, requesting authorization...
[PHOTOS_HELPER] after request authorization status=denied
[PHOTOS_HELPER] not authorized: denied
[PHOTOS_DEBUG] in_process=no photos_helper_path=/Users/yilonglin/NOKI/desktop/target/photos-bin/NokiPhotos.app/Contents/MacOS/noki-photos photos_helper_exists=yes photos_helper_launch_ok=yes photos_auth_status=denied photos_asset_count=0 photos_result_count=0 error=not_authorized
[BROWSER] location=Pictures resolved=/Users/yilonglin/Pictures exists=yes permission=yes raw_count=4 filtered_count=0 image_count=0 error=none
[PHOTOS_DEBUG] pictures_path=/Users/yilonglin/Pictures pictures_file_count=0 raw_count=4 photos_auth_status=denied photos_asset_count=0 photos_result_count=0 total_entries=0
[PHOTOS_DEBUG] in_process=yes photos_auth_status=denied photos_asset_count=0 photos_offset=0 photos_result_count=0
[PHOTOS_HELPER] not authorized: denied
[PHOTOS_DEBUG] helper_stderr: [PHOTOS_HELPER] not authorized: denied
[PHOTOS_DEBUG] in_process=no photos_helper_path=/Users/yilonglin/NOKI/desktop/target/photos-bin/NokiPhotos.app/Contents/MacOS/noki-photos photos_helper_exists=yes photos_helper_launch_ok=yes photos_auth_status=denied photos_asset_count=0 photos_result_count=0 error=not_authorized
[BROWSER] location=Pictures resolved=/Users/yilonglin/Pictures exists=yes permission=yes raw_count=4 filtered_count=0 image_count=0 error=none
[PHOTOS_DEBUG] pictures_path=/Users/yilonglin/Pictures pictures_file_count=0 raw_count=4 photos_auth_status=denied photos_asset_count=0 photos_result_count=0 total_entries=0
[PHOTOS_DEBUG] in_process=yes photos_auth_status=denied photos_asset_count=0 photos_offset=0 photos_result_count=0
[PHOTOS_HELPER] status is not_determined, requesting authorization...
[PHOTOS_HELPER] after request authorization status=denied
[PHOTOS_HELPER] not authorized: denied
[PHOTOS_DEBUG] helper_stderr: [PHOTOS_HELPER] status is not_determined, requesting authorization...
[PHOTOS_HELPER] after request authorization status=denied
[PHOTOS_HELPER] not authorized: denied
[PHOTOS_DEBUG] in_process=no photos_helper_path=/Users/yilonglin/NOKI/desktop/target/photos-bin/NokiPhotos.app/Contents/MacOS/noki-photos photos_helper_exists=yes photos_helper_launch_ok=yes photos_auth_status=denied photos_asset_count=0 photos_result_count=0 error=not_authorized
[BROWSER] location=Pictures resolved=/Users/yilonglin/Pictures exists=yes permission=yes raw_count=4 filtered_count=0 image_count=0 error=none
[PHOTOS_DEBUG] pictures_path=/Users/yilonglin/Pictures pictures_file_count=0 raw_count=4 photos_auth_status=denied photos_asset_count=0 photos_result_count=0 total_entries=0
[PHOTOS_DEBUG] in_process=yes photos_auth_status=denied photos_asset_count=0 photos_offset=0 photos_result_count=0
[PHOTOS_HELPER] status is not_determined, requesting authorization...
[PHOTOS_HELPER] after request authorization status=denied
[PHOTOS_HELPER] not authorized: denied
[PHOTOS_DEBUG] helper_stderr: [PHOTOS_HELPER] status is not_determined, requesting authorization...
[PHOTOS_HELPER] after request authorization status=denied
[PHOTOS_HELPER] not authorized: denied
[PHOTOS_DEBUG] in_process=no photos_helper_path=/Users/yilonglin/NOKI/desktop/target/photos-bin/NokiPhotos.app/Contents/MacOS/noki-photos photos_helper_exists=yes photos_helper_launch_ok=yes photos_auth_status=denied photos_asset_count=0 photos_result_count=0 error=not_authorized
[BROWSER] location=Pictures resolved=/Users/yilonglin/Pictures exists=yes permission=yes raw_count=4 filtered_count=0 image_count=0 error=none
[PHOTOS_DEBUG] pictures_path=/Users/yilonglin/Pictures pictures_file_count=0 raw_count=4 photos_auth_status=denied photos_asset_count=0 photos_result_count=0 total_entries=0
[PHOTOS_DEBUG] in_process=yes photos_auth_status=denied photos_asset_count=0 photos_offset=0 photos_result_count=0
[PHOTOS_HELPER] status is not_determined, requesting authorization...
[PHOTOS_HELPER] after request authorization status=denied
[PHOTOS_HELPER] not authorized: denied
[PHOTOS_DEBUG] helper_stderr: [PHOTOS_HELPER] status is not_determined, requesting authorization...
[PHOTOS_HELPER] after request authorization status=denied
[PHOTOS_HELPER] not authorized: denied
[PHOTOS_DEBUG] in_process=no photos_helper_path=/Users/yilonglin/NOKI/desktop/target/photos-bin/NokiPhotos.app/Contents/MacOS/noki-photos photos_helper_exists=yes photos_helper_launch_ok=yes photos_auth_status=denied photos_asset_count=0 photos_result_count=0 error=not_authorized
[BROWSER] location=Pictures resolved=/Users/yilonglin/Pictures exists=yes permission=yes raw_count=4 filtered_count=0 image_count=0 error=none
[PHOTOS_DEBUG] pictures_path=/Users/yilonglin/Pictures pictures_file_count=0 raw_count=4 photos_auth_status=denied photos_asset_count=0 photos_result_count=0 total_entries=0
[PHOTOS_DEBUG] in_process=yes photos_auth_status=denied photos_asset_count=0 photos_offset=0 photos_result_count=0
[PHOTOS_HELPER] status is not_determined, requesting authorization...
[PHOTOS_HELPER] after request authorization status=denied
[PHOTOS_HELPER] not authorized: denied
[PHOTOS_DEBUG] helper_stderr: [PHOTOS_HELPER] status is not_determined, requesting authorization...
[PHOTOS_HELPER] after request authorization status=denied
[PHOTOS_HELPER] not authorized: denied
[PHOTOS_DEBUG] in_process=no photos_helper_path=/Users/yilonglin/NOKI/desktop/target/photos-bin/NokiPhotos.app/Contents/MacOS/noki-photos photos_helper_exists=yes photos_helper_launch_ok=yes photos_auth_status=denied photos_asset_count=0 photos_result_count=0 error=not_authorized
[BROWSER] location=Pictures resolved=/Users/yilonglin/Pictures exists=yes permission=yes raw_count=4 filtered_count=0 image_count=0 error=none
[PHOTOS_DEBUG] pictures_path=/Users/yilonglin/Pictures pictures_file_count=0 raw_count=4 photos_auth_status=denied photos_asset_count=0 photos_result_count=0 total_entries=0
[PHOTOS_DEBUG] in_process=yes photos_auth_status=denied photos_asset_count=0 photos_offset=0 photos_result_count=0
[PHOTOS_HELPER] status is not_determined, requesting authorization...
[PHOTOS_HELPER] after request authorization status=denied
[PHOTOS_HELPER] not authorized: denied
[PHOTOS_DEBUG] helper_stderr: [PHOTOS_HELPER] status is not_determined, requesting authorization...
[PHOTOS_HELPER] after request authorization status=denied
[PHOTOS_HELPER] not authorized: denied
[PHOTOS_DEBUG] in_process=no photos_helper_path=/Users/yilonglin/NOKI/desktop/target/photos-bin/NokiPhotos.app/Contents/MacOS/noki-photos photos_helper_exists=yes photos_helper_launch_ok=yes photos_auth_status=denied photos_asset_count=0 photos_result_count=0 error=not_authorized
[BROWSER] location=Pictures resolved=/Users/yilonglin/Pictures exists=yes permission=yes raw_count=4 filtered_count=0 image_count=0 error=none
[PHOTOS_DEBUG] pictures_path=/Users/yilonglin/Pictures pictures_file_count=0 raw_count=4 photos_auth_status=denied photos_asset_count=0 photos_result_count=0 total_entries=0
[PHOTOS_DEBUG] in_process=yes photos_auth_status=denied photos_asset_count=0 photos_offset=0 photos_result_count=0
[PHOTOS_HELPER] status is not_determined, requesting authorization...
[PHOTOS_HELPER] after request authorization status=denied
[PHOTOS_HELPER] not authorized: denied
[PHOTOS_DEBUG] helper_stderr: [PHOTOS_HELPER] status is not_determined, requesting authorization...
[PHOTOS_HELPER] after request authorization status=denied
[PHOTOS_HELPER] not authorized: denied
[PHOTOS_DEBUG] in_process=no photos_helper_path=/Users/yilonglin/NOKI/desktop/target/photos-bin/NokiPhotos.app/Contents/MacOS/noki-photos photos_helper_exists=yes photos_helper_launch_ok=yes photos_auth_status=denied photos_asset_count=0 photos_result_count=0 error=not_authorized
[BROWSER] location=Pictures resolved=/Users/yilonglin/Pictures exists=yes permission=yes raw_count=4 filtered_count=0 image_count=0 error=none
[PHOTOS_DEBUG] pictures_path=/Users/yilonglin/Pictures pictures_file_count=0 raw_count=4 photos_auth_status=denied photos_asset_count=0 photos_result_count=0 total_entries=0
[PHOTOS_DEBUG] in_process=yes photos_auth_status=denied photos_asset_count=0 photos_offset=0 photos_result_count=0
[PHOTOS_HELPER] status is not_determined, requesting authorization...
[PHOTOS_HELPER] after request authorization status=denied
[PHOTOS_HELPER] not authorized: denied
[PHOTOS_DEBUG] helper_stderr: [PHOTOS_HELPER] status is not_determined, requesting authorization...
[PHOTOS_HELPER] after request authorization status=denied
[PHOTOS_HELPER] not authorized: denied
[PHOTOS_DEBUG] in_process=no photos_helper_path=/Users/yilonglin/NOKI/desktop/target/photos-bin/NokiPhotos.app/Contents/MacOS/noki-photos photos_helper_exists=yes photos_helper_launch_ok=yes photos_auth_status=denied photos_asset_count=0 photos_result_count=0 error=not_authorized
[BROWSER] location=Pictures resolved=/Users/yilonglin/Pictures exists=yes permission=yes raw_count=4 filtered_count=0 image_count=0 error=none
[PHOTOS_DEBUG] pictures_path=/Users/yilonglin/Pictures pictures_file_count=0 raw_count=4 photos_auth_status=denied photos_asset_count=0 photos_result_count=0 total_entries=0
[PHOTOS_DEBUG] in_process=yes photos_auth_status=denied photos_asset_count=0 photos_offset=0 photos_result_count=0
[PHOTOS_HELPER] status is not_determined, requesting authorization...
[PHOTOS_HELPER] after request authorization status=denied
[PHOTOS_HELPER] not authorized: denied
[PHOTOS_DEBUG] helper_stderr: [PHOTOS_HELPER] status is not_determined, requesting authorization...
[PHOTOS_HELPER] after request authorization status=denied
[PHOTOS_HELPER] not authorized: denied
[PHOTOS_DEBUG] in_process=no photos_helper_path=/Users/yilonglin/NOKI/desktop/target/photos-bin/NokiPhotos.app/Contents/MacOS/noki-photos photos_helper_exists=yes photos_helper_launch_ok=yes photos_auth_status=denied photos_asset_count=0 photos_result_count=0 error=not_authorized
[BROWSER] location=Pictures resolved=/Users/yilonglin/Pictures exists=yes permission=yes raw_count=4 filtered_count=0 image_count=0 error=none
[PHOTOS_DEBUG] pictures_path=/Users/yilonglin/Pictures pictures_file_count=0 raw_count=4 photos_auth_status=denied photos_asset_count=0 photos_result_count=0 total_entries=0
[PHOTOS_DEBUG] in_process=yes photos_auth_status=denied photos_asset_count=0 photos_offset=0 photos_result_count=0
[PHOTOS_HELPER] status is not_determined, requesting authorization...
[PHOTOS_HELPER] after request authorization status=denied
[PHOTOS_HELPER] not authorized: denied
[PHOTOS_DEBUG] helper_stderr: [PHOTOS_HELPER] status is not_determined, requesting authorization...
[PHOTOS_HELPER] after request authorization status=denied
[PHOTOS_HELPER] not authorized: denied
[PHOTOS_DEBUG] in_process=no photos_helper_path=/Users/yilonglin/NOKI/desktop/target/photos-bin/NokiPhotos.app/Contents/MacOS/noki-photos photos_helper_exists=yes photos_helper_launch_ok=yes photos_auth_status=denied photos_asset_count=0 photos_result_count=0 error=not_authorized
[BROWSER] location=Pictures resolved=/Users/yilonglin/Pictures exists=yes permission=yes raw_count=4 filtered_count=0 image_count=0 error=none
[PHOTOS_DEBUG] pictures_path=/Users/yilonglin/Pictures pictures_file_count=0 raw_count=4 photos_auth_status=denied photos_asset_count=0 photos_result_count=0 total_entries=0
[PHOTOS_DEBUG] in_process=yes photos_auth_status=denied photos_asset_count=0 photos_offset=0 photos_result_count=0
[PHOTOS_HELPER] status is not_determined, requesting authorization...
[PHOTOS_HELPER] after request authorization status=denied
[PHOTOS_HELPER] not authorized: denied
[PHOTOS_DEBUG] helper_stderr: [PHOTOS_HELPER] status is not_determined, requesting authorization...
[PHOTOS_HELPER] after request authorization status=denied
[PHOTOS_HELPER] not authorized: denied
[PHOTOS_DEBUG] in_process=no photos_helper_path=/Users/yilonglin/NOKI/desktop/target/photos-bin/NokiPhotos.app/Contents/MacOS/noki-photos photos_helper_exists=yes photos_helper_launch_ok=yes photos_auth_status=denied photos_asset_count=0 photos_result_count=0 error=not_authorized
[BROWSER] location=Pictures resolved=/Users/yilonglin/Pictures exists=yes permission=yes raw_count=4 filtered_count=0 image_count=0 error=none
[PHOTOS_DEBUG] pictures_path=/Users/yilonglin/Pictures pictures_file_count=0 raw_count=4 photos_auth_status=denied photos_asset_count=0 photos_result_count=0 total_entries=0
[PHOTOS_DEBUG] in_process=yes photos_auth_status=denied photos_asset_count=0 photos_offset=0 photos_result_count=0
[PHOTOS_HELPER] status is not_determined, requesting authorization...
[PHOTOS_HELPER] after request authorization status=denied
[PHOTOS_HELPER] not authorized: denied
[PHOTOS_DEBUG] helper_stderr: [PHOTOS_HELPER] status is not_determined, requesting authorization...
[PHOTOS_HELPER] after request authorization status=denied
[PHOTOS_HELPER] not authorized: denied
[PHOTOS_DEBUG] in_process=no photos_helper_path=/Users/yilonglin/NOKI/desktop/target/photos-bin/NokiPhotos.app/Contents/MacOS/noki-photos photos_helper_exists=yes photos_helper_launch_ok=yes photos_auth_status=denied photos_asset_count=0 photos_result_count=0 error=not_authorized
[BROWSER] location=Pictures resolved=/Users/yilonglin/Pictures exists=yes permission=yes raw_count=4 filtered_count=0 image_count=0 error=none
[PHOTOS_DEBUG] pictures_path=/Users/yilonglin/Pictures pictures_file_count=0 raw_count=4 photos_auth_status=denied photos_asset_count=0 photos_result_count=0 total_entries=0
[PHOTOS_DEBUG] in_process=yes photos_auth_status=denied photos_asset_count=0 photos_offset=0 photos_result_count=0
[PHOTOS_HELPER] status is not_determined, requesting authorization...
[PHOTOS_HELPER] after request authorization status=denied
[PHOTOS_HELPER] not authorized: denied
[PHOTOS_DEBUG] helper_stderr: [PHOTOS_HELPER] status is not_determined, requesting authorization...
[PHOTOS_HELPER] after request authorization status=denied
[PHOTOS_HELPER] not authorized: denied
[PHOTOS_DEBUG] in_process=no photos_helper_path=/Users/yilonglin/NOKI/desktop/target/photos-bin/NokiPhotos.app/Contents/MacOS/noki-photos photos_helper_exists=yes photos_helper_launch_ok=yes photos_auth_status=denied photos_asset_count=0 photos_result_count=0 error=not_authorized
[BROWSER] location=Pictures resolved=/Users/yilonglin/Pictures exists=yes permission=yes raw_count=4 filtered_count=0 image_count=0 error=none
[PHOTOS_DEBUG] pictures_path=/Users/yilonglin/Pictures pictures_file_count=0 raw_count=4 photos_auth_status=denied photos_asset_count=0 photos_result_count=0 total_entries=0
[PHOTOS_DEBUG] in_process=yes photos_auth_status=denied photos_asset_count=0 photos_offset=0 photos_result_count=0
[PHOTOS_HELPER] status is not_determined, requesting authorization...
[PHOTOS_HELPER] after request authorization status=denied
[PHOTOS_HELPER] not authorized: denied
[PHOTOS_DEBUG] helper_stderr: [PHOTOS_HELPER] status is not_determined, requesting authorization...
[PHOTOS_HELPER] after request authorization status=denied
[PHOTOS_HELPER] not authorized: denied
[PHOTOS_DEBUG] in_process=no photos_helper_path=/Users/yilonglin/NOKI/desktop/target/photos-bin/NokiPhotos.app/Contents/MacOS/noki-photos photos_helper_exists=yes photos_helper_launch_ok=yes photos_auth_status=denied photos_asset_count=0 photos_result_count=0 error=not_authorized
[BROWSER] location=Pictures resolved=/Users/yilonglin/Pictures exists=yes permission=yes raw_count=4 filtered_count=0 image_count=0 error=none
[PHOTOS_DEBUG] pictures_path=/Users/yilonglin/Pictures pictures_file_count=0 raw_count=4 photos_auth_status=denied photos_asset_count=0 photos_result_count=0 total_entries=0
[PHOTOS_DEBUG] in_process=yes photos_auth_status=denied photos_asset_count=0 photos_offset=0 photos_result_count=0
[PHOTOS_HELPER] status is not_determined, requesting authorization...
[PHOTOS_HELPER] after request authorization status=denied
[PHOTOS_HELPER] not authorized: denied
[PHOTOS_DEBUG] helper_stderr: [PHOTOS_HELPER] status is not_determined, requesting authorization...
[PHOTOS_HELPER] after request authorization status=denied
[PHOTOS_HELPER] not authorized: denied
[PHOTOS_DEBUG] in_process=no photos_helper_path=/Users/yilonglin/NOKI/desktop/target/photos-bin/NokiPhotos.app/Contents/MacOS/noki-photos photos_helper_exists=yes photos_helper_launch_ok=yes photos_auth_status=denied photos_asset_count=0 photos_result_count=0 error=not_authorized
[BROWSER] location=Pictures resolved=/Users/yilonglin/Pictures exists=yes permission=yes raw_count=4 filtered_count=0 image_count=0 error=none
[PHOTOS_DEBUG] pictures_path=/Users/yilonglin/Pictures pictures_file_count=0 raw_count=4 photos_auth_status=denied photos_asset_count=0 photos_result_count=0 total_entries=0
[PHOTOS_DEBUG] in_process=yes photos_auth_status=denied photos_asset_count=0 photos_offset=0 photos_result_count=0
[PHOTOS_HELPER] status is not_determined, requesting authorization...
[PHOTOS_HELPER] after request authorization status=denied
[PHOTOS_HELPER] not authorized: denied
[PHOTOS_DEBUG] helper_stderr: [PHOTOS_HELPER] status is not_determined, requesting authorization...
[PHOTOS_HELPER] after request authorization status=denied
[PHOTOS_HELPER] not authorized: denied
[PHOTOS_DEBUG] in_process=no photos_helper_path=/Users/yilonglin/NOKI/desktop/target/photos-bin/NokiPhotos.app/Contents/MacOS/noki-photos photos_helper_exists=yes photos_helper_launch_ok=yes photos_auth_status=denied photos_asset_count=0 photos_result_count=0 error=not_authorized
[BROWSER] location=Pictures resolved=/Users/yilonglin/Pictures exists=yes permission=yes raw_count=4 filtered_count=0 image_count=0 error=none
[PHOTOS_DEBUG] pictures_path=/Users/yilonglin/Pictures pictures_file_count=0 raw_count=4 photos_auth_status=denied photos_asset_count=0 photos_result_count=0 total_entries=0
[PHOTOS_DEBUG] in_process=yes photos_auth_status=denied photos_asset_count=0 photos_offset=0 photos_result_count=0
[PHOTOS_HELPER] status is not_determined, requesting authorization...
[PHOTOS_HELPER] after request authorization status=denied
[PHOTOS_HELPER] not authorized: denied
[PHOTOS_DEBUG] helper_stderr: [PHOTOS_HELPER] status is not_determined, requesting authorization...
[PHOTOS_HELPER] after request authorization status=denied
[PHOTOS_HELPER] not authorized: denied
[PHOTOS_DEBUG] in_process=no photos_helper_path=/Users/yilonglin/NOKI/desktop/target/photos-bin/NokiPhotos.app/Contents/MacOS/noki-photos photos_helper_exists=yes photos_helper_launch_ok=yes photos_auth_status=denied photos_asset_count=0 photos_result_count=0 error=not_authorized
[BROWSER] location=Pictures resolved=/Users/yilonglin/Pictures exists=yes permission=yes raw_count=4 filtered_count=0 image_count=0 error=none
[PHOTOS_DEBUG] pictures_path=/Users/yilonglin/Pictures pictures_file_count=0 raw_count=4 photos_auth_status=denied photos_asset_count=0 photos_result_count=0 total_entries=0
[PHOTOS_DEBUG] in_process=yes photos_auth_status=denied photos_asset_count=0 photos_offset=0 photos_result_count=0
[PHOTOS_HELPER] status is not_determined, requesting authorization...
[PHOTOS_HELPER] after request authorization status=denied
[PHOTOS_HELPER] not authorized: denied
[PHOTOS_DEBUG] helper_stderr: [PHOTOS_HELPER] status is not_determined, requesting authorization...
[PHOTOS_HELPER] after request authorization status=denied
[PHOTOS_HELPER] not authorized: denied
[PHOTOS_DEBUG] in_process=no photos_helper_path=/Users/yilonglin/NOKI/desktop/target/photos-bin/NokiPhotos.app/Contents/MacOS/noki-photos photos_helper_exists=yes photos_helper_launch_ok=yes photos_auth_status=denied photos_asset_count=0 photos_result_count=0 error=not_authorized
[BROWSER] location=Pictures resolved=/Users/yilonglin/Pictures exists=yes permission=yes raw_count=4 filtered_count=0 image_count=0 error=none
[PHOTOS_DEBUG] pictures_path=/Users/yilonglin/Pictures pictures_file_count=0 raw_count=4 photos_auth_status=denied photos_asset_count=0 photos_result_count=0 total_entries=0
[PHOTOS_DEBUG] in_process=yes photos_auth_status=denied photos_asset_count=0 photos_offset=0 photos_result_count=0
[PHOTOS_HELPER] status is not_determined, requesting authorization...
[PHOTOS_HELPER] after request authorization status=denied
[PHOTOS_HELPER] not authorized: denied
[PHOTOS_DEBUG] helper_stderr: [PHOTOS_HELPER] status is not_determined, requesting authorization...
[PHOTOS_HELPER] after request authorization status=denied
[PHOTOS_HELPER] not authorized: denied
[PHOTOS_DEBUG] in_process=no photos_helper_path=/Users/yilonglin/NOKI/desktop/target/photos-bin/NokiPhotos.app/Contents/MacOS/noki-photos photos_helper_exists=yes photos_helper_launch_ok=yes photos_auth_status=denied photos_asset_count=0 photos_result_count=0 error=not_authorized
[BROWSER] location=Pictures resolved=/Users/yilonglin/Pictures exists=yes permission=yes raw_count=4 filtered_count=0 image_count=0 error=none
[PHOTOS_DEBUG] pictures_path=/Users/yilonglin/Pictures pictures_file_count=0 raw_count=4 photos_auth_status=denied photos_asset_count=0 photos_result_count=0 total_entries=0
[PHOTOS_DEBUG] in_process=yes photos_auth_status=denied photos_asset_count=0 photos_offset=0 photos_result_count=0
[PHOTOS_HELPER] status is not_determined, requesting authorization...
[PHOTOS_HELPER] after request authorization status=denied
[PHOTOS_HELPER] not authorized: denied
[PHOTOS_DEBUG] helper_stderr: [PHOTOS_HELPER] status is not_determined, requesting authorization...
[PHOTOS_HELPER] after request authorization status=denied
[PHOTOS_HELPER] not authorized: denied
[PHOTOS_DEBUG] in_process=no photos_helper_path=/Users/yilonglin/NOKI/desktop/target/photos-bin/NokiPhotos.app/Contents/MacOS/noki-photos photos_helper_exists=yes photos_helper_launch_ok=yes photos_auth_status=denied photos_asset_count=0 photos_result_count=0 error=not_authorized
[BROWSER] location=Pictures resolved=/Users/yilonglin/Pictures exists=yes permission=yes raw_count=4 filtered_count=0 image_count=0 error=none
[PHOTOS_DEBUG] pictures_path=/Users/yilonglin/Pictures pictures_file_count=0 raw_count=4 photos_auth_status=denied photos_asset_count=0 photos_result_count=0 total_entries=0
[PHOTOS_DEBUG] in_process=yes photos_auth_status=denied photos_asset_count=0 photos_offset=0 photos_result_count=0
[PHOTOS_HELPER] status is not_determined, requesting authorization...
[PHOTOS_HELPER] after request authorization status=denied
[PHOTOS_HELPER] not authorized: denied
[PHOTOS_DEBUG] helper_stderr: [PHOTOS_HELPER] status is not_determined, requesting authorization...
[PHOTOS_HELPER] after request authorization status=denied
[PHOTOS_HELPER] not authorized: denied
[PHOTOS_DEBUG] in_process=no photos_helper_path=/Users/yilonglin/NOKI/desktop/target/photos-bin/NokiPhotos.app/Contents/MacOS/noki-photos photos_helper_exists=yes photos_helper_launch_ok=yes photos_auth_status=denied photos_asset_count=0 photos_result_count=0 error=not_authorized
[BROWSER] location=Pictures resolved=/Users/yilonglin/Pictures exists=yes permission=yes raw_count=4 filtered_count=0 image_count=0 error=none
[PHOTOS_DEBUG] pictures_path=/Users/yilonglin/Pictures pictures_file_count=0 raw_count=4 photos_auth_status=denied photos_asset_count=0 photos_result_count=0 total_entries=0
[PHOTOS_DEBUG] in_process=yes photos_auth_status=denied photos_asset_count=0 photos_offset=0 photos_result_count=0
[PHOTOS_HELPER] status is not_determined, requesting authorization...
[PHOTOS_HELPER] after request authorization status=denied
[PHOTOS_HELPER] not authorized: denied
[PHOTOS_DEBUG] helper_stderr: [PHOTOS_HELPER] status is not_determined, requesting authorization...
[PHOTOS_HELPER] after request authorization status=denied
[PHOTOS_HELPER] not authorized: denied
[PHOTOS_DEBUG] in_process=no photos_helper_path=/Users/yilonglin/NOKI/desktop/target/photos-bin/NokiPhotos.app/Contents/MacOS/noki-photos photos_helper_exists=yes photos_helper_launch_ok=yes photos_auth_status=denied photos_asset_count=0 photos_result_count=0 error=not_authorized
[BROWSER] location=Pictures resolved=/Users/yilonglin/Pictures exists=yes permission=yes raw_count=4 filtered_count=0 image_count=0 error=none
[PHOTOS_DEBUG] pictures_path=/Users/yilonglin/Pictures pictures_file_count=0 raw_count=4 photos_auth_status=denied photos_asset_count=0 photos_result_count=0 total_entries=0
[PHOTOS_DEBUG] in_process=yes photos_auth_status=denied photos_asset_count=0 photos_offset=0 photos_result_count=0
[PHOTOS_HELPER] status is not_determined, requesting authorization...
[PHOTOS_HELPER] after request authorization status=denied
[PHOTOS_HELPER] not authorized: denied
[PHOTOS_DEBUG] helper_stderr: [PHOTOS_HELPER] status is not_determined, requesting authorization...
[PHOTOS_HELPER] after request authorization status=denied
[PHOTOS_HELPER] not authorized: denied
[PHOTOS_DEBUG] in_process=no photos_helper_path=/Users/yilonglin/NOKI/desktop/target/photos-bin/NokiPhotos.app/Contents/MacOS/noki-photos photos_helper_exists=yes photos_helper_launch_ok=yes photos_auth_status=denied photos_asset_count=0 photos_result_count=0 error=not_authorized
[BROWSER] location=Pictures resolved=/Users/yilonglin/Pictures exists=yes permission=yes raw_count=4 filtered_count=0 image_count=0 error=none
[PHOTOS_DEBUG] pictures_path=/Users/yilonglin/Pictures pictures_file_count=0 raw_count=4 photos_auth_status=denied photos_asset_count=0 photos_result_count=0 total_entries=0
[PHOTOS_DEBUG] in_process=yes photos_auth_status=denied photos_asset_count=0 photos_offset=0 photos_result_count=0
[PHOTOS_HELPER] status is not_determined, requesting authorization...
[PHOTOS_HELPER] after request authorization status=denied
[PHOTOS_HELPER] not authorized: denied
[PHOTOS_DEBUG] helper_stderr: [PHOTOS_HELPER] status is not_determined, requesting authorization...
[PHOTOS_HELPER] after request authorization status=denied
[PHOTOS_HELPER] not authorized: denied
[PHOTOS_DEBUG] in_process=no photos_helper_path=/Users/yilonglin/NOKI/desktop/target/photos-bin/NokiPhotos.app/Contents/MacOS/noki-photos photos_helper_exists=yes photos_helper_launch_ok=yes photos_auth_status=denied photos_asset_count=0 photos_result_count=0 error=not_authorized
[BROWSER] location=Pictures resolved=/Users/yilonglin/Pictures exists=yes permission=yes raw_count=4 filtered_count=0 image_count=0 error=none
[PHOTOS_DEBUG] pictures_path=/Users/yilonglin/Pictures pictures_file_count=0 raw_count=4 photos_auth_status=denied photos_asset_count=0 photos_result_count=0 total_entries=0
[PHOTOS_DEBUG] in_process=yes photos_auth_status=denied photos_asset_count=0 photos_offset=0 photos_result_count=0
[PHOTOS_HELPER] status is not_determined, requesting authorization...
[PHOTOS_HELPER] after request authorization status=denied
[PHOTOS_HELPER] not authorized: denied
[PHOTOS_DEBUG] helper_stderr: [PHOTOS_HELPER] status is not_determined, requesting authorization...
[PHOTOS_HELPER] after request authorization status=denied
[PHOTOS_HELPER] not authorized: denied
[PHOTOS_DEBUG] in_process=no photos_helper_path=/Users/yilonglin/NOKI/desktop/target/photos-bin/NokiPhotos.app/Contents/MacOS/noki-photos photos_helper_exists=yes photos_helper_launch_ok=yes photos_auth_status=denied photos_asset_count=0 photos_result_count=0 error=not_authorized
[BROWSER] location=Pictures resolved=/Users/yilonglin/Pictures exists=yes permission=yes raw_count=4 filtered_count=0 image_count=0 error=none
[PHOTOS_DEBUG] pictures_path=/Users/yilonglin/Pictures pictures_file_count=0 raw_count=4 photos_auth_status=denied photos_asset_count=0 photos_result_count=0 total_entries=0
[PHOTOS_DEBUG] in_process=yes photos_auth_status=denied photos_asset_count=0 photos_offset=0 photos_result_count=0
[PHOTOS_HELPER] status is not_determined, requesting authorization...
[PHOTOS_HELPER] after request authorization status=denied
[PHOTOS_HELPER] not authorized: denied
[PHOTOS_DEBUG] helper_stderr: [PHOTOS_HELPER] status is not_determined, requesting authorization...
[PHOTOS_HELPER] after request authorization status=denied
[PHOTOS_HELPER] not authorized: denied
[PHOTOS_DEBUG] in_process=no photos_helper_path=/Users/yilonglin/NOKI/desktop/target/photos-bin/NokiPhotos.app/Contents/MacOS/noki-photos photos_helper_exists=yes photos_helper_launch_ok=yes photos_auth_status=denied photos_asset_count=0 photos_result_count=0 error=not_authorized
[BROWSER] location=Pictures resolved=/Users/yilonglin/Pictures exists=yes permission=yes raw_count=4 filtered_count=0 image_count=0 error=none
[PHOTOS_DEBUG] pictures_path=/Users/yilonglin/Pictures pictures_file_count=0 raw_count=4 photos_auth_status=denied photos_asset_count=0 photos_result_count=0 total_entries=0
[PHOTOS_DEBUG] in_process=yes photos_auth_status=denied photos_asset_count=0 photos_offset=0 photos_result_count=0
[PHOTOS_HELPER] status is not_determined, requesting authorization...
[PHOTOS_HELPER] after request authorization status=denied
[PHOTOS_HELPER] not authorized: denied
[PHOTOS_DEBUG] helper_stderr: [PHOTOS_HELPER] status is not_determined, requesting authorization...
[PHOTOS_HELPER] after request authorization status=denied
[PHOTOS_HELPER] not authorized: denied
[PHOTOS_DEBUG] in_process=no photos_helper_path=/Users/yilonglin/NOKI/desktop/target/photos-bin/NokiPhotos.app/Contents/MacOS/noki-photos photos_helper_exists=yes photos_helper_launch_ok=yes photos_auth_status=denied photos_asset_count=0 photos_result_count=0 error=not_authorized
[BROWSER] location=Pictures resolved=/Users/yilonglin/Pictures exists=yes permission=yes raw_count=4 filtered_count=0 image_count=0 error=none
[PHOTOS_DEBUG] pictures_path=/Users/yilonglin/Pictures pictures_file_count=0 raw_count=4 photos_auth_status=denied photos_asset_count=0 photos_result_count=0 total_entries=0
[PHOTOS_DEBUG] in_process=yes photos_auth_status=denied photos_asset_count=0 photos_offset=0 photos_result_count=0
[PHOTOS_HELPER] status is not_determined, requesting authorization...
[PHOTOS_HELPER] after request authorization status=denied
[PHOTOS_HELPER] not authorized: denied
[PHOTOS_DEBUG] helper_stderr: [PHOTOS_HELPER] status is not_determined, requesting authorization...
[PHOTOS_HELPER] after request authorization status=denied
[PHOTOS_HELPER] not authorized: denied
[PHOTOS_DEBUG] in_process=no photos_helper_path=/Users/yilonglin/NOKI/desktop/target/photos-bin/NokiPhotos.app/Contents/MacOS/noki-photos photos_helper_exists=yes photos_helper_launch_ok=yes photos_auth_status=denied photos_asset_count=0 photos_result_count=0 error=not_authorized
[BROWSER] location=Pictures resolved=/Users/yilonglin/Pictures exists=yes permission=yes raw_count=4 filtered_count=0 image_count=0 error=none
[PHOTOS_DEBUG] pictures_path=/Users/yilonglin/Pictures pictures_file_count=0 raw_count=4 photos_auth_status=denied photos_asset_count=0 photos_result_count=0 total_entries=0
[PHOTOS_DEBUG] in_process=yes photos_auth_status=denied photos_asset_count=0 photos_offset=0 photos_result_count=0
[PHOTOS_HELPER] status is not_determined, requesting authorization...
[PHOTOS_HELPER] after request authorization status=denied
[PHOTOS_HELPER] not authorized: denied
[PHOTOS_DEBUG] helper_stderr: [PHOTOS_HELPER] status is not_determined, requesting authorization...
[PHOTOS_HELPER] after request authorization status=denied
[PHOTOS_HELPER] not authorized: denied
[PHOTOS_DEBUG] in_process=no photos_helper_path=/Users/yilonglin/NOKI/desktop/target/photos-bin/NokiPhotos.app/Contents/MacOS/noki-photos photos_helper_exists=yes photos_helper_launch_ok=yes photos_auth_status=denied photos_asset_count=0 photos_result_count=0 error=not_authorized
[BROWSER] location=Pictures resolved=/Users/yilonglin/Pictures exists=yes permission=yes raw_count=4 filtered_count=0 image_count=0 error=none
[PHOTOS_DEBUG] pictures_path=/Users/yilonglin/Pictures pictures_file_count=0 raw_count=4 photos_auth_status=denied photos_asset_count=0 photos_result_count=0 total_entries=0
[PHOTOS_DEBUG] in_process=yes photos_auth_status=denied photos_asset_count=0 photos_offset=0 photos_result_count=0
[PHOTOS_HELPER] status is not_determined, requesting authorization...
[PHOTOS_HELPER] after request authorization status=denied
[PHOTOS_HELPER] not authorized: denied
[PHOTOS_DEBUG] helper_stderr: [PHOTOS_HELPER] status is not_determined, requesting authorization...
[PHOTOS_HELPER] after request authorization status=denied
[PHOTOS_HELPER] not authorized: denied
[PHOTOS_DEBUG] in_process=no photos_helper_path=/Users/yilonglin/NOKI/desktop/target/photos-bin/NokiPhotos.app/Contents/MacOS/noki-photos photos_helper_exists=yes photos_helper_launch_ok=yes photos_auth_status=denied photos_asset_count=0 photos_result_count=0 error=not_authorized
[BROWSER] location=Pictures resolved=/Users/yilonglin/Pictures exists=yes permission=yes raw_count=4 filtered_count=0 image_count=0 error=none
[PHOTOS_DEBUG] pictures_path=/Users/yilonglin/Pictures pictures_file_count=0 raw_count=4 photos_auth_status=denied photos_asset_count=0 photos_result_count=0 total_entries=0
[PHOTOS_DEBUG] in_process=yes photos_auth_status=denied photos_asset_count=0 photos_offset=0 photos_result_count=0
[PHOTOS_HELPER] status is not_determined, requesting authorization...
[PHOTOS_HELPER] after request authorization status=denied
[PHOTOS_HELPER] not authorized: denied
[PHOTOS_DEBUG] helper_stderr: [PHOTOS_HELPER] status is not_determined, requesting authorization...
[PHOTOS_HELPER] after request authorization status=denied
[PHOTOS_HELPER] not authorized: denied
[PHOTOS_DEBUG] in_process=no photos_helper_path=/Users/yilonglin/NOKI/desktop/target/photos-bin/NokiPhotos.app/Contents/MacOS/noki-photos photos_helper_exists=yes photos_helper_launch_ok=yes photos_auth_status=denied photos_asset_count=0 photos_result_count=0 error=not_authorized
[BROWSER] location=Pictures resolved=/Users/yilonglin/Pictures exists=yes permission=yes raw_count=4 filtered_count=0 image_count=0 error=none
[PHOTOS_DEBUG] pictures_path=/Users/yilonglin/Pictures pictures_file_count=0 raw_count=4 photos_auth_status=denied photos_asset_count=0 photos_result_count=0 total_entries=0
[PHOTOS_DEBUG] in_process=yes photos_auth_status=denied photos_asset_count=0 photos_offset=0 photos_result_count=0
[PHOTOS_HELPER] status is not_determined, requesting authorization...
[PHOTOS_HELPER] after request authorization status=denied
[PHOTOS_HELPER] not authorized: denied
[PHOTOS_DEBUG] helper_stderr: [PHOTOS_HELPER] status is not_determined, requesting authorization...
[PHOTOS_HELPER] after request authorization status=denied
[PHOTOS_HELPER] not authorized: denied
[PHOTOS_DEBUG] in_process=no photos_helper_path=/Users/yilonglin/NOKI/desktop/target/photos-bin/NokiPhotos.app/Contents/MacOS/noki-photos photos_helper_exists=yes photos_helper_launch_ok=yes photos_auth_status=denied photos_asset_count=0 photos_result_count=0 error=not_authorized
[BROWSER] location=Pictures resolved=/Users/yilonglin/Pictures exists=yes permission=yes raw_count=4 filtered_count=0 image_count=0 error=none
[PHOTOS_DEBUG] pictures_path=/Users/yilonglin/Pictures pictures_file_count=0 raw_count=4 photos_auth_status=denied photos_asset_count=0 photos_result_count=0 total_entries=0
[PHOTOS_DEBUG] in_process=yes photos_auth_status=denied photos_asset_count=0 photos_offset=0 photos_result_count=0
[PHOTOS_HELPER] status is not_determined, requesting authorization...
[PHOTOS_HELPER] after request authorization status=denied
[PHOTOS_HELPER] not authorized: denied
[PHOTOS_DEBUG] helper_stderr: [PHOTOS_HELPER] status is not_determined, requesting authorization...
[PHOTOS_HELPER] after request authorization status=denied
[PHOTOS_HELPER] not authorized: denied
[PHOTOS_DEBUG] in_process=no photos_helper_path=/Users/yilonglin/NOKI/desktop/target/photos-bin/NokiPhotos.app/Contents/MacOS/noki-photos photos_helper_exists=yes photos_helper_launch_ok=yes photos_auth_status=denied photos_asset_count=0 photos_result_count=0 error=not_authorized
[BROWSER] location=Pictures resolved=/Users/yilonglin/Pictures exists=yes permission=yes raw_count=4 filtered_count=0 image_count=0 error=none
[PHOTOS_DEBUG] pictures_path=/Users/yilonglin/Pictures pictures_file_count=0 raw_count=4 photos_auth_status=denied photos_asset_count=0 photos_result_count=0 total_entries=0
[PHOTOS_DEBUG] in_process=yes photos_auth_status=denied photos_asset_count=0 photos_offset=0 photos_result_count=0
[PHOTOS_HELPER] status is not_determined, requesting authorization...
[PHOTOS_HELPER] after request authorization status=denied
[PHOTOS_HELPER] not authorized: denied
[PHOTOS_DEBUG] helper_stderr: [PHOTOS_HELPER] status is not_determined, requesting authorization...
[PHOTOS_HELPER] after request authorization status=denied
[PHOTOS_HELPER] not authorized: denied
[PHOTOS_DEBUG] in_process=no photos_helper_path=/Users/yilonglin/NOKI/desktop/target/photos-bin/NokiPhotos.app/Contents/MacOS/noki-photos photos_helper_exists=yes photos_helper_launch_ok=yes photos_auth_status=denied photos_asset_count=0 photos_result_count=0 error=not_authorized
[BROWSER] location=Pictures resolved=/Users/yilonglin/Pictures exists=yes permission=yes raw_count=4 filtered_count=0 image_count=0 error=none
[PHOTOS_DEBUG] pictures_path=/Users/yilonglin/Pictures pictures_file_count=0 raw_count=4 photos_auth_status=denied photos_asset_count=0 photos_result_count=0 total_entries=0
[PHOTOS_DEBUG] in_process=yes photos_auth_status=denied photos_asset_count=0 photos_offset=0 photos_result_count=0
[PHOTOS_HELPER] status is not_determined, requesting authorization...
[PHOTOS_HELPER] after request authorization status=denied
[PHOTOS_HELPER] not authorized: denied
[PHOTOS_DEBUG] helper_stderr: [PHOTOS_HELPER] status is not_determined, requesting authorization...
[PHOTOS_HELPER] after request authorization status=denied
[PHOTOS_HELPER] not authorized: denied
[PHOTOS_DEBUG] in_process=no photos_helper_path=/Users/yilonglin/NOKI/desktop/target/photos-bin/NokiPhotos.app/Contents/MacOS/noki-photos photos_helper_exists=yes photos_helper_launch_ok=yes photos_auth_status=denied photos_asset_count=0 photos_result_count=0 error=not_authorized
[BROWSER] location=Pictures resolved=/Users/yilonglin/Pictures exists=yes permission=yes raw_count=4 filtered_count=0 image_count=0 error=none
[PHOTOS_DEBUG] pictures_path=/Users/yilonglin/Pictures pictures_file_count=0 raw_count=4 photos_auth_status=denied photos_asset_count=0 photos_result_count=0 total_entries=0
[PHOTOS_DEBUG] in_process=yes photos_auth_status=denied photos_asset_count=0 photos_offset=0 photos_result_count=0
[PHOTOS_HELPER] status is not_determined, requesting authorization...
[PHOTOS_HELPER] after request authorization status=denied
[PHOTOS_HELPER] not authorized: denied
[PHOTOS_DEBUG] helper_stderr: [PHOTOS_HELPER] status is not_determined, requesting authorization...
[PHOTOS_HELPER] after request authorization status=denied
[PHOTOS_HELPER] not authorized: denied
[PHOTOS_DEBUG] in_process=no photos_helper_path=/Users/yilonglin/NOKI/desktop/target/photos-bin/NokiPhotos.app/Contents/MacOS/noki-photos photos_helper_exists=yes photos_helper_launch_ok=yes photos_auth_status=denied photos_asset_count=0 photos_result_count=0 error=not_authorized
[BROWSER] location=Pictures resolved=/Users/yilonglin/Pictures exists=yes permission=yes raw_count=4 filtered_count=0 image_count=0 error=none
[PHOTOS_DEBUG] pictures_path=/Users/yilonglin/Pictures pictures_file_count=0 raw_count=4 photos_auth_status=denied photos_asset_count=0 photos_result_count=0 total_entries=0
[PHOTOS_DEBUG] in_process=yes photos_auth_status=denied photos_asset_count=0 photos_offset=0 photos_result_count=0
[PHOTOS_HELPER] status is not_determined, requesting authorization...
[PHOTOS_HELPER] after request authorization status=denied
[PHOTOS_HELPER] not authorized: denied
[PHOTOS_DEBUG] helper_stderr: [PHOTOS_HELPER] status is not_determined, requesting authorization...
[PHOTOS_HELPER] after request authorization status=denied
[PHOTOS_HELPER] not authorized: denied
[PHOTOS_DEBUG] in_process=no photos_helper_path=/Users/yilonglin/NOKI/desktop/target/photos-bin/NokiPhotos.app/Contents/MacOS/noki-photos photos_helper_exists=yes photos_helper_launch_ok=yes photos_auth_status=denied photos_asset_count=0 photos_result_count=0 error=not_authorized
[BROWSER] location=Pictures resolved=/Users/yilonglin/Pictures exists=yes permission=yes raw_count=4 filtered_count=0 image_count=0 error=none
[PHOTOS_DEBUG] pictures_path=/Users/yilonglin/Pictures pictures_file_count=0 raw_count=4 photos_auth_status=denied photos_asset_count=0 photos_result_count=0 total_entries=0
[PHOTOS_DEBUG] in_process=yes photos_auth_status=denied photos_asset_count=0 photos_offset=0 photos_result_count=0
[PHOTOS_HELPER] status is not_determined, requesting authorization...
[PHOTOS_HELPER] after request authorization status=denied
[PHOTOS_HELPER] not authorized: denied
[PHOTOS_DEBUG] helper_stderr: [PHOTOS_HELPER] status is not_determined, requesting authorization...
[PHOTOS_HELPER] after request authorization status=denied
[PHOTOS_HELPER] not authorized: denied
[PHOTOS_DEBUG] in_process=no photos_helper_path=/Users/yilonglin/NOKI/desktop/target/photos-bin/NokiPhotos.app/Contents/MacOS/noki-photos photos_helper_exists=yes photos_helper_launch_ok=yes photos_auth_status=denied photos_asset_count=0 photos_result_count=0 error=not_authorized
[BROWSER] location=Pictures resolved=/Users/yilonglin/Pictures exists=yes permission=yes raw_count=4 filtered_count=0 image_count=0 error=none
[PHOTOS_DEBUG] pictures_path=/Users/yilonglin/Pictures pictures_file_count=0 raw_count=4 photos_auth_status=denied photos_asset_count=0 photos_result_count=0 total_entries=0
[PHOTOS_DEBUG] in_process=yes photos_auth_status=denied photos_asset_count=0 photos_offset=0 photos_result_count=0
[PHOTOS_HELPER] status is not_determined, requesting authorization...
[PHOTOS_HELPER] after request authorization status=denied
[PHOTOS_HELPER] not authorized: denied
[PHOTOS_DEBUG] helper_stderr: [PHOTOS_HELPER] status is not_determined, requesting authorization...
[PHOTOS_HELPER] after request authorization status=denied
[PHOTOS_HELPER] not authorized: denied
[PHOTOS_DEBUG] in_process=no photos_helper_path=/Users/yilonglin/NOKI/desktop/target/photos-bin/NokiPhotos.app/Contents/MacOS/noki-photos photos_helper_exists=yes photos_helper_launch_ok=yes photos_auth_status=denied photos_asset_count=0 photos_result_count=0 error=not_authorized
[BROWSER] location=Pictures resolved=/Users/yilonglin/Pictures exists=yes permission=yes raw_count=4 filtered_count=0 image_count=0 error=none
[PHOTOS_DEBUG] pictures_path=/Users/yilonglin/Pictures pictures_file_count=0 raw_count=4 photos_auth_status=denied photos_asset_count=0 photos_result_count=0 total_entries=0
[PHOTOS_DEBUG] in_process=yes photos_auth_status=denied photos_asset_count=0 photos_offset=0 photos_result_count=0
[PHOTOS_HELPER] status is not_determined, requesting authorization...
[PHOTOS_HELPER] after request authorization status=denied
[PHOTOS_HELPER] not authorized: denied
[PHOTOS_DEBUG] helper_stderr: [PHOTOS_HELPER] status is not_determined, requesting authorization...
[PHOTOS_HELPER] after request authorization status=denied
[PHOTOS_HELPER] not authorized: denied
[PHOTOS_DEBUG] in_process=no photos_helper_path=/Users/yilonglin/NOKI/desktop/target/photos-bin/NokiPhotos.app/Contents/MacOS/noki-photos photos_helper_exists=yes photos_helper_launch_ok=yes photos_auth_status=denied photos_asset_count=0 photos_result_count=0 error=not_authorized
[BROWSER] location=Pictures resolved=/Users/yilonglin/Pictures exists=yes permission=yes raw_count=4 filtered_count=0 image_count=0 error=none
[PHOTOS_DEBUG] pictures_path=/Users/yilonglin/Pictures pictures_file_count=0 raw_count=4 photos_auth_status=denied photos_asset_count=0 photos_result_count=0 total_entries=0
[PHOTOS_DEBUG] in_process=yes photos_auth_status=denied photos_asset_count=0 photos_offset=0 photos_result_count=0
[PHOTOS_HELPER] status is not_determined, requesting authorization...
[PHOTOS_HELPER] after request authorization status=denied
[PHOTOS_HELPER] not authorized: denied
[PHOTOS_DEBUG] helper_stderr: [PHOTOS_HELPER] status is not_determined, requesting authorization...
[PHOTOS_HELPER] after request authorization status=denied
[PHOTOS_HELPER] not authorized: denied
[PHOTOS_DEBUG] in_process=no photos_helper_path=/Users/yilonglin/NOKI/desktop/target/photos-bin/NokiPhotos.app/Contents/MacOS/noki-photos photos_helper_exists=yes photos_helper_launch_ok=yes photos_auth_status=denied photos_asset_count=0 photos_result_count=0 error=not_authorized
[BROWSER] location=Pictures resolved=/Users/yilonglin/Pictures exists=yes permission=yes raw_count=4 filtered_count=0 image_count=0 error=none
[PHOTOS_DEBUG] pictures_path=/Users/yilonglin/Pictures pictures_file_count=0 raw_count=4 photos_auth_status=denied photos_asset_count=0 photos_result_count=0 total_entries=0
[PHOTOS_DEBUG] in_process=yes photos_auth_status=denied photos_asset_count=0 photos_offset=0 photos_result_count=0
[PHOTOS_HELPER] status is not_determined, requesting authorization...
[PHOTOS_HELPER] after request authorization status=denied
[PHOTOS_HELPER] not authorized: denied
[PHOTOS_DEBUG] helper_stderr: [PHOTOS_HELPER] status is not_determined, requesting authorization...
[PHOTOS_HELPER] after request authorization status=denied
[PHOTOS_HELPER] not authorized: denied
[PHOTOS_DEBUG] in_process=no photos_helper_path=/Users/yilonglin/NOKI/desktop/target/photos-bin/NokiPhotos.app/Contents/MacOS/noki-photos photos_helper_exists=yes photos_helper_launch_ok=yes photos_auth_status=denied photos_asset_count=0 photos_result_count=0 error=not_authorized
[BROWSER] location=Pictures resolved=/Users/yilonglin/Pictures exists=yes permission=yes raw_count=4 filtered_count=0 image_count=0 error=none
[PHOTOS_DEBUG] pictures_path=/Users/yilonglin/Pictures pictures_file_count=0 raw_count=4 photos_auth_status=denied photos_asset_count=0 photos_result_count=0 total_entries=0
[PHOTOS_DEBUG] in_process=yes photos_auth_status=denied photos_asset_count=0 photos_offset=0 photos_result_count=0
[PHOTOS_HELPER] status is not_determined, requesting authorization...
[PHOTOS_HELPER] after request authorization status=denied
[PHOTOS_HELPER] not authorized: denied
[PHOTOS_DEBUG] helper_stderr: [PHOTOS_HELPER] status is not_determined, requesting authorization...
[PHOTOS_HELPER] after request authorization status=denied
[PHOTOS_HELPER] not authorized: denied
[PHOTOS_DEBUG] in_process=no photos_helper_path=/Users/yilonglin/NOKI/desktop/target/photos-bin/NokiPhotos.app/Contents/MacOS/noki-photos photos_helper_exists=yes photos_helper_launch_ok=yes photos_auth_status=denied photos_asset_count=0 photos_result_count=0 error=not_authorized
[BROWSER] location=Pictures resolved=/Users/yilonglin/Pictures exists=yes permission=yes raw_count=4 filtered_count=0 image_count=0 error=none
[PHOTOS_DEBUG] pictures_path=/Users/yilonglin/Pictures pictures_file_count=0 raw_count=4 photos_auth_status=denied photos_asset_count=0 photos_result_count=0 total_entries=0
[PHOTOS_DEBUG] in_process=yes photos_auth_status=denied photos_asset_count=0 photos_offset=0 photos_result_count=0
[PHOTOS_HELPER] status is not_determined, requesting authorization...
[PHOTOS_HELPER] after request authorization status=denied
[PHOTOS_HELPER] not authorized: denied
[PHOTOS_DEBUG] helper_stderr: [PHOTOS_HELPER] status is not_determined, requesting authorization...
[PHOTOS_HELPER] after request authorization status=denied
[PHOTOS_HELPER] not authorized: denied
[PHOTOS_DEBUG] in_process=no photos_helper_path=/Users/yilonglin/NOKI/desktop/target/photos-bin/NokiPhotos.app/Contents/MacOS/noki-photos photos_helper_exists=yes photos_helper_launch_ok=yes photos_auth_status=denied photos_asset_count=0 photos_result_count=0 error=not_authorized
[BROWSER] location=Pictures resolved=/Users/yilonglin/Pictures exists=yes permission=yes raw_count=4 filtered_count=0 image_count=0 error=none
[PHOTOS_DEBUG] pictures_path=/Users/yilonglin/Pictures pictures_file_count=0 raw_count=4 photos_auth_status=denied photos_asset_count=0 photos_result_count=0 total_entries=0
[PHOTOS_DEBUG] in_process=yes photos_auth_status=denied photos_asset_count=0 photos_offset=0 photos_result_count=0
[PHOTOS_HELPER] status is not_determined, requesting authorization...
[PHOTOS_HELPER] after request authorization status=denied
[PHOTOS_HELPER] not authorized: denied
[PHOTOS_DEBUG] helper_stderr: [PHOTOS_HELPER] status is not_determined, requesting authorization...
[PHOTOS_HELPER] after request authorization status=denied
[PHOTOS_HELPER] not authorized: denied
[PHOTOS_DEBUG] in_process=no photos_helper_path=/Users/yilonglin/NOKI/desktop/target/photos-bin/NokiPhotos.app/Contents/MacOS/noki-photos photos_helper_exists=yes photos_helper_launch_ok=yes photos_auth_status=denied photos_asset_count=0 photos_result_count=0 error=not_authorized
[BROWSER] location=Pictures resolved=/Users/yilonglin/Pictures exists=yes permission=yes raw_count=4 filtered_count=0 image_count=0 error=none
[PHOTOS_DEBUG] pictures_path=/Users/yilonglin/Pictures pictures_file_count=0 raw_count=4 photos_auth_status=denied photos_asset_count=0 photos_result_count=0 total_entries=0
[PHOTOS_DEBUG] in_process=yes photos_auth_status=denied photos_asset_count=0 photos_offset=0 photos_result_count=0
[PHOTOS_HELPER] status is not_determined, requesting authorization...
[PHOTOS_HELPER] after request authorization status=denied
[PHOTOS_HELPER] not authorized: denied
[PHOTOS_DEBUG] helper_stderr: [PHOTOS_HELPER] status is not_determined, requesting authorization...
[PHOTOS_HELPER] after request authorization status=denied
[PHOTOS_HELPER] not authorized: denied
[PHOTOS_DEBUG] in_process=no photos_helper_path=/Users/yilonglin/NOKI/desktop/target/photos-bin/NokiPhotos.app/Contents/MacOS/noki-photos photos_helper_exists=yes photos_helper_launch_ok=yes photos_auth_status=denied photos_asset_count=0 photos_result_count=0 error=not_authorized
[BROWSER] location=Pictures resolved=/Users/yilonglin/Pictures exists=yes permission=yes raw_count=4 filtered_count=0 image_count=0 error=none
[PHOTOS_DEBUG] pictures_path=/Users/yilonglin/Pictures pictures_file_count=0 raw_count=4 photos_auth_status=denied photos_asset_count=0 photos_result_count=0 total_entries=0
[PHOTOS_DEBUG] in_process=yes photos_auth_status=denied photos_asset_count=0 photos_offset=0 photos_result_count=0
[PHOTOS_HELPER] status is not_determined, requesting authorization...
[PHOTOS_HELPER] after request authorization status=denied
[PHOTOS_HELPER] not authorized: denied
[PHOTOS_DEBUG] helper_stderr: [PHOTOS_HELPER] status is not_determined, requesting authorization...
[PHOTOS_HELPER] after request authorization status=denied
[PHOTOS_HELPER] not authorized: denied
[PHOTOS_DEBUG] in_process=no photos_helper_path=/Users/yilonglin/NOKI/desktop/target/photos-bin/NokiPhotos.app/Contents/MacOS/noki-photos photos_helper_exists=yes photos_helper_launch_ok=yes photos_auth_status=denied photos_asset_count=0 photos_result_count=0 error=not_authorized
[BROWSER] location=Pictures resolved=/Users/yilonglin/Pictures exists=yes permission=yes raw_count=4 filtered_count=0 image_count=0 error=none
[PHOTOS_DEBUG] pictures_path=/Users/yilonglin/Pictures pictures_file_count=0 raw_count=4 photos_auth_status=denied photos_asset_count=0 photos_result_count=0 total_entries=0
[PHOTOS_DEBUG] in_process=yes photos_auth_status=denied photos_asset_count=0 photos_offset=0 photos_result_count=0
[PHOTOS_HELPER] status is not_determined, requesting authorization...
[PHOTOS_HELPER] after request authorization status=denied
[PHOTOS_HELPER] not authorized: denied
[PHOTOS_DEBUG] helper_stderr: [PHOTOS_HELPER] status is not_determined, requesting authorization...
[PHOTOS_HELPER] after request authorization status=denied
[PHOTOS_HELPER] not authorized: denied
[PHOTOS_DEBUG] in_process=no photos_helper_path=/Users/yilonglin/NOKI/desktop/target/photos-bin/NokiPhotos.app/Contents/MacOS/noki-photos photos_helper_exists=yes photos_helper_launch_ok=yes photos_auth_status=denied photos_asset_count=0 photos_result_count=0 error=not_authorized
[BROWSER] location=Pictures resolved=/Users/yilonglin/Pictures exists=yes permission=yes raw_count=4 filtered_count=0 image_count=0 error=none
[PHOTOS_DEBUG] pictures_path=/Users/yilonglin/Pictures pictures_file_count=0 raw_count=4 photos_auth_status=denied photos_asset_count=0 photos_result_count=0 total_entries=0
[PHOTOS_DEBUG] in_process=yes photos_auth_status=denied photos_asset_count=0 photos_offset=0 photos_result_count=0
[PHOTOS_HELPER] status is not_determined, requesting authorization...
[PHOTOS_HELPER] after request authorization status=denied
[PHOTOS_HELPER] not authorized: denied
[PHOTOS_DEBUG] helper_stderr: [PHOTOS_HELPER] status is not_determined, requesting authorization...
[PHOTOS_HELPER] after request authorization status=denied
[PHOTOS_HELPER] not authorized: denied
[PHOTOS_DEBUG] in_process=no photos_helper_path=/Users/yilonglin/NOKI/desktop/target/photos-bin/NokiPhotos.app/Contents/MacOS/noki-photos photos_helper_exists=yes photos_helper_launch_ok=yes photos_auth_status=denied photos_asset_count=0 photos_result_count=0 error=not_authorized
[BROWSER] location=Pictures resolved=/Users/yilonglin/Pictures exists=yes permission=yes raw_count=4 filtered_count=0 image_count=0 error=none
[PHOTOS_DEBUG] pictures_path=/Users/yilonglin/Pictures pictures_file_count=0 raw_count=4 photos_auth_status=denied photos_asset_count=0 photos_result_count=0 total_entries=0
[PHOTOS_DEBUG] in_process=yes photos_auth_status=denied photos_asset_count=0 photos_offset=0 photos_result_count=0
[PHOTOS_HELPER] status is not_determined, requesting authorization...
[PHOTOS_HELPER] after request authorization status=denied
[PHOTOS_HELPER] not authorized: denied
[PHOTOS_DEBUG] helper_stderr: [PHOTOS_HELPER] status is not_determined, requesting authorization...
[PHOTOS_HELPER] after request authorization status=denied
[PHOTOS_HELPER] not authorized: denied
[PHOTOS_DEBUG] in_process=no photos_helper_path=/Users/yilonglin/NOKI/desktop/target/photos-bin/NokiPhotos.app/Contents/MacOS/noki-photos photos_helper_exists=yes photos_helper_launch_ok=yes photos_auth_status=denied photos_asset_count=0 photos_result_count=0 error=not_authorized
[BROWSER] location=Pictures resolved=/Users/yilonglin/Pictures exists=yes permission=yes raw_count=4 filtered_count=0 image_count=0 error=none
[PHOTOS_DEBUG] pictures_path=/Users/yilonglin/Pictures pictures_file_count=0 raw_count=4 photos_auth_status=denied photos_asset_count=0 photos_result_count=0 total_entries=0
[PHOTOS_DEBUG] in_process=yes photos_auth_status=denied photos_asset_count=0 photos_offset=0 photos_result_count=0
[PHOTOS_HELPER] status is not_determined, requesting authorization...
[PHOTOS_HELPER] after request authorization status=denied
[PHOTOS_HELPER] not authorized: denied
[PHOTOS_DEBUG] helper_stderr: [PHOTOS_HELPER] status is not_determined, requesting authorization...
[PHOTOS_HELPER] after request authorization status=denied
[PHOTOS_HELPER] not authorized: denied
[PHOTOS_DEBUG] in_process=no photos_helper_path=/Users/yilonglin/NOKI/desktop/target/photos-bin/NokiPhotos.app/Contents/MacOS/noki-photos photos_helper_exists=yes photos_helper_launch_ok=yes photos_auth_status=denied photos_asset_count=0 photos_result_count=0 error=not_authorized
[BROWSER] location=Pictures resolved=/Users/yilonglin/Pictures exists=yes permission=yes raw_count=4 filtered_count=0 image_count=0 error=none
[PHOTOS_DEBUG] pictures_path=/Users/yilonglin/Pictures pictures_file_count=0 raw_count=4 photos_auth_status=denied photos_asset_count=0 photos_result_count=0 total_entries=0
[PHOTOS_DEBUG] in_process=yes photos_auth_status=denied photos_asset_count=0 photos_offset=0 photos_result_count=0
[PHOTOS_HELPER] status is not_determined, requesting authorization...
[PHOTOS_HELPER] after request authorization status=denied
[PHOTOS_HELPER] not authorized: denied
[PHOTOS_DEBUG] helper_stderr: [PHOTOS_HELPER] status is not_determined, requesting authorization...
[PHOTOS_HELPER] after request authorization status=denied
[PHOTOS_HELPER] not authorized: denied
[PHOTOS_DEBUG] in_process=no photos_helper_path=/Users/yilonglin/NOKI/desktop/target/photos-bin/NokiPhotos.app/Contents/MacOS/noki-photos photos_helper_exists=yes photos_helper_launch_ok=yes photos_auth_status=denied photos_asset_count=0 photos_result_count=0 error=not_authorized
[BROWSER] location=Pictures resolved=/Users/yilonglin/Pictures exists=yes permission=yes raw_count=4 filtered_count=0 image_count=0 error=none
[PHOTOS_DEBUG] pictures_path=/Users/yilonglin/Pictures pictures_file_count=0 raw_count=4 photos_auth_status=denied photos_asset_count=0 photos_result_count=0 total_entries=0
[PHOTOS_DEBUG] in_process=yes photos_auth_status=denied photos_asset_count=0 photos_offset=0 photos_result_count=0
[PHOTOS_HELPER] status is not_determined, requesting authorization...
[PHOTOS_HELPER] after request authorization status=denied
[PHOTOS_HELPER] not authorized: denied
[PHOTOS_DEBUG] helper_stderr: [PHOTOS_HELPER] status is not_determined, requesting authorization...
[PHOTOS_HELPER] after request authorization status=denied
[PHOTOS_HELPER] not authorized: denied
[PHOTOS_DEBUG] in_process=no photos_helper_path=/Users/yilonglin/NOKI/desktop/target/photos-bin/NokiPhotos.app/Contents/MacOS/noki-photos photos_helper_exists=yes photos_helper_launch_ok=yes photos_auth_status=denied photos_asset_count=0 photos_result_count=0 error=not_authorized
[BROWSER] location=Pictures resolved=/Users/yilonglin/Pictures exists=yes permission=yes raw_count=4 filtered_count=0 image_count=0 error=none
[PHOTOS_DEBUG] pictures_path=/Users/yilonglin/Pictures pictures_file_count=0 raw_count=4 photos_auth_status=denied photos_asset_count=0 photos_result_count=0 total_entries=0
[PHOTOS_DEBUG] in_process=yes photos_auth_status=denied photos_asset_count=0 photos_offset=0 photos_result_count=0
[PHOTOS_HELPER] status is not_determined, requesting authorization...
[PHOTOS_HELPER] after request authorization status=denied
[PHOTOS_HELPER] not authorized: denied
[PHOTOS_DEBUG] helper_stderr: [PHOTOS_HELPER] status is not_determined, requesting authorization...
[PHOTOS_HELPER] after request authorization status=denied
[PHOTOS_HELPER] not authorized: denied
[PHOTOS_DEBUG] in_process=no photos_helper_path=/Users/yilonglin/NOKI/desktop/target/photos-bin/NokiPhotos.app/Contents/MacOS/noki-photos photos_helper_exists=yes photos_helper_launch_ok=yes photos_auth_status=denied photos_asset_count=0 photos_result_count=0 error=not_authorized
[BROWSER] location=Pictures resolved=/Users/yilonglin/Pictures exists=yes permission=yes raw_count=4 filtered_count=0 image_count=0 error=none
[PHOTOS_DEBUG] pictures_path=/Users/yilonglin/Pictures pictures_file_count=0 raw_count=4 photos_auth_status=denied photos_asset_count=0 photos_result_count=0 total_entries=0
[PHOTOS_DEBUG] in_process=yes photos_auth_status=denied photos_asset_count=0 photos_offset=0 photos_result_count=0
[PHOTOS_HELPER] status is not_determined, requesting authorization...
[PHOTOS_HELPER] after request authorization status=denied
[PHOTOS_HELPER] not authorized: denied
[PHOTOS_DEBUG] helper_stderr: [PHOTOS_HELPER] status is not_determined, requesting authorization...
[PHOTOS_HELPER] after request authorization status=denied
[PHOTOS_HELPER] not authorized: denied
[PHOTOS_DEBUG] in_process=no photos_helper_path=/Users/yilonglin/NOKI/desktop/target/photos-bin/NokiPhotos.app/Contents/MacOS/noki-photos photos_helper_exists=yes photos_helper_launch_ok=yes photos_auth_status=denied photos_asset_count=0 photos_result_count=0 error=not_authorized
[BROWSER] location=Pictures resolved=/Users/yilonglin/Pictures exists=yes permission=yes raw_count=4 filtered_count=0 image_count=0 error=none
[PHOTOS_DEBUG] pictures_path=/Users/yilonglin/Pictures pictures_file_count=0 raw_count=4 photos_auth_status=denied photos_asset_count=0 photos_result_count=0 total_entries=0
[PHOTOS_DEBUG] in_process=yes photos_auth_status=denied photos_asset_count=0 photos_offset=0 photos_result_count=0
[PHOTOS_HELPER] status is not_determined, requesting authorization...
[PHOTOS_HELPER] after request authorization status=denied
[PHOTOS_HELPER] not authorized: denied
[PHOTOS_DEBUG] helper_stderr: [PHOTOS_HELPER] status is not_determined, requesting authorization...
[PHOTOS_HELPER] after request authorization status=denied
[PHOTOS_HELPER] not authorized: denied
[PHOTOS_DEBUG] in_process=no photos_helper_path=/Users/yilonglin/NOKI/desktop/target/photos-bin/NokiPhotos.app/Contents/MacOS/noki-photos photos_helper_exists=yes photos_helper_launch_ok=yes photos_auth_status=denied photos_asset_count=0 photos_result_count=0 error=not_authorized
[BROWSER] location=Pictures resolved=/Users/yilonglin/Pictures exists=yes permission=yes raw_count=4 filtered_count=0 image_count=0 error=none
[PHOTOS_DEBUG] pictures_path=/Users/yilonglin/Pictures pictures_file_count=0 raw_count=4 photos_auth_status=denied photos_asset_count=0 photos_result_count=0 total_entries=0
[PHOTOS_DEBUG] in_process=yes photos_auth_status=denied photos_asset_count=0 photos_offset=0 photos_result_count=0
[PHOTOS_HELPER] status is not_determined, requesting authorization...
[PHOTOS_HELPER] after request authorization status=denied
[PHOTOS_HELPER] not authorized: denied
[PHOTOS_DEBUG] helper_stderr: [PHOTOS_HELPER] status is not_determined, requesting authorization...
[PHOTOS_HELPER] after request authorization status=denied
[PHOTOS_HELPER] not authorized: denied
[PHOTOS_DEBUG] in_process=no photos_helper_path=/Users/yilonglin/NOKI/desktop/target/photos-bin/NokiPhotos.app/Contents/MacOS/noki-photos photos_helper_exists=yes photos_helper_launch_ok=yes photos_auth_status=denied photos_asset_count=0 photos_result_count=0 error=not_authorized
[BROWSER] location=Pictures resolved=/Users/yilonglin/Pictures exists=yes permission=yes raw_count=4 filtered_count=0 image_count=0 error=none
[PHOTOS_DEBUG] pictures_path=/Users/yilonglin/Pictures pictures_file_count=0 raw_count=4 photos_auth_status=denied photos_asset_count=0 photos_result_count=0 total_entries=0
[PHOTOS_DEBUG] in_process=yes photos_auth_status=denied photos_asset_count=0 photos_offset=0 photos_result_count=0
[PHOTOS_HELPER] status is not_determined, requesting authorization...
[PHOTOS_HELPER] after request authorization status=denied
[PHOTOS_HELPER] not authorized: denied
[PHOTOS_DEBUG] helper_stderr: [PHOTOS_HELPER] status is not_determined, requesting authorization...
[PHOTOS_HELPER] after request authorization status=denied
[PHOTOS_HELPER] not authorized: denied
[PHOTOS_DEBUG] in_process=no photos_helper_path=/Users/yilonglin/NOKI/desktop/target/photos-bin/NokiPhotos.app/Contents/MacOS/noki-photos photos_helper_exists=yes photos_helper_launch_ok=yes photos_auth_status=denied photos_asset_count=0 photos_result_count=0 error=not_authorized
[BROWSER] location=Pictures resolved=/Users/yilonglin/Pictures exists=yes permission=yes raw_count=4 filtered_count=0 image_count=0 error=none
[PHOTOS_DEBUG] pictures_path=/Users/yilonglin/Pictures pictures_file_count=0 raw_count=4 photos_auth_status=denied photos_asset_count=0 photos_result_count=0 total_entries=0
[PHOTOS_DEBUG] in_process=yes photos_auth_status=denied photos_asset_count=0 photos_offset=0 photos_result_count=0
[PHOTOS_HELPER] status is not_determined, requesting authorization...
[PHOTOS_HELPER] after request authorization status=denied
[PHOTOS_HELPER] not authorized: denied
[PHOTOS_DEBUG] helper_stderr: [PHOTOS_HELPER] status is not_determined, requesting authorization...
[PHOTOS_HELPER] after request authorization status=denied
[PHOTOS_HELPER] not authorized: denied
[PHOTOS_DEBUG] in_process=no photos_helper_path=/Users/yilonglin/NOKI/desktop/target/photos-bin/NokiPhotos.app/Contents/MacOS/noki-photos photos_helper_exists=yes photos_helper_launch_ok=yes photos_auth_status=denied photos_asset_count=0 photos_result_count=0 error=not_authorized
[BROWSER] location=Pictures resolved=/Users/yilonglin/Pictures exists=yes permission=yes raw_count=4 filtered_count=0 image_count=0 error=none
[PHOTOS_DEBUG] pictures_path=/Users/yilonglin/Pictures pictures_file_count=0 raw_count=4 photos_auth_status=denied photos_asset_count=0 photos_result_count=0 total_entries=0
[PHOTOS_DEBUG] in_process=yes photos_auth_status=denied photos_asset_count=0 photos_offset=0 photos_result_count=0
[PHOTOS_HELPER] status is not_determined, requesting authorization...
[PHOTOS_HELPER] after request authorization status=denied
[PHOTOS_HELPER] not authorized: denied
[PHOTOS_DEBUG] helper_stderr: [PHOTOS_HELPER] status is not_determined, requesting authorization...
[PHOTOS_HELPER] after request authorization status=denied
[PHOTOS_HELPER] not authorized: denied
[PHOTOS_DEBUG] in_process=no photos_helper_path=/Users/yilonglin/NOKI/desktop/target/photos-bin/NokiPhotos.app/Contents/MacOS/noki-photos photos_helper_exists=yes photos_helper_launch_ok=yes photos_auth_status=denied photos_asset_count=0 photos_result_count=0 error=not_authorized
[BROWSER] location=Pictures resolved=/Users/yilonglin/Pictures exists=yes permission=yes raw_count=4 filtered_count=0 image_count=0 error=none
[PHOTOS_DEBUG] pictures_path=/Users/yilonglin/Pictures pictures_file_count=0 raw_count=4 photos_auth_status=denied photos_asset_count=0 photos_result_count=0 total_entries=0
[PHOTOS_DEBUG] in_process=yes photos_auth_status=denied photos_asset_count=0 photos_offset=0 photos_result_count=0
[PHOTOS_HELPER] status is not_determined, requesting authorization...
[PHOTOS_HELPER] after request authorization status=denied
[PHOTOS_HELPER] not authorized: denied
[PHOTOS_DEBUG] helper_stderr: [PHOTOS_HELPER] status is not_determined, requesting authorization...
[PHOTOS_HELPER] after request authorization status=denied
[PHOTOS_HELPER] not authorized: denied
[PHOTOS_DEBUG] in_process=no photos_helper_path=/Users/yilonglin/NOKI/desktop/target/photos-bin/NokiPhotos.app/Contents/MacOS/noki-photos photos_helper_exists=yes photos_helper_launch_ok=yes photos_auth_status=denied photos_asset_count=0 photos_result_count=0 error=not_authorized
[BROWSER] location=Pictures resolved=/Users/yilonglin/Pictures exists=yes permission=yes raw_count=4 filtered_count=0 image_count=0 error=none
[PHOTOS_DEBUG] pictures_path=/Users/yilonglin/Pictures pictures_file_count=0 raw_count=4 photos_auth_status=denied photos_asset_count=0 photos_result_count=0 total_entries=0
[PHOTOS_DEBUG] in_process=yes photos_auth_status=denied photos_asset_count=0 photos_offset=0 photos_result_count=0
[PHOTOS_HELPER] status is not_determined, requesting authorization...
[PHOTOS_HELPER] after request authorization status=denied
[PHOTOS_HELPER] not authorized: denied
[PHOTOS_DEBUG] helper_stderr: [PHOTOS_HELPER] status is not_determined, requesting authorization...
[PHOTOS_HELPER] after request authorization status=denied
[PHOTOS_HELPER] not authorized: denied
[PHOTOS_DEBUG] in_process=no photos_helper_path=/Users/yilonglin/NOKI/desktop/target/photos-bin/NokiPhotos.app/Contents/MacOS/noki-photos photos_helper_exists=yes photos_helper_launch_ok=yes photos_auth_status=denied photos_asset_count=0 photos_result_count=0 error=not_authorized
[BROWSER] location=Pictures resolved=/Users/yilonglin/Pictures exists=yes permission=yes raw_count=4 filtered_count=0 image_count=0 error=none
[PHOTOS_DEBUG] pictures_path=/Users/yilonglin/Pictures pictures_file_count=0 raw_count=4 photos_auth_status=denied photos_asset_count=0 photos_result_count=0 total_entries=0
[PHOTOS_DEBUG] in_process=yes photos_auth_status=denied photos_asset_count=0 photos_offset=0 photos_result_count=0
[PHOTOS_HELPER] status is not_determined, requesting authorization...
[PHOTOS_HELPER] after request authorization status=denied
[PHOTOS_HELPER] not authorized: denied
[PHOTOS_DEBUG] helper_stderr: [PHOTOS_HELPER] status is not_determined, requesting authorization...
[PHOTOS_HELPER] after request authorization status=denied
[PHOTOS_HELPER] not authorized: denied
[PHOTOS_DEBUG] in_process=no photos_helper_path=/Users/yilonglin/NOKI/desktop/target/photos-bin/NokiPhotos.app/Contents/MacOS/noki-photos photos_helper_exists=yes photos_helper_launch_ok=yes photos_auth_status=denied photos_asset_count=0 photos_result_count=0 error=not_authorized
[BROWSER] location=Pictures resolved=/Users/yilonglin/Pictures exists=yes permission=yes raw_count=4 filtered_count=0 image_count=0 error=none
[PHOTOS_DEBUG] pictures_path=/Users/yilonglin/Pictures pictures_file_count=0 raw_count=4 photos_auth_status=denied photos_asset_count=0 photos_result_count=0 total_entries=0
[PHOTOS_DEBUG] in_process=yes photos_auth_status=denied photos_asset_count=0 photos_offset=0 photos_result_count=0
[PHOTOS_HELPER] status is not_determined, requesting authorization...
[PHOTOS_HELPER] after request authorization status=denied
[PHOTOS_HELPER] not authorized: denied
[PHOTOS_DEBUG] helper_stderr: [PHOTOS_HELPER] status is not_determined, requesting authorization...
[PHOTOS_HELPER] after request authorization status=denied
[PHOTOS_HELPER] not authorized: denied
[PHOTOS_DEBUG] in_process=no photos_helper_path=/Users/yilonglin/NOKI/desktop/target/photos-bin/NokiPhotos.app/Contents/MacOS/noki-photos photos_helper_exists=yes photos_helper_launch_ok=yes photos_auth_status=denied photos_asset_count=0 photos_result_count=0 error=not_authorized
[BROWSER] location=Pictures resolved=/Users/yilonglin/Pictures exists=yes permission=yes raw_count=4 filtered_count=0 image_count=0 error=none
[PHOTOS_DEBUG] pictures_path=/Users/yilonglin/Pictures pictures_file_count=0 raw_count=4 photos_auth_status=denied photos_asset_count=0 photos_result_count=0 total_entries=0
[PHOTOS_DEBUG] in_process=yes photos_auth_status=denied photos_asset_count=0 photos_offset=0 photos_result_count=0
[PHOTOS_HELPER] status is not_determined, requesting authorization...
[PHOTOS_HELPER] after request authorization status=denied
[PHOTOS_HELPER] not authorized: denied
[PHOTOS_DEBUG] helper_stderr: [PHOTOS_HELPER] status is not_determined, requesting authorization...
[PHOTOS_HELPER] after request authorization status=denied
[PHOTOS_HELPER] not authorized: denied
[PHOTOS_DEBUG] in_process=no photos_helper_path=/Users/yilonglin/NOKI/desktop/target/photos-bin/NokiPhotos.app/Contents/MacOS/noki-photos photos_helper_exists=yes photos_helper_launch_ok=yes photos_auth_status=denied photos_asset_count=0 photos_result_count=0 error=not_authorized
[BROWSER] location=Pictures resolved=/Users/yilonglin/Pictures exists=yes permission=yes raw_count=4 filtered_count=0 image_count=0 error=none
[PHOTOS_DEBUG] pictures_path=/Users/yilonglin/Pictures pictures_file_count=0 raw_count=4 photos_auth_status=denied photos_asset_count=0 photos_result_count=0 total_entries=0
[PHOTOS_DEBUG] in_process=yes photos_auth_status=denied photos_asset_count=0 photos_offset=0 photos_result_count=0
[PHOTOS_HELPER] status is not_determined, requesting authorization...
[PHOTOS_HELPER] after request authorization status=denied
[PHOTOS_HELPER] not authorized: denied
[PHOTOS_DEBUG] helper_stderr: [PHOTOS_HELPER] status is not_determined, requesting authorization...
[PHOTOS_HELPER] after request authorization status=denied
[PHOTOS_HELPER] not authorized: denied
[PHOTOS_DEBUG] in_process=no photos_helper_path=/Users/yilonglin/NOKI/desktop/target/photos-bin/NokiPhotos.app/Contents/MacOS/noki-photos photos_helper_exists=yes photos_helper_launch_ok=yes photos_auth_status=denied photos_asset_count=0 photos_result_count=0 error=not_authorized
[BROWSER] location=Pictures resolved=/Users/yilonglin/Pictures exists=yes permission=yes raw_count=4 filtered_count=0 image_count=0 error=none
[PHOTOS_DEBUG] pictures_path=/Users/yilonglin/Pictures pictures_file_count=0 raw_count=4 photos_auth_status=denied photos_asset_count=0 photos_result_count=0 total_entries=0
[PHOTOS_DEBUG] in_process=yes photos_auth_status=denied photos_asset_count=0 photos_offset=0 photos_result_count=0
[PHOTOS_HELPER] status is not_determined, requesting authorization...
[PHOTOS_HELPER] after request authorization status=denied
[PHOTOS_HELPER] not authorized: denied
[PHOTOS_DEBUG] helper_stderr: [PHOTOS_HELPER] status is not_determined, requesting authorization...
[PHOTOS_HELPER] after request authorization status=denied
[PHOTOS_HELPER] not authorized: denied
[PHOTOS_DEBUG] in_process=no photos_helper_path=/Users/yilonglin/NOKI/desktop/target/photos-bin/NokiPhotos.app/Contents/MacOS/noki-photos photos_helper_exists=yes photos_helper_launch_ok=yes photos_auth_status=denied photos_asset_count=0 photos_result_count=0 error=not_authorized
[BROWSER] location=Pictures resolved=/Users/yilonglin/Pictures exists=yes permission=yes raw_count=4 filtered_count=0 image_count=0 error=none
[PHOTOS_DEBUG] pictures_path=/Users/yilonglin/Pictures pictures_file_count=0 raw_count=4 photos_auth_status=denied photos_asset_count=0 photos_result_count=0 total_entries=0
[PHOTOS_DEBUG] in_process=yes photos_auth_status=denied photos_asset_count=0 photos_offset=0 photos_result_count=0
[PHOTOS_HELPER] status is not_determined, requesting authorization...
[PHOTOS_HELPER] after request authorization status=denied
[PHOTOS_HELPER] not authorized: denied
[PHOTOS_DEBUG] helper_stderr: [PHOTOS_HELPER] status is not_determined, requesting authorization...
[PHOTOS_HELPER] after request authorization status=denied
[PHOTOS_HELPER] not authorized: denied
[PHOTOS_DEBUG] in_process=no photos_helper_path=/Users/yilonglin/NOKI/desktop/target/photos-bin/NokiPhotos.app/Contents/MacOS/noki-photos photos_helper_exists=yes photos_helper_launch_ok=yes photos_auth_status=denied photos_asset_count=0 photos_result_count=0 error=not_authorized
[BROWSER] location=Pictures resolved=/Users/yilonglin/Pictures exists=yes permission=yes raw_count=4 filtered_count=0 image_count=0 error=none
[PHOTOS_DEBUG] pictures_path=/Users/yilonglin/Pictures pictures_file_count=0 raw_count=4 photos_auth_status=denied photos_asset_count=0 photos_result_count=0 total_entries=0
[PHOTOS_DEBUG] in_process=yes photos_auth_status=denied photos_asset_count=0 photos_offset=0 photos_result_count=0
[PHOTOS_HELPER] status is not_determined, requesting authorization...
[PHOTOS_HELPER] after request authorization status=denied
[PHOTOS_HELPER] not authorized: denied
[PHOTOS_DEBUG] helper_stderr: [PHOTOS_HELPER] status is not_determined, requesting authorization...
[PHOTOS_HELPER] after request authorization status=denied
[PHOTOS_HELPER] not authorized: denied
[PHOTOS_DEBUG] in_process=no photos_helper_path=/Users/yilonglin/NOKI/desktop/target/photos-bin/NokiPhotos.app/Contents/MacOS/noki-photos photos_helper_exists=yes photos_helper_launch_ok=yes photos_auth_status=denied photos_asset_count=0 photos_result_count=0 error=not_authorized
[BROWSER] location=Pictures resolved=/Users/yilonglin/Pictures exists=yes permission=yes raw_count=4 filtered_count=0 image_count=0 error=none
[PHOTOS_DEBUG] pictures_path=/Users/yilonglin/Pictures pictures_file_count=0 raw_count=4 photos_auth_status=denied photos_asset_count=0 photos_result_count=0 total_entries=0
[PHOTOS_DEBUG] in_process=yes photos_auth_status=denied photos_asset_count=0 photos_offset=0 photos_result_count=0
[PHOTOS_HELPER] status is not_determined, requesting authorization...
[PHOTOS_HELPER] after request authorization status=denied
[PHOTOS_HELPER] not authorized: denied
[PHOTOS_DEBUG] helper_stderr: [PHOTOS_HELPER] status is not_determined, requesting authorization...
[PHOTOS_HELPER] after request authorization status=denied
[PHOTOS_HELPER] not authorized: denied
[PHOTOS_DEBUG] in_process=no photos_helper_path=/Users/yilonglin/NOKI/desktop/target/photos-bin/NokiPhotos.app/Contents/MacOS/noki-photos photos_helper_exists=yes photos_helper_launch_ok=yes photos_auth_status=denied photos_asset_count=0 photos_result_count=0 error=not_authorized
[BROWSER] location=Pictures resolved=/Users/yilonglin/Pictures exists=yes permission=yes raw_count=4 filtered_count=0 image_count=0 error=none
[PHOTOS_DEBUG] pictures_path=/Users/yilonglin/Pictures pictures_file_count=0 raw_count=4 photos_auth_status=denied photos_asset_count=0 photos_result_count=0 total_entries=0
[PHOTOS_DEBUG] in_process=yes photos_auth_status=denied photos_asset_count=0 photos_offset=0 photos_result_count=0
[PHOTOS_HELPER] status is not_determined, requesting authorization...
[PHOTOS_HELPER] after request authorization status=denied
[PHOTOS_HELPER] not authorized: denied
[PHOTOS_DEBUG] helper_stderr: [PHOTOS_HELPER] status is not_determined, requesting authorization...
[PHOTOS_HELPER] after request authorization status=denied
[PHOTOS_HELPER] not authorized: denied
[PHOTOS_DEBUG] in_process=no photos_helper_path=/Users/yilonglin/NOKI/desktop/target/photos-bin/NokiPhotos.app/Contents/MacOS/noki-photos photos_helper_exists=yes photos_helper_launch_ok=yes photos_auth_status=denied photos_asset_count=0 photos_result_count=0 error=not_authorized
[BROWSER] location=Pictures resolved=/Users/yilonglin/Pictures exists=yes permission=yes raw_count=4 filtered_count=0 image_count=0 error=none
[PHOTOS_DEBUG] pictures_path=/Users/yilonglin/Pictures pictures_file_count=0 raw_count=4 photos_auth_status=denied photos_asset_count=0 photos_result_count=0 total_entries=0
[PHOTOS_DEBUG] in_process=yes photos_auth_status=denied photos_asset_count=0 photos_offset=0 photos_result_count=0
[PHOTOS_HELPER] status is not_determined, requesting authorization...
[PHOTOS_HELPER] after request authorization status=denied
[PHOTOS_HELPER] not authorized: denied
[PHOTOS_DEBUG] helper_stderr: [PHOTOS_HELPER] status is not_determined, requesting authorization...
[PHOTOS_HELPER] after request authorization status=denied
[PHOTOS_HELPER] not authorized: denied
[PHOTOS_DEBUG] in_process=no photos_helper_path=/Users/yilonglin/NOKI/desktop/target/photos-bin/NokiPhotos.app/Contents/MacOS/noki-photos photos_helper_exists=yes photos_helper_launch_ok=yes photos_auth_status=denied photos_asset_count=0 photos_result_count=0 error=not_authorized
[BROWSER] location=Pictures resolved=/Users/yilonglin/Pictures exists=yes permission=yes raw_count=4 filtered_count=0 image_count=0 error=none
[PHOTOS_DEBUG] pictures_path=/Users/yilonglin/Pictures pictures_file_count=0 raw_count=4 photos_auth_status=denied photos_asset_count=0 photos_result_count=0 total_entries=0
[PHOTOS_DEBUG] in_process=yes photos_auth_status=denied photos_asset_count=0 photos_offset=0 photos_result_count=0
[PHOTOS_HELPER] status is not_determined, requesting authorization...
[PHOTOS_HELPER] after request authorization status=denied
[PHOTOS_HELPER] not authorized: denied
[PHOTOS_DEBUG] helper_stderr: [PHOTOS_HELPER] status is not_determined, requesting authorization...
[PHOTOS_HELPER] after request authorization status=denied
[PHOTOS_HELPER] not authorized: denied
[PHOTOS_DEBUG] in_process=no photos_helper_path=/Users/yilonglin/NOKI/desktop/target/photos-bin/NokiPhotos.app/Contents/MacOS/noki-photos photos_helper_exists=yes photos_helper_launch_ok=yes photos_auth_status=denied photos_asset_count=0 photos_result_count=0 error=not_authorized
[BROWSER] location=Pictures resolved=/Users/yilonglin/Pictures exists=yes permission=yes raw_count=4 filtered_count=0 image_count=0 error=none
[PHOTOS_DEBUG] pictures_path=/Users/yilonglin/Pictures pictures_file_count=0 raw_count=4 photos_auth_status=denied photos_asset_count=0 photos_result_count=0 total_entries=0
[PHOTOS_DEBUG] in_process=yes photos_auth_status=denied photos_asset_count=0 photos_offset=0 photos_result_count=0
[PHOTOS_HELPER] status is not_determined, requesting authorization...
[PHOTOS_HELPER] after request authorization status=denied
[PHOTOS_HELPER] not authorized: denied
[PHOTOS_DEBUG] helper_stderr: [PHOTOS_HELPER] status is not_determined, requesting authorization...
[PHOTOS_HELPER] after request authorization status=denied
[PHOTOS_HELPER] not authorized: denied
[PHOTOS_DEBUG] in_process=no photos_helper_path=/Users/yilonglin/NOKI/desktop/target/photos-bin/NokiPhotos.app/Contents/MacOS/noki-photos photos_helper_exists=yes photos_helper_launch_ok=yes photos_auth_status=denied photos_asset_count=0 photos_result_count=0 error=not_authorized
[BROWSER] location=Pictures resolved=/Users/yilonglin/Pictures exists=yes permission=yes raw_count=4 filtered_count=0 image_count=0 error=none
[PHOTOS_DEBUG] pictures_path=/Users/yilonglin/Pictures pictures_file_count=0 raw_count=4 photos_auth_status=denied photos_asset_count=0 photos_result_count=0 total_entries=0
[PHOTOS_DEBUG] in_process=yes photos_auth_status=denied photos_asset_count=0 photos_offset=0 photos_result_count=0
[PHOTOS_HELPER] status is not_determined, requesting authorization...
[PHOTOS_HELPER] after request authorization status=denied
[PHOTOS_HELPER] not authorized: denied
[PHOTOS_DEBUG] helper_stderr: [PHOTOS_HELPER] status is not_determined, requesting authorization...
[PHOTOS_HELPER] after request authorization status=denied
[PHOTOS_HELPER] not authorized: denied
[PHOTOS_DEBUG] in_process=no photos_helper_path=/Users/yilonglin/NOKI/desktop/target/photos-bin/NokiPhotos.app/Contents/MacOS/noki-photos photos_helper_exists=yes photos_helper_launch_ok=yes photos_auth_status=denied photos_asset_count=0 photos_result_count=0 error=not_authorized
[BROWSER] location=Pictures resolved=/Users/yilonglin/Pictures exists=yes permission=yes raw_count=4 filtered_count=0 image_count=0 error=none
[PHOTOS_DEBUG] pictures_path=/Users/yilonglin/Pictures pictures_file_count=0 raw_count=4 photos_auth_status=denied photos_asset_count=0 photos_result_count=0 total_entries=0
[PHOTOS_DEBUG] in_process=yes photos_auth_status=denied photos_asset_count=0 photos_offset=0 photos_result_count=0
[PHOTOS_HELPER] status is not_determined, requesting authorization...
[PHOTOS_HELPER] after request authorization status=denied
[PHOTOS_HELPER] not authorized: denied
[PHOTOS_DEBUG] helper_stderr: [PHOTOS_HELPER] status is not_determined, requesting authorization...
[PHOTOS_HELPER] after request authorization status=denied
[PHOTOS_HELPER] not authorized: denied
[PHOTOS_DEBUG] in_process=no photos_helper_path=/Users/yilonglin/NOKI/desktop/target/photos-bin/NokiPhotos.app/Contents/MacOS/noki-photos photos_helper_exists=yes photos_helper_launch_ok=yes photos_auth_status=denied photos_asset_count=0 photos_result_count=0 error=not_authorized
[BROWSER] location=Pictures resolved=/Users/yilonglin/Pictures exists=yes permission=yes raw_count=4 filtered_count=0 image_count=0 error=none
[PHOTOS_DEBUG] pictures_path=/Users/yilonglin/Pictures pictures_file_count=0 raw_count=4 photos_auth_status=denied photos_asset_count=0 photos_result_count=0 total_entries=0
[PHOTOS_DEBUG] in_process=yes photos_auth_status=denied photos_asset_count=0 photos_offset=0 photos_result_count=0
[PHOTOS_HELPER] not authorized: denied
[PHOTOS_DEBUG] helper_stderr: [PHOTOS_HELPER] not authorized: denied
[PHOTOS_DEBUG] in_process=no photos_helper_path=/Users/yilonglin/NOKI/desktop/target/photos-bin/NokiPhotos.app/Contents/MacOS/noki-photos photos_helper_exists=yes photos_helper_launch_ok=yes photos_auth_status=denied photos_asset_count=0 photos_result_count=0 error=not_authorized
[BROWSER] location=Pictures resolved=/Users/yilonglin/Pictures exists=yes permission=yes raw_count=4 filtered_count=0 image_count=0 error=none
[PHOTOS_DEBUG] pictures_path=/Users/yilonglin/Pictures pictures_file_count=0 raw_count=4 photos_auth_status=denied photos_asset_count=0 photos_result_count=0 total_entries=0
[PHOTOS_DEBUG] in_process=yes photos_auth_status=denied photos_asset_count=0 photos_offset=0 photos_result_count=0
[PHOTOS_HELPER] status is not_determined, requesting authorization...
[PHOTOS_HELPER] after request authorization status=denied
[PHOTOS_HELPER] not authorized: denied
[PHOTOS_DEBUG] helper_stderr: [PHOTOS_HELPER] status is not_determined, requesting authorization...
[PHOTOS_HELPER] after request authorization status=denied
[PHOTOS_HELPER] not authorized: denied
[PHOTOS_DEBUG] in_process=no photos_helper_path=/Users/yilonglin/NOKI/desktop/target/photos-bin/NokiPhotos.app/Contents/MacOS/noki-photos photos_helper_exists=yes photos_helper_launch_ok=yes photos_auth_status=denied photos_asset_count=0 photos_result_count=0 error=not_authorized
[BROWSER] location=Pictures resolved=/Users/yilonglin/Pictures exists=yes permission=yes raw_count=4 filtered_count=0 image_count=0 error=none
[PHOTOS_DEBUG] pictures_path=/Users/yilonglin/Pictures pictures_file_count=0 raw_count=4 photos_auth_status=denied photos_asset_count=0 photos_result_count=0 total_entries=0
[PHOTOS_DEBUG] in_process=yes photos_auth_status=denied photos_asset_count=0 photos_offset=0 photos_result_count=0
[PHOTOS_DEBUG] in_process=yes photos_auth_status=denied photos_asset_count=0 photos_offset=0 photos_result_count=0
[PHOTOS_HELPER] status is not_determined, requesting authorization...
[PHOTOS_HELPER] status is not_determined, requesting authorization...
[PHOTOS_HELPER] after request authorization status=denied
[PHOTOS_HELPER] not authorized: denied
[PHOTOS_HELPER] after request authorization status=denied
[PHOTOS_DEBUG] helper_stderr: [PHOTOS_HELPER] status is not_determined, requesting authorization...
[PHOTOS_HELPER] after request authorization status=denied
[PHOTOS_HELPER] not authorized: denied
[PHOTOS_HELPER] not authorized: denied
[PHOTOS_DEBUG] in_process=no photos_helper_path=/Users/yilonglin/NOKI/desktop/target/photos-bin/NokiPhotos.app/Contents/MacOS/noki-photos photos_helper_exists=yes photos_helper_launch_ok=yes photos_auth_status=denied photos_asset_count=0 photos_result_count=0 error=not_authorized
[BROWSER] location=Pictures resolved=/Users/yilonglin/Pictures exists=yes permission=yes raw_count=4 filtered_count=0 image_count=0 error=none
[PHOTOS_DEBUG] pictures_path=/Users/yilonglin/Pictures pictures_file_count=0 raw_count=4 photos_auth_status=denied photos_asset_count=0 photos_result_count=0 total_entries=0
[PHOTOS_DEBUG] helper_stderr: [PHOTOS_HELPER] status is not_determined, requesting authorization...
[PHOTOS_HELPER] after request authorization status=denied
[PHOTOS_HELPER] not authorized: denied
[PHOTOS_DEBUG] in_process=no photos_helper_path=/Users/yilonglin/NOKI/desktop/target/photos-bin/NokiPhotos.app/Contents/MacOS/noki-photos photos_helper_exists=yes photos_helper_launch_ok=yes photos_auth_status=denied photos_asset_count=0 photos_result_count=0 error=not_authorized
[BROWSER] location=Pictures resolved=/Users/yilonglin/Pictures exists=yes permission=yes raw_count=4 filtered_count=0 image_count=0 error=none
[PHOTOS_DEBUG] pictures_path=/Users/yilonglin/Pictures pictures_file_count=0 raw_count=4 photos_auth_status=denied photos_asset_count=0 photos_result_count=0 total_entries=0
[PHOTOS_DEBUG] in_process=yes photos_auth_status=denied photos_asset_count=0 photos_offset=0 photos_result_count=0
[PHOTOS_HELPER] status is not_determined, requesting authorization...
[PHOTOS_HELPER] after request authorization status=denied
[PHOTOS_HELPER] not authorized: denied
[PHOTOS_DEBUG] helper_stderr: [PHOTOS_HELPER] status is not_determined, requesting authorization...
[PHOTOS_HELPER] after request authorization status=denied
[PHOTOS_HELPER] not authorized: denied
[PHOTOS_DEBUG] in_process=no photos_helper_path=/Users/yilonglin/NOKI/desktop/target/photos-bin/NokiPhotos.app/Contents/MacOS/noki-photos photos_helper_exists=yes photos_helper_launch_ok=yes photos_auth_status=denied photos_asset_count=0 photos_result_count=0 error=not_authorized
[BROWSER] location=Pictures resolved=/Users/yilonglin/Pictures exists=yes permission=yes raw_count=4 filtered_count=0 image_count=0 error=none
[PHOTOS_DEBUG] pictures_path=/Users/yilonglin/Pictures pictures_file_count=0 raw_count=4 photos_auth_status=denied photos_asset_count=0 photos_result_count=0 total_entries=0
[PHOTOS_DEBUG] in_process=yes photos_auth_status=denied photos_asset_count=0 photos_offset=0 photos_result_count=0
[PHOTOS_HELPER] status is not_determined, requesting authorization...
[PHOTOS_HELPER] after request authorization status=denied
[PHOTOS_HELPER] not authorized: denied
[PHOTOS_DEBUG] helper_stderr: [PHOTOS_HELPER] status is not_determined, requesting authorization...
[PHOTOS_HELPER] after request authorization status=denied
[PHOTOS_HELPER] not authorized: denied
[PHOTOS_DEBUG] in_process=no photos_helper_path=/Users/yilonglin/NOKI/desktop/target/photos-bin/NokiPhotos.app/Contents/MacOS/noki-photos photos_helper_exists=yes photos_helper_launch_ok=yes photos_auth_status=denied photos_asset_count=0 photos_result_count=0 error=not_authorized
[BROWSER] location=Pictures resolved=/Users/yilonglin/Pictures exists=yes permission=yes raw_count=4 filtered_count=0 image_count=0 error=none
[PHOTOS_DEBUG] pictures_path=/Users/yilonglin/Pictures pictures_file_count=0 raw_count=4 photos_auth_status=denied photos_asset_count=0 photos_result_count=0 total_entries=0
[PHOTOS_DEBUG] in_process=yes photos_auth_status=denied photos_asset_count=0 photos_offset=0 photos_result_count=0
[PHOTOS_HELPER] status is not_determined, requesting authorization...
[PHOTOS_HELPER] after request authorization status=denied
[PHOTOS_HELPER] not authorized: denied
[PHOTOS_DEBUG] helper_stderr: [PHOTOS_HELPER] status is not_determined, requesting authorization...
[PHOTOS_HELPER] after request authorization status=denied
[PHOTOS_HELPER] not authorized: denied
[PHOTOS_DEBUG] in_process=no photos_helper_path=/Users/yilonglin/NOKI/desktop/target/photos-bin/NokiPhotos.app/Contents/MacOS/noki-photos photos_helper_exists=yes photos_helper_launch_ok=yes photos_auth_status=denied photos_asset_count=0 photos_result_count=0 error=not_authorized
[BROWSER] location=Pictures resolved=/Users/yilonglin/Pictures exists=yes permission=yes raw_count=4 filtered_count=0 image_count=0 error=none
[PHOTOS_DEBUG] pictures_path=/Users/yilonglin/Pictures pictures_file_count=0 raw_count=4 photos_auth_status=denied photos_asset_count=0 photos_result_count=0 total_entries=0
[PHOTOS_DEBUG] in_process=yes photos_auth_status=denied photos_asset_count=0 photos_offset=0 photos_result_count=0
[PHOTOS_HELPER] status is not_determined, requesting authorization...
[PHOTOS_HELPER] after request authorization status=denied
[PHOTOS_HELPER] not authorized: denied
[PHOTOS_DEBUG] helper_stderr: [PHOTOS_HELPER] status is not_determined, requesting authorization...
[PHOTOS_HELPER] after request authorization status=denied
[PHOTOS_HELPER] not authorized: denied
[PHOTOS_DEBUG] in_process=no photos_helper_path=/Users/yilonglin/NOKI/desktop/target/photos-bin/NokiPhotos.app/Contents/MacOS/noki-photos photos_helper_exists=yes photos_helper_launch_ok=yes photos_auth_status=denied photos_asset_count=0 photos_result_count=0 error=not_authorized
[BROWSER] location=Pictures resolved=/Users/yilonglin/Pictures exists=yes permission=yes raw_count=4 filtered_count=0 image_count=0 error=none
[PHOTOS_DEBUG] pictures_path=/Users/yilonglin/Pictures pictures_file_count=0 raw_count=4 photos_auth_status=denied photos_asset_count=0 photos_result_count=0 total_entries=0
[PHOTOS_DEBUG] in_process=yes photos_auth_status=denied photos_asset_count=0 photos_offset=0 photos_result_count=0
[PHOTOS_HELPER] status is not_determined, requesting authorization...
[PHOTOS_HELPER] after request authorization status=denied
[PHOTOS_HELPER] not authorized: denied
[PHOTOS_DEBUG] helper_stderr: [PHOTOS_HELPER] status is not_determined, requesting authorization...
[PHOTOS_HELPER] after request authorization status=denied
[PHOTOS_HELPER] not authorized: denied
[PHOTOS_DEBUG] in_process=no photos_helper_path=/Users/yilonglin/NOKI/desktop/target/photos-bin/NokiPhotos.app/Contents/MacOS/noki-photos photos_helper_exists=yes photos_helper_launch_ok=yes photos_auth_status=denied photos_asset_count=0 photos_result_count=0 error=not_authorized
[BROWSER] location=Pictures resolved=/Users/yilonglin/Pictures exists=yes permission=yes raw_count=4 filtered_count=0 image_count=0 error=none
[PHOTOS_DEBUG] pictures_path=/Users/yilonglin/Pictures pictures_file_count=0 raw_count=4 photos_auth_status=denied photos_asset_count=0 photos_result_count=0 total_entries=0
[PHOTOS_DEBUG] in_process=yes photos_auth_status=denied photos_asset_count=0 photos_offset=0 photos_result_count=0
[PHOTOS_HELPER] status is not_determined, requesting authorization...
[PHOTOS_HELPER] after request authorization status=denied
[PHOTOS_HELPER] not authorized: denied
[PHOTOS_DEBUG] helper_stderr: [PHOTOS_HELPER] status is not_determined, requesting authorization...
[PHOTOS_HELPER] after request authorization status=denied
[PHOTOS_HELPER] not authorized: denied
[PHOTOS_DEBUG] in_process=no photos_helper_path=/Users/yilonglin/NOKI/desktop/target/photos-bin/NokiPhotos.app/Contents/MacOS/noki-photos photos_helper_exists=yes photos_helper_launch_ok=yes photos_auth_status=denied photos_asset_count=0 photos_result_count=0 error=not_authorized
[BROWSER] location=Pictures resolved=/Users/yilonglin/Pictures exists=yes permission=yes raw_count=4 filtered_count=0 image_count=0 error=none
[PHOTOS_DEBUG] pictures_path=/Users/yilonglin/Pictures pictures_file_count=0 raw_count=4 photos_auth_status=denied photos_asset_count=0 photos_result_count=0 total_entries=0
[PHOTOS_DEBUG] in_process=yes photos_auth_status=denied photos_asset_count=0 photos_offset=0 photos_result_count=0
[PHOTOS_HELPER] status is not_determined, requesting authorization...
[PHOTOS_HELPER] after request authorization status=denied
[PHOTOS_HELPER] not authorized: denied
[PHOTOS_DEBUG] helper_stderr: [PHOTOS_HELPER] status is not_determined, requesting authorization...
[PHOTOS_HELPER] after request authorization status=denied
[PHOTOS_HELPER] not authorized: denied
[PHOTOS_DEBUG] in_process=no photos_helper_path=/Users/yilonglin/NOKI/desktop/target/photos-bin/NokiPhotos.app/Contents/MacOS/noki-photos photos_helper_exists=yes photos_helper_launch_ok=yes photos_auth_status=denied photos_asset_count=0 photos_result_count=0 error=not_authorized
[BROWSER] location=Pictures resolved=/Users/yilonglin/Pictures exists=yes permission=yes raw_count=4 filtered_count=0 image_count=0 error=none
[PHOTOS_DEBUG] pictures_path=/Users/yilonglin/Pictures pictures_file_count=0 raw_count=4 photos_auth_status=denied photos_asset_count=0 photos_result_count=0 total_entries=0
[PHOTOS_DEBUG] in_process=yes photos_auth_status=denied photos_asset_count=0 photos_offset=0 photos_result_count=0
[PHOTOS_HELPER] status is not_determined, requesting authorization...
[PHOTOS_HELPER] after request authorization status=denied
[PHOTOS_HELPER] not authorized: denied
[PHOTOS_DEBUG] helper_stderr: [PHOTOS_HELPER] status is not_determined, requesting authorization...
[PHOTOS_HELPER] after request authorization status=denied
[PHOTOS_HELPER] not authorized: denied
[PHOTOS_DEBUG] in_process=no photos_helper_path=/Users/yilonglin/NOKI/desktop/target/photos-bin/NokiPhotos.app/Contents/MacOS/noki-photos photos_helper_exists=yes photos_helper_launch_ok=yes photos_auth_status=denied photos_asset_count=0 photos_result_count=0 error=not_authorized
[BROWSER] location=Pictures resolved=/Users/yilonglin/Pictures exists=yes permission=yes raw_count=4 filtered_count=0 image_count=0 error=none
[PHOTOS_DEBUG] pictures_path=/Users/yilonglin/Pictures pictures_file_count=0 raw_count=4 photos_auth_status=denied photos_asset_count=0 photos_result_count=0 total_entries=0
[PHOTOS_DEBUG] in_process=yes photos_auth_status=denied photos_asset_count=0 photos_offset=0 photos_result_count=0
[PHOTOS_HELPER] status is not_determined, requesting authorization...
[PHOTOS_HELPER] after request authorization status=denied
[PHOTOS_HELPER] not authorized: denied
[PHOTOS_DEBUG] helper_stderr: [PHOTOS_HELPER] status is not_determined, requesting authorization...
[PHOTOS_HELPER] after request authorization status=denied
[PHOTOS_HELPER] not authorized: denied
[PHOTOS_DEBUG] in_process=no photos_helper_path=/Users/yilonglin/NOKI/desktop/target/photos-bin/NokiPhotos.app/Contents/MacOS/noki-photos photos_helper_exists=yes photos_helper_launch_ok=yes photos_auth_status=denied photos_asset_count=0 photos_result_count=0 error=not_authorized
[BROWSER] location=Pictures resolved=/Users/yilonglin/Pictures exists=yes permission=yes raw_count=4 filtered_count=0 image_count=0 error=none
[PHOTOS_DEBUG] pictures_path=/Users/yilonglin/Pictures pictures_file_count=0 raw_count=4 photos_auth_status=denied photos_asset_count=0 photos_result_count=0 total_entries=0
[PHOTOS_DEBUG] in_process=yes photos_auth_status=denied photos_asset_count=0 photos_offset=0 photos_result_count=0
[PHOTOS_HELPER] status is not_determined, requesting authorization...
[PHOTOS_HELPER] after request authorization status=denied
[PHOTOS_HELPER] not authorized: denied
[PHOTOS_DEBUG] helper_stderr: [PHOTOS_HELPER] status is not_determined, requesting authorization...
[PHOTOS_HELPER] after request authorization status=denied
[PHOTOS_HELPER] not authorized: denied
[PHOTOS_DEBUG] in_process=no photos_helper_path=/Users/yilonglin/NOKI/desktop/target/photos-bin/NokiPhotos.app/Contents/MacOS/noki-photos photos_helper_exists=yes photos_helper_launch_ok=yes photos_auth_status=denied photos_asset_count=0 photos_result_count=0 error=not_authorized
[BROWSER] location=Pictures resolved=/Users/yilonglin/Pictures exists=yes permission=yes raw_count=4 filtered_count=0 image_count=0 error=none
[PHOTOS_DEBUG] pictures_path=/Users/yilonglin/Pictures pictures_file_count=0 raw_count=4 photos_auth_status=denied photos_asset_count=0 photos_result_count=0 total_entries=0
[PHOTOS_DEBUG] in_process=yes photos_auth_status=denied photos_asset_count=0 photos_offset=0 photos_result_count=0
[PHOTOS_HELPER] not authorized: denied
[PHOTOS_DEBUG] helper_stderr: [PHOTOS_HELPER] not authorized: denied
[PHOTOS_DEBUG] in_process=no photos_helper_path=/Users/yilonglin/NOKI/desktop/target/photos-bin/NokiPhotos.app/Contents/MacOS/noki-photos photos_helper_exists=yes photos_helper_launch_ok=yes photos_auth_status=denied photos_asset_count=0 photos_result_count=0 error=not_authorized
[BROWSER] location=Pictures resolved=/Users/yilonglin/Pictures exists=yes permission=yes raw_count=4 filtered_count=0 image_count=0 error=none
[PHOTOS_DEBUG] pictures_path=/Users/yilonglin/Pictures pictures_file_count=0 raw_count=4 photos_auth_status=denied photos_asset_count=0 photos_result_count=0 total_entries=0
[PHOTOS_DEBUG] in_process=yes photos_auth_status=denied photos_asset_count=0 photos_offset=0 photos_result_count=0
[PHOTOS_HELPER] status is not_determined, requesting authorization...
[PHOTOS_HELPER] after request authorization status=denied
[PHOTOS_HELPER] not authorized: denied
[PHOTOS_DEBUG] helper_stderr: [PHOTOS_HELPER] status is not_determined, requesting authorization...
[PHOTOS_HELPER] after request authorization status=denied
[PHOTOS_HELPER] not authorized: denied
[PHOTOS_DEBUG] in_process=no photos_helper_path=/Users/yilonglin/NOKI/desktop/target/photos-bin/NokiPhotos.app/Contents/MacOS/noki-photos photos_helper_exists=yes photos_helper_launch_ok=yes photos_auth_status=denied photos_asset_count=0 photos_result_count=0 error=not_authorized
[BROWSER] location=Pictures resolved=/Users/yilonglin/Pictures exists=yes permission=yes raw_count=4 filtered_count=0 image_count=0 error=none
[PHOTOS_DEBUG] pictures_path=/Users/yilonglin/Pictures pictures_file_count=0 raw_count=4 photos_auth_status=denied photos_asset_count=0 photos_result_count=0 total_entries=0
[PHOTOS_DEBUG] in_process=yes photos_auth_status=denied photos_asset_count=0 photos_offset=0 photos_result_count=0
[PHOTOS_HELPER] status is not_determined, requesting authorization...
[PHOTOS_HELPER] after request authorization status=denied
[PHOTOS_HELPER] not authorized: denied
[PHOTOS_DEBUG] helper_stderr: [PHOTOS_HELPER] status is not_determined, requesting authorization...
[PHOTOS_HELPER] after request authorization status=denied
[PHOTOS_HELPER] not authorized: denied
[PHOTOS_DEBUG] in_process=no photos_helper_path=/Users/yilonglin/NOKI/desktop/target/photos-bin/NokiPhotos.app/Contents/MacOS/noki-photos photos_helper_exists=yes photos_helper_launch_ok=yes photos_auth_status=denied photos_asset_count=0 photos_result_count=0 error=not_authorized
[BROWSER] location=Pictures resolved=/Users/yilonglin/Pictures exists=yes permission=yes raw_count=4 filtered_count=0 image_count=0 error=none
[PHOTOS_DEBUG] pictures_path=/Users/yilonglin/Pictures pictures_file_count=0 raw_count=4 photos_auth_status=denied photos_asset_count=0 photos_result_count=0 total_entries=0
[PHOTOS_DEBUG] in_process=yes photos_auth_status=denied photos_asset_count=0 photos_offset=0 photos_result_count=0
[PHOTOS_HELPER] status is not_determined, requesting authorization...
[PHOTOS_HELPER] after request authorization status=denied
[PHOTOS_HELPER] not authorized: denied
[PHOTOS_DEBUG] helper_stderr: [PHOTOS_HELPER] status is not_determined, requesting authorization...
[PHOTOS_HELPER] after request authorization status=denied
[PHOTOS_HELPER] not authorized: denied
[PHOTOS_DEBUG] in_process=no photos_helper_path=/Users/yilonglin/NOKI/desktop/target/photos-bin/NokiPhotos.app/Contents/MacOS/noki-photos photos_helper_exists=yes photos_helper_launch_ok=yes photos_auth_status=denied photos_asset_count=0 photos_result_count=0 error=not_authorized
[BROWSER] location=Pictures resolved=/Users/yilonglin/Pictures exists=yes permission=yes raw_count=4 filtered_count=0 image_count=0 error=none
[PHOTOS_DEBUG] pictures_path=/Users/yilonglin/Pictures pictures_file_count=0 raw_count=4 photos_auth_status=denied photos_asset_count=0 photos_result_count=0 total_entries=0
[PHOTOS_DEBUG] in_process=yes photos_auth_status=denied photos_asset_count=0 photos_offset=0 photos_result_count=0
[PHOTOS_HELPER] status is not_determined, requesting authorization...
[PHOTOS_HELPER] after request authorization status=denied
[PHOTOS_HELPER] not authorized: denied
[PHOTOS_DEBUG] helper_stderr: [PHOTOS_HELPER] status is not_determined, requesting authorization...
[PHOTOS_HELPER] after request authorization status=denied
[PHOTOS_HELPER] not authorized: denied
[PHOTOS_DEBUG] in_process=no photos_helper_path=/Users/yilonglin/NOKI/desktop/target/photos-bin/NokiPhotos.app/Contents/MacOS/noki-photos photos_helper_exists=yes photos_helper_launch_ok=yes photos_auth_status=denied photos_asset_count=0 photos_result_count=0 error=not_authorized
[BROWSER] location=Pictures resolved=/Users/yilonglin/Pictures exists=yes permission=yes raw_count=4 filtered_count=0 image_count=0 error=none
[PHOTOS_DEBUG] pictures_path=/Users/yilonglin/Pictures pictures_file_count=0 raw_count=4 photos_auth_status=denied photos_asset_count=0 photos_result_count=0 total_entries=0
[PHOTOS_DEBUG] in_process=yes photos_auth_status=denied photos_asset_count=0 photos_offset=0 photos_result_count=0
[PHOTOS_HELPER] status is not_determined, requesting authorization...
[PHOTOS_HELPER] after request authorization status=denied
[PHOTOS_HELPER] not authorized: denied
[PHOTOS_DEBUG] helper_stderr: [PHOTOS_HELPER] status is not_determined, requesting authorization...
[PHOTOS_HELPER] after request authorization status=denied
[PHOTOS_HELPER] not authorized: denied
[PHOTOS_DEBUG] in_process=no photos_helper_path=/Users/yilonglin/NOKI/desktop/target/photos-bin/NokiPhotos.app/Contents/MacOS/noki-photos photos_helper_exists=yes photos_helper_launch_ok=yes photos_auth_status=denied photos_asset_count=0 photos_result_count=0 error=not_authorized
[BROWSER] location=Pictures resolved=/Users/yilonglin/Pictures exists=yes permission=yes raw_count=4 filtered_count=0 image_count=0 error=none
[PHOTOS_DEBUG] pictures_path=/Users/yilonglin/Pictures pictures_file_count=0 raw_count=4 photos_auth_status=denied photos_asset_count=0 photos_result_count=0 total_entries=0
[PHOTOS_DEBUG] in_process=yes photos_auth_status=denied photos_asset_count=0 photos_offset=0 photos_result_count=0
[PHOTOS_HELPER] status is not_determined, requesting authorization...
[PHOTOS_HELPER] after request authorization status=denied
[PHOTOS_HELPER] not authorized: denied
[PHOTOS_DEBUG] helper_stderr: [PHOTOS_HELPER] status is not_determined, requesting authorization...
[PHOTOS_HELPER] after request authorization status=denied
[PHOTOS_HELPER] not authorized: denied
[PHOTOS_DEBUG] in_process=no photos_helper_path=/Users/yilonglin/NOKI/desktop/target/photos-bin/NokiPhotos.app/Contents/MacOS/noki-photos photos_helper_exists=yes photos_helper_launch_ok=yes photos_auth_status=denied photos_asset_count=0 photos_result_count=0 error=not_authorized
[BROWSER] location=Pictures resolved=/Users/yilonglin/Pictures exists=yes permission=yes raw_count=4 filtered_count=0 image_count=0 error=none
[PHOTOS_DEBUG] pictures_path=/Users/yilonglin/Pictures pictures_file_count=0 raw_count=4 photos_auth_status=denied photos_asset_count=0 photos_result_count=0 total_entries=0
[PHOTOS_DEBUG] in_process=yes photos_auth_status=denied photos_asset_count=0 photos_offset=0 photos_result_count=0
[PHOTOS_HELPER] status is not_determined, requesting authorization...
[PHOTOS_HELPER] after request authorization status=denied
[PHOTOS_HELPER] not authorized: denied
[PHOTOS_DEBUG] helper_stderr: [PHOTOS_HELPER] status is not_determined, requesting authorization...
[PHOTOS_HELPER] after request authorization status=denied
[PHOTOS_HELPER] not authorized: denied
[PHOTOS_DEBUG] in_process=no photos_helper_path=/Users/yilonglin/NOKI/desktop/target/photos-bin/NokiPhotos.app/Contents/MacOS/noki-photos photos_helper_exists=yes photos_helper_launch_ok=yes photos_auth_status=denied photos_asset_count=0 photos_result_count=0 error=not_authorized
[BROWSER] location=Pictures resolved=/Users/yilonglin/Pictures exists=yes permission=yes raw_count=4 filtered_count=0 image_count=0 error=none
[PHOTOS_DEBUG] pictures_path=/Users/yilonglin/Pictures pictures_file_count=0 raw_count=4 photos_auth_status=denied photos_asset_count=0 photos_result_count=0 total_entries=0
[PHOTOS_DEBUG] in_process=yes photos_auth_status=denied photos_asset_count=0 photos_offset=0 photos_result_count=0
[PHOTOS_HELPER] status is not_determined, requesting authorization...
[PHOTOS_HELPER] after request authorization status=denied
[PHOTOS_HELPER] not authorized: denied
[PHOTOS_DEBUG] helper_stderr: [PHOTOS_HELPER] status is not_determined, requesting authorization...
[PHOTOS_HELPER] after request authorization status=denied
[PHOTOS_HELPER] not authorized: denied
[PHOTOS_DEBUG] in_process=no photos_helper_path=/Users/yilonglin/NOKI/desktop/target/photos-bin/NokiPhotos.app/Contents/MacOS/noki-photos photos_helper_exists=yes photos_helper_launch_ok=yes photos_auth_status=denied photos_asset_count=0 photos_result_count=0 error=not_authorized
[BROWSER] location=Pictures resolved=/Users/yilonglin/Pictures exists=yes permission=yes raw_count=4 filtered_count=0 image_count=0 error=none
[PHOTOS_DEBUG] pictures_path=/Users/yilonglin/Pictures pictures_file_count=0 raw_count=4 photos_auth_status=denied photos_asset_count=0 photos_result_count=0 total_entries=0
[PHOTOS_DEBUG] in_process=yes photos_auth_status=denied photos_asset_count=0 photos_offset=0 photos_result_count=0
[PHOTOS_HELPER] status is not_determined, requesting authorization...
[PHOTOS_HELPER] after request authorization status=denied
[PHOTOS_HELPER] not authorized: denied
[PHOTOS_DEBUG] helper_stderr: [PHOTOS_HELPER] status is not_determined, requesting authorization...
[PHOTOS_HELPER] after request authorization status=denied
[PHOTOS_HELPER] not authorized: denied
[PHOTOS_DEBUG] in_process=no photos_helper_path=/Users/yilonglin/NOKI/desktop/target/photos-bin/NokiPhotos.app/Contents/MacOS/noki-photos photos_helper_exists=yes photos_helper_launch_ok=yes photos_auth_status=denied photos_asset_count=0 photos_result_count=0 error=not_authorized
[BROWSER] location=Pictures resolved=/Users/yilonglin/Pictures exists=yes permission=yes raw_count=4 filtered_count=0 image_count=0 error=none
[PHOTOS_DEBUG] pictures_path=/Users/yilonglin/Pictures pictures_file_count=0 raw_count=4 photos_auth_status=denied photos_asset_count=0 photos_result_count=0 total_entries=0
[PHOTOS_DEBUG] in_process=yes photos_auth_status=denied photos_asset_count=0 photos_offset=0 photos_result_count=0
[PHOTOS_HELPER] status is not_determined, requesting authorization...
[PHOTOS_HELPER] after request authorization status=denied
[PHOTOS_HELPER] not authorized: denied
[PHOTOS_DEBUG] helper_stderr: [PHOTOS_HELPER] status is not_determined, requesting authorization...
[PHOTOS_HELPER] after request authorization status=denied
[PHOTOS_HELPER] not authorized: denied
[PHOTOS_DEBUG] in_process=no photos_helper_path=/Users/yilonglin/NOKI/desktop/target/photos-bin/NokiPhotos.app/Contents/MacOS/noki-photos photos_helper_exists=yes photos_helper_launch_ok=yes photos_auth_status=denied photos_asset_count=0 photos_result_count=0 error=not_authorized
[BROWSER] location=Pictures resolved=/Users/yilonglin/Pictures exists=yes permission=yes raw_count=4 filtered_count=0 image_count=0 error=none
[PHOTOS_DEBUG] pictures_path=/Users/yilonglin/Pictures pictures_file_count=0 raw_count=4 photos_auth_status=denied photos_asset_count=0 photos_result_count=0 total_entries=0
[PHOTOS_DEBUG] in_process=yes photos_auth_status=denied photos_asset_count=0 photos_offset=0 photos_result_count=0
[PHOTOS_HELPER] status is not_determined, requesting authorization...
[PHOTOS_HELPER] after request authorization status=denied
[PHOTOS_HELPER] not authorized: denied
[PHOTOS_DEBUG] helper_stderr: [PHOTOS_HELPER] status is not_determined, requesting authorization...
[PHOTOS_HELPER] after request authorization status=denied
[PHOTOS_HELPER] not authorized: denied
[PHOTOS_DEBUG] in_process=no photos_helper_path=/Users/yilonglin/NOKI/desktop/target/photos-bin/NokiPhotos.app/Contents/MacOS/noki-photos photos_helper_exists=yes photos_helper_launch_ok=yes photos_auth_status=denied photos_asset_count=0 photos_result_count=0 error=not_authorized
[BROWSER] location=Pictures resolved=/Users/yilonglin/Pictures exists=yes permission=yes raw_count=4 filtered_count=0 image_count=0 error=none
[PHOTOS_DEBUG] pictures_path=/Users/yilonglin/Pictures pictures_file_count=0 raw_count=4 photos_auth_status=denied photos_asset_count=0 photos_result_count=0 total_entries=0
[PHOTOS_DEBUG] in_process=yes photos_auth_status=denied photos_asset_count=0 photos_offset=0 photos_result_count=0
[PHOTOS_HELPER] status is not_determined, requesting authorization...
[PHOTOS_HELPER] after request authorization status=denied
[PHOTOS_HELPER] not authorized: denied
[PHOTOS_DEBUG] helper_stderr: [PHOTOS_HELPER] status is not_determined, requesting authorization...
[PHOTOS_HELPER] after request authorization status=denied
[PHOTOS_HELPER] not authorized: denied
[PHOTOS_DEBUG] in_process=no photos_helper_path=/Users/yilonglin/NOKI/desktop/target/photos-bin/NokiPhotos.app/Contents/MacOS/noki-photos photos_helper_exists=yes photos_helper_launch_ok=yes photos_auth_status=denied photos_asset_count=0 photos_result_count=0 error=not_authorized
[BROWSER] location=Pictures resolved=/Users/yilonglin/Pictures exists=yes permission=yes raw_count=4 filtered_count=0 image_count=0 error=none
[PHOTOS_DEBUG] pictures_path=/Users/yilonglin/Pictures pictures_file_count=0 raw_count=4 photos_auth_status=denied photos_asset_count=0 photos_result_count=0 total_entries=0
[PHOTOS_DEBUG] in_process=yes photos_auth_status=denied photos_asset_count=0 photos_offset=0 photos_result_count=0
[PHOTOS_HELPER] status is not_determined, requesting authorization...
[PHOTOS_HELPER] after request authorization status=denied
[PHOTOS_HELPER] not authorized: denied
[PHOTOS_DEBUG] helper_stderr: [PHOTOS_HELPER] status is not_determined, requesting authorization...
[PHOTOS_HELPER] after request authorization status=denied
[PHOTOS_HELPER] not authorized: denied
[PHOTOS_DEBUG] in_process=no photos_helper_path=/Users/yilonglin/NOKI/desktop/target/photos-bin/NokiPhotos.app/Contents/MacOS/noki-photos photos_helper_exists=yes photos_helper_launch_ok=yes photos_auth_status=denied photos_asset_count=0 photos_result_count=0 error=not_authorized
[BROWSER] location=Pictures resolved=/Users/yilonglin/Pictures exists=yes permission=yes raw_count=4 filtered_count=0 image_count=0 error=none
[PHOTOS_DEBUG] pictures_path=/Users/yilonglin/Pictures pictures_file_count=0 raw_count=4 photos_auth_status=denied photos_asset_count=0 photos_result_count=0 total_entries=0
[PHOTOS_DEBUG] in_process=yes photos_auth_status=denied photos_asset_count=0 photos_offset=0 photos_result_count=0
[PHOTOS_HELPER] status is not_determined, requesting authorization...
[PHOTOS_HELPER] after request authorization status=denied
[PHOTOS_HELPER] not authorized: denied
[PHOTOS_DEBUG] helper_stderr: [PHOTOS_HELPER] status is not_determined, requesting authorization...
[PHOTOS_HELPER] after request authorization status=denied
[PHOTOS_HELPER] not authorized: denied
[PHOTOS_DEBUG] in_process=no photos_helper_path=/Users/yilonglin/NOKI/desktop/target/photos-bin/NokiPhotos.app/Contents/MacOS/noki-photos photos_helper_exists=yes photos_helper_launch_ok=yes photos_auth_status=denied photos_asset_count=0 photos_result_count=0 error=not_authorized
[BROWSER] location=Pictures resolved=/Users/yilonglin/Pictures exists=yes permission=yes raw_count=4 filtered_count=0 image_count=0 error=none
[PHOTOS_DEBUG] pictures_path=/Users/yilonglin/Pictures pictures_file_count=0 raw_count=4 photos_auth_status=denied photos_asset_count=0 photos_result_count=0 total_entries=0
[PHOTOS_DEBUG] in_process=yes photos_auth_status=denied photos_asset_count=0 photos_offset=0 photos_result_count=0
[PHOTOS_HELPER] status is not_determined, requesting authorization...
[PHOTOS_HELPER] after request authorization status=denied
[PHOTOS_HELPER] not authorized: denied
[PHOTOS_DEBUG] helper_stderr: [PHOTOS_HELPER] status is not_determined, requesting authorization...
[PHOTOS_HELPER] after request authorization status=denied
[PHOTOS_HELPER] not authorized: denied
[PHOTOS_DEBUG] in_process=no photos_helper_path=/Users/yilonglin/NOKI/desktop/target/photos-bin/NokiPhotos.app/Contents/MacOS/noki-photos photos_helper_exists=yes photos_helper_launch_ok=yes photos_auth_status=denied photos_asset_count=0 photos_result_count=0 error=not_authorized
[BROWSER] location=Pictures resolved=/Users/yilonglin/Pictures exists=yes permission=yes raw_count=4 filtered_count=0 image_count=0 error=none
[PHOTOS_DEBUG] pictures_path=/Users/yilonglin/Pictures pictures_file_count=0 raw_count=4 photos_auth_status=denied photos_asset_count=0 photos_result_count=0 total_entries=0
[PHOTOS_DEBUG] in_process=yes photos_auth_status=denied photos_asset_count=0 photos_offset=0 photos_result_count=0
[PHOTOS_HELPER] status is not_determined, requesting authorization...
[PHOTOS_HELPER] after request authorization status=denied
[PHOTOS_HELPER] not authorized: denied
[PHOTOS_DEBUG] helper_stderr: [PHOTOS_HELPER] status is not_determined, requesting authorization...
[PHOTOS_HELPER] after request authorization status=denied
[PHOTOS_HELPER] not authorized: denied
[PHOTOS_DEBUG] in_process=no photos_helper_path=/Users/yilonglin/NOKI/desktop/target/photos-bin/NokiPhotos.app/Contents/MacOS/noki-photos photos_helper_exists=yes photos_helper_launch_ok=yes photos_auth_status=denied photos_asset_count=0 photos_result_count=0 error=not_authorized
[BROWSER] location=Pictures resolved=/Users/yilonglin/Pictures exists=yes permission=yes raw_count=4 filtered_count=0 image_count=0 error=none
[PHOTOS_DEBUG] pictures_path=/Users/yilonglin/Pictures pictures_file_count=0 raw_count=4 photos_auth_status=denied photos_asset_count=0 photos_result_count=0 total_entries=0
[PHOTOS_DEBUG] in_process=yes photos_auth_status=denied photos_asset_count=0 photos_offset=0 photos_result_count=0
[PHOTOS_HELPER] status is not_determined, requesting authorization...
[PHOTOS_HELPER] after request authorization status=denied
[PHOTOS_HELPER] not authorized: denied
[PHOTOS_DEBUG] helper_stderr: [PHOTOS_HELPER] status is not_determined, requesting authorization...
[PHOTOS_HELPER] after request authorization status=denied
[PHOTOS_HELPER] not authorized: denied
[PHOTOS_DEBUG] in_process=no photos_helper_path=/Users/yilonglin/NOKI/desktop/target/photos-bin/NokiPhotos.app/Contents/MacOS/noki-photos photos_helper_exists=yes photos_helper_launch_ok=yes photos_auth_status=denied photos_asset_count=0 photos_result_count=0 error=not_authorized
[BROWSER] location=Pictures resolved=/Users/yilonglin/Pictures exists=yes permission=yes raw_count=4 filtered_count=0 image_count=0 error=none
[PHOTOS_DEBUG] pictures_path=/Users/yilonglin/Pictures pictures_file_count=0 raw_count=4 photos_auth_status=denied photos_asset_count=0 photos_result_count=0 total_entries=0
[PHOTOS_DEBUG] in_process=yes photos_auth_status=denied photos_asset_count=0 photos_offset=0 photos_result_count=0
[PHOTOS_HELPER] status is not_determined, requesting authorization...
[PHOTOS_HELPER] after request authorization status=denied
[PHOTOS_HELPER] not authorized: denied
[PHOTOS_DEBUG] helper_stderr: [PHOTOS_HELPER] status is not_determined, requesting authorization...
[PHOTOS_HELPER] after request authorization status=denied
[PHOTOS_HELPER] not authorized: denied
[PHOTOS_DEBUG] in_process=no photos_helper_path=/Users/yilonglin/NOKI/desktop/target/photos-bin/NokiPhotos.app/Contents/MacOS/noki-photos photos_helper_exists=yes photos_helper_launch_ok=yes photos_auth_status=denied photos_asset_count=0 photos_result_count=0 error=not_authorized
[BROWSER] location=Pictures resolved=/Users/yilonglin/Pictures exists=yes permission=yes raw_count=4 filtered_count=0 image_count=0 error=none
[PHOTOS_DEBUG] pictures_path=/Users/yilonglin/Pictures pictures_file_count=0 raw_count=4 photos_auth_status=denied photos_asset_count=0 photos_result_count=0 total_entries=0
[PHOTOS_DEBUG] in_process=yes photos_auth_status=denied photos_asset_count=0 photos_offset=0 photos_result_count=0
[PHOTOS_HELPER] status is not_determined, requesting authorization...
[PHOTOS_HELPER] after request authorization status=denied
[PHOTOS_HELPER] not authorized: denied
[PHOTOS_DEBUG] helper_stderr: [PHOTOS_HELPER] status is not_determined, requesting authorization...
[PHOTOS_HELPER] after request authorization status=denied
[PHOTOS_HELPER] not authorized: denied
[PHOTOS_DEBUG] in_process=no photos_helper_path=/Users/yilonglin/NOKI/desktop/target/photos-bin/NokiPhotos.app/Contents/MacOS/noki-photos photos_helper_exists=yes photos_helper_launch_ok=yes photos_auth_status=denied photos_asset_count=0 photos_result_count=0 error=not_authorized
[BROWSER] location=Pictures resolved=/Users/yilonglin/Pictures exists=yes permission=yes raw_count=4 filtered_count=0 image_count=0 error=none
[PHOTOS_DEBUG] pictures_path=/Users/yilonglin/Pictures pictures_file_count=0 raw_count=4 photos_auth_status=denied photos_asset_count=0 photos_result_count=0 total_entries=0
[PHOTOS_DEBUG] in_process=yes photos_auth_status=denied photos_asset_count=0 photos_offset=0 photos_result_count=0
[PHOTOS_HELPER] status is not_determined, requesting authorization...
[PHOTOS_HELPER] after request authorization status=denied
[PHOTOS_HELPER] not authorized: denied
[PHOTOS_DEBUG] helper_stderr: [PHOTOS_HELPER] status is not_determined, requesting authorization...
[PHOTOS_HELPER] after request authorization status=denied
[PHOTOS_HELPER] not authorized: denied
[PHOTOS_DEBUG] in_process=no photos_helper_path=/Users/yilonglin/NOKI/desktop/target/photos-bin/NokiPhotos.app/Contents/MacOS/noki-photos photos_helper_exists=yes photos_helper_launch_ok=yes photos_auth_status=denied photos_asset_count=0 photos_result_count=0 error=not_authorized
[BROWSER] location=Pictures resolved=/Users/yilonglin/Pictures exists=yes permission=yes raw_count=4 filtered_count=0 image_count=0 error=none
[PHOTOS_DEBUG] pictures_path=/Users/yilonglin/Pictures pictures_file_count=0 raw_count=4 photos_auth_status=denied photos_asset_count=0 photos_result_count=0 total_entries=0
[PHOTOS_DEBUG] in_process=yes photos_auth_status=denied photos_asset_count=0 photos_offset=0 photos_result_count=0
[PHOTOS_HELPER] status is not_determined, requesting authorization...
[PHOTOS_HELPER] after request authorization status=denied
[PHOTOS_HELPER] not authorized: denied
[PHOTOS_DEBUG] helper_stderr: [PHOTOS_HELPER] status is not_determined, requesting authorization...
[PHOTOS_HELPER] after request authorization status=denied
[PHOTOS_HELPER] not authorized: denied
[PHOTOS_DEBUG] in_process=no photos_helper_path=/Users/yilonglin/NOKI/desktop/target/photos-bin/NokiPhotos.app/Contents/MacOS/noki-photos photos_helper_exists=yes photos_helper_launch_ok=yes photos_auth_status=denied photos_asset_count=0 photos_result_count=0 error=not_authorized
[BROWSER] location=Pictures resolved=/Users/yilonglin/Pictures exists=yes permission=yes raw_count=4 filtered_count=0 image_count=0 error=none
[PHOTOS_DEBUG] pictures_path=/Users/yilonglin/Pictures pictures_file_count=0 raw_count=4 photos_auth_status=denied photos_asset_count=0 photos_result_count=0 total_entries=0
[PHOTOS_DEBUG] in_process=yes photos_auth_status=denied photos_asset_count=0 photos_offset=0 photos_result_count=0
[PHOTOS_HELPER] status is not_determined, requesting authorization...
[PHOTOS_HELPER] after request authorization status=denied
[PHOTOS_HELPER] not authorized: denied
[PHOTOS_DEBUG] helper_stderr: [PHOTOS_HELPER] status is not_determined, requesting authorization...
[PHOTOS_HELPER] after request authorization status=denied
[PHOTOS_HELPER] not authorized: denied
[PHOTOS_DEBUG] in_process=no photos_helper_path=/Users/yilonglin/NOKI/desktop/target/photos-bin/NokiPhotos.app/Contents/MacOS/noki-photos photos_helper_exists=yes photos_helper_launch_ok=yes photos_auth_status=denied photos_asset_count=0 photos_result_count=0 error=not_authorized
[BROWSER] location=Pictures resolved=/Users/yilonglin/Pictures exists=yes permission=yes raw_count=4 filtered_count=0 image_count=0 error=none
[PHOTOS_DEBUG] pictures_path=/Users/yilonglin/Pictures pictures_file_count=0 raw_count=4 photos_auth_status=denied photos_asset_count=0 photos_result_count=0 total_entries=0
[PHOTOS_DEBUG] in_process=yes photos_auth_status=denied photos_asset_count=0 photos_offset=0 photos_result_count=0
[PHOTOS_HELPER] status is not_determined, requesting authorization...
[PHOTOS_HELPER] after request authorization status=denied
[PHOTOS_HELPER] not authorized: denied
[PHOTOS_DEBUG] helper_stderr: [PHOTOS_HELPER] status is not_determined, requesting authorization...
[PHOTOS_HELPER] after request authorization status=denied
[PHOTOS_HELPER] not authorized: denied
[PHOTOS_DEBUG] in_process=no photos_helper_path=/Users/yilonglin/NOKI/desktop/target/photos-bin/NokiPhotos.app/Contents/MacOS/noki-photos photos_helper_exists=yes photos_helper_launch_ok=yes photos_auth_status=denied photos_asset_count=0 photos_result_count=0 error=not_authorized
[BROWSER] location=Pictures resolved=/Users/yilonglin/Pictures exists=yes permission=yes raw_count=4 filtered_count=0 image_count=0 error=none
[PHOTOS_DEBUG] pictures_path=/Users/yilonglin/Pictures pictures_file_count=0 raw_count=4 photos_auth_status=denied photos_asset_count=0 photos_result_count=0 total_entries=0
[PHOTOS_DEBUG] in_process=yes photos_auth_status=denied photos_asset_count=0 photos_offset=0 photos_result_count=0
[PHOTOS_HELPER] status is not_determined, requesting authorization...
[PHOTOS_HELPER] after request authorization status=denied
[PHOTOS_HELPER] not authorized: denied
[PHOTOS_DEBUG] helper_stderr: [PHOTOS_HELPER] status is not_determined, requesting authorization...
[PHOTOS_HELPER] after request authorization status=denied
[PHOTOS_HELPER] not authorized: denied
[PHOTOS_DEBUG] in_process=no photos_helper_path=/Users/yilonglin/NOKI/desktop/target/photos-bin/NokiPhotos.app/Contents/MacOS/noki-photos photos_helper_exists=yes photos_helper_launch_ok=yes photos_auth_status=denied photos_asset_count=0 photos_result_count=0 error=not_authorized
[BROWSER] location=Pictures resolved=/Users/yilonglin/Pictures exists=yes permission=yes raw_count=4 filtered_count=0 image_count=0 error=none
[PHOTOS_DEBUG] pictures_path=/Users/yilonglin/Pictures pictures_file_count=0 raw_count=4 photos_auth_status=denied photos_asset_count=0 photos_result_count=0 total_entries=0
[PHOTOS_DEBUG] in_process=yes photos_auth_status=denied photos_asset_count=0 photos_offset=0 photos_result_count=0
[PHOTOS_HELPER] status is not_determined, requesting authorization...
[PHOTOS_HELPER] after request authorization status=denied
[PHOTOS_HELPER] not authorized: denied
[PHOTOS_DEBUG] helper_stderr: [PHOTOS_HELPER] status is not_determined, requesting authorization...
[PHOTOS_HELPER] after request authorization status=denied
[PHOTOS_HELPER] not authorized: denied
[PHOTOS_DEBUG] in_process=no photos_helper_path=/Users/yilonglin/NOKI/desktop/target/photos-bin/NokiPhotos.app/Contents/MacOS/noki-photos photos_helper_exists=yes photos_helper_launch_ok=yes photos_auth_status=denied photos_asset_count=0 photos_result_count=0 error=not_authorized
[BROWSER] location=Pictures resolved=/Users/yilonglin/Pictures exists=yes permission=yes raw_count=4 filtered_count=0 image_count=0 error=none
[PHOTOS_DEBUG] pictures_path=/Users/yilonglin/Pictures pictures_file_count=0 raw_count=4 photos_auth_status=denied photos_asset_count=0 photos_result_count=0 total_entries=0
[PHOTOS_DEBUG] in_process=yes photos_auth_status=denied photos_asset_count=0 photos_offset=0 photos_result_count=0
[PHOTOS_HELPER] status is not_determined, requesting authorization...
[PHOTOS_HELPER] after request authorization status=denied
[PHOTOS_HELPER] not authorized: denied
[PHOTOS_DEBUG] helper_stderr: [PHOTOS_HELPER] status is not_determined, requesting authorization...
[PHOTOS_HELPER] after request authorization status=denied
[PHOTOS_HELPER] not authorized: denied
[PHOTOS_DEBUG] in_process=no photos_helper_path=/Users/yilonglin/NOKI/desktop/target/photos-bin/NokiPhotos.app/Contents/MacOS/noki-photos photos_helper_exists=yes photos_helper_launch_ok=yes photos_auth_status=denied photos_asset_count=0 photos_result_count=0 error=not_authorized
[BROWSER] location=Pictures resolved=/Users/yilonglin/Pictures exists=yes permission=yes raw_count=4 filtered_count=0 image_count=0 error=none
[PHOTOS_DEBUG] pictures_path=/Users/yilonglin/Pictures pictures_file_count=0 raw_count=4 photos_auth_status=denied photos_asset_count=0 photos_result_count=0 total_entries=0
[PHOTOS_DEBUG] in_process=yes photos_auth_status=denied photos_asset_count=0 photos_offset=0 photos_result_count=0
[PHOTOS_HELPER] status is not_determined, requesting authorization...
[PHOTOS_HELPER] after request authorization status=denied
[PHOTOS_HELPER] not authorized: denied
[PHOTOS_DEBUG] helper_stderr: [PHOTOS_HELPER] status is not_determined, requesting authorization...
[PHOTOS_HELPER] after request authorization status=denied
[PHOTOS_HELPER] not authorized: denied
[PHOTOS_DEBUG] in_process=no photos_helper_path=/Users/yilonglin/NOKI/desktop/target/photos-bin/NokiPhotos.app/Contents/MacOS/noki-photos photos_helper_exists=yes photos_helper_launch_ok=yes photos_auth_status=denied photos_asset_count=0 photos_result_count=0 error=not_authorized
[BROWSER] location=Pictures resolved=/Users/yilonglin/Pictures exists=yes permission=yes raw_count=4 filtered_count=0 image_count=0 error=none
[PHOTOS_DEBUG] pictures_path=/Users/yilonglin/Pictures pictures_file_count=0 raw_count=4 photos_auth_status=denied photos_asset_count=0 photos_result_count=0 total_entries=0
[PHOTOS_DEBUG] in_process=yes photos_auth_status=denied photos_asset_count=0 photos_offset=0 photos_result_count=0
[PHOTOS_HELPER] status is not_determined, requesting authorization...
[PHOTOS_HELPER] after request authorization status=denied
[PHOTOS_HELPER] not authorized: denied
[PHOTOS_DEBUG] helper_stderr: [PHOTOS_HELPER] status is not_determined, requesting authorization...
[PHOTOS_HELPER] after request authorization status=denied
[PHOTOS_HELPER] not authorized: denied
[PHOTOS_DEBUG] in_process=no photos_helper_path=/Users/yilonglin/NOKI/desktop/target/photos-bin/NokiPhotos.app/Contents/MacOS/noki-photos photos_helper_exists=yes photos_helper_launch_ok=yes photos_auth_status=denied photos_asset_count=0 photos_result_count=0 error=not_authorized
[BROWSER] location=Pictures resolved=/Users/yilonglin/Pictures exists=yes permission=yes raw_count=4 filtered_count=0 image_count=0 error=none
[PHOTOS_DEBUG] pictures_path=/Users/yilonglin/Pictures pictures_file_count=0 raw_count=4 photos_auth_status=denied photos_asset_count=0 photos_result_count=0 total_entries=0
[PHOTOS_DEBUG] in_process=yes photos_auth_status=authorized photos_asset_count=4412 photos_offset=0 photos_result_count=40
[BROWSER] location=Pictures resolved=/Users/yilonglin/Pictures exists=yes permission=yes raw_count=4 filtered_count=40 image_count=40 error=none
[PHOTOS_DEBUG] pictures_path=/Users/yilonglin/Pictures pictures_file_count=0 raw_count=4 photos_auth_status=authorized photos_asset_count=40 photos_result_count=40 total_entries=40
[PHOTOS_DEBUG] in_process=yes photos_auth_status=denied photos_asset_count=0 photos_offset=0 photos_result_count=0
[PHOTOS_HELPER] status is not_determined, requesting authorization...
[PHOTOS_HELPER] after request authorization status=denied
[PHOTOS_HELPER] not authorized: denied
[PHOTOS_DEBUG] helper_stderr: [PHOTOS_HELPER] status is not_determined, requesting authorization...
[PHOTOS_HELPER] after request authorization status=denied
[PHOTOS_HELPER] not authorized: denied
[PHOTOS_DEBUG] in_process=no photos_helper_path=/Users/yilonglin/NOKI/desktop/target/photos-bin/NokiPhotos.app/Contents/MacOS/noki-photos photos_helper_exists=yes photos_helper_launch_ok=yes photos_auth_status=denied photos_asset_count=0 photos_result_count=0 error=not_authorized
[BROWSER] location=Pictures resolved=/Users/yilonglin/Pictures exists=yes permission=yes raw_count=4 filtered_count=0 image_count=0 error=none
[PHOTOS_DEBUG] pictures_path=/Users/yilonglin/Pictures pictures_file_count=0 raw_count=4 photos_auth_status=denied photos_asset_count=0 photos_result_count=0 total_entries=0
[PHOTOS_DEBUG] in_process=yes photos_auth_status=authorized photos_asset_count=4414 photos_offset=0 photos_result_count=40
[BROWSER] location=Pictures resolved=/Users/yilonglin/Pictures exists=yes permission=yes raw_count=4 filtered_count=40 image_count=40 error=none
[PHOTOS_DEBUG] pictures_path=/Users/yilonglin/Pictures pictures_file_count=0 raw_count=4 photos_auth_status=authorized photos_asset_count=40 photos_result_count=40 total_entries=40
[PHOTOS_DEBUG] in_process=yes photos_auth_status=authorized photos_asset_count=4414 photos_offset=0 photos_result_count=40
[BROWSER] location=Pictures resolved=/Users/yilonglin/Pictures exists=yes permission=yes raw_count=4 filtered_count=40 image_count=40 error=none
[PHOTOS_DEBUG] pictures_path=/Users/yilonglin/Pictures pictures_file_count=0 raw_count=4 photos_auth_status=authorized photos_asset_count=40 photos_result_count=40 total_entries=40
[PHOTOS_DEBUG] in_process=yes photos_auth_status=denied photos_asset_count=0 photos_offset=0 photos_result_count=0
[PHOTOS_HELPER] status is not_determined, requesting authorization...
[PHOTOS_HELPER] after request authorization status=denied
[PHOTOS_HELPER] not authorized: denied
[PHOTOS_DEBUG] helper_stderr: [PHOTOS_HELPER] status is not_determined, requesting authorization...
[PHOTOS_HELPER] after request authorization status=denied
[PHOTOS_HELPER] not authorized: denied
[PHOTOS_DEBUG] in_process=no photos_helper_path=/Users/yilonglin/NOKI/desktop/target/photos-bin/NokiPhotos.app/Contents/MacOS/noki-photos photos_helper_exists=yes photos_helper_launch_ok=yes photos_auth_status=denied photos_asset_count=0 photos_result_count=0 error=not_authorized
[BROWSER] location=Pictures resolved=/Users/yilonglin/Pictures exists=yes permission=yes raw_count=4 filtered_count=0 image_count=0 error=none
[PHOTOS_DEBUG] pictures_path=/Users/yilonglin/Pictures pictures_file_count=0 raw_count=4 photos_auth_status=denied photos_asset_count=0 photos_result_count=0 total_entries=0
[PHOTOS_DEBUG] in_process=yes photos_auth_status=denied photos_asset_count=0 photos_offset=0 photos_result_count=0
[PHOTOS_HELPER] status is not_determined, requesting authorization...
[PHOTOS_HELPER] after request authorization status=denied
[PHOTOS_HELPER] not authorized: denied
[PHOTOS_DEBUG] helper_stderr: [PHOTOS_HELPER] status is not_determined, requesting authorization...
[PHOTOS_HELPER] after request authorization status=denied
[PHOTOS_HELPER] not authorized: denied
[PHOTOS_DEBUG] in_process=no photos_helper_path=/Users/yilonglin/NOKI/desktop/target/photos-bin/NokiPhotos.app/Contents/MacOS/noki-photos photos_helper_exists=yes photos_helper_launch_ok=yes photos_auth_status=denied photos_asset_count=0 photos_result_count=0 error=not_authorized
[BROWSER] location=Pictures resolved=/Users/yilonglin/Pictures exists=yes permission=yes raw_count=4 filtered_count=0 image_count=0 error=none
[PHOTOS_DEBUG] pictures_path=/Users/yilonglin/Pictures pictures_file_count=0 raw_count=4 photos_auth_status=denied photos_asset_count=0 photos_result_count=0 total_entries=0
[PHOTOS_DEBUG] in_process=yes photos_auth_status=denied photos_asset_count=0 photos_offset=0 photos_result_count=0
[PHOTOS_HELPER] status is not_determined, requesting authorization...
[PHOTOS_HELPER] after request authorization status=denied
[PHOTOS_HELPER] not authorized: denied
[PHOTOS_DEBUG] helper_stderr: [PHOTOS_HELPER] status is not_determined, requesting authorization...
[PHOTOS_HELPER] after request authorization status=denied
[PHOTOS_HELPER] not authorized: denied
[PHOTOS_DEBUG] in_process=no photos_helper_path=/Users/yilonglin/NOKI/desktop/target/photos-bin/NokiPhotos.app/Contents/MacOS/noki-photos photos_helper_exists=yes photos_helper_launch_ok=yes photos_auth_status=denied photos_asset_count=0 photos_result_count=0 error=not_authorized
[BROWSER] location=Pictures resolved=/Users/yilonglin/Pictures exists=yes permission=yes raw_count=4 filtered_count=0 image_count=0 error=none
[PHOTOS_DEBUG] pictures_path=/Users/yilonglin/Pictures pictures_file_count=0 raw_count=4 photos_auth_status=denied photos_asset_count=0 photos_result_count=0 total_entries=0
[PHOTOS_DEBUG] in_process=yes photos_auth_status=denied photos_asset_count=0 photos_offset=0 photos_result_count=0
[PHOTOS_HELPER] status is not_determined, requesting authorization...
[PHOTOS_HELPER] after request authorization status=denied
[PHOTOS_HELPER] not authorized: denied
[PHOTOS_DEBUG] helper_stderr: [PHOTOS_HELPER] status is not_determined, requesting authorization...
[PHOTOS_HELPER] after request authorization status=denied
[PHOTOS_HELPER] not authorized: denied
[PHOTOS_DEBUG] in_process=no photos_helper_path=/Users/yilonglin/NOKI/desktop/target/photos-bin/NokiPhotos.app/Contents/MacOS/noki-photos photos_helper_exists=yes photos_helper_launch_ok=yes photos_auth_status=denied photos_asset_count=0 photos_result_count=0 error=not_authorized
[BROWSER] location=Pictures resolved=/Users/yilonglin/Pictures exists=yes permission=yes raw_count=4 filtered_count=0 image_count=0 error=none
[PHOTOS_DEBUG] pictures_path=/Users/yilonglin/Pictures pictures_file_count=0 raw_count=4 photos_auth_status=denied photos_asset_count=0 photos_result_count=0 total_entries=0
[PHOTOS_DEBUG] in_process=yes photos_auth_status=denied photos_asset_count=0 photos_offset=0 photos_result_count=0
[PHOTOS_HELPER] status is not_determined, requesting authorization...
[PHOTOS_HELPER] after request authorization status=denied
[PHOTOS_HELPER] not authorized: denied
[PHOTOS_DEBUG] helper_stderr: [PHOTOS_HELPER] status is not_determined, requesting authorization...
[PHOTOS_HELPER] after request authorization status=denied
[PHOTOS_HELPER] not authorized: denied
[PHOTOS_DEBUG] in_process=no photos_helper_path=/Users/yilonglin/NOKI/desktop/target/photos-bin/NokiPhotos.app/Contents/MacOS/noki-photos photos_helper_exists=yes photos_helper_launch_ok=yes photos_auth_status=denied photos_asset_count=0 photos_result_count=0 error=not_authorized
[BROWSER] location=Pictures resolved=/Users/yilonglin/Pictures exists=yes permission=yes raw_count=4 filtered_count=0 image_count=0 error=none
[PHOTOS_DEBUG] pictures_path=/Users/yilonglin/Pictures pictures_file_count=0 raw_count=4 photos_auth_status=denied photos_asset_count=0 photos_result_count=0 total_entries=0
[PHOTOS_DEBUG] in_process=yes photos_auth_status=denied photos_asset_count=0 photos_offset=0 photos_result_count=0
[PHOTOS_HELPER] status is not_determined, requesting authorization...
[PHOTOS_HELPER] after request authorization status=denied
[PHOTOS_HELPER] not authorized: denied
[PHOTOS_DEBUG] helper_stderr: [PHOTOS_HELPER] status is not_determined, requesting authorization...
[PHOTOS_HELPER] after request authorization status=denied
[PHOTOS_HELPER] not authorized: denied
[PHOTOS_DEBUG] in_process=no photos_helper_path=/Users/yilonglin/NOKI/desktop/target/photos-bin/NokiPhotos.app/Contents/MacOS/noki-photos photos_helper_exists=yes photos_helper_launch_ok=yes photos_auth_status=denied photos_asset_count=0 photos_result_count=0 error=not_authorized
[BROWSER] location=Pictures resolved=/Users/yilonglin/Pictures exists=yes permission=yes raw_count=4 filtered_count=0 image_count=0 error=none
[PHOTOS_DEBUG] pictures_path=/Users/yilonglin/Pictures pictures_file_count=0 raw_count=4 photos_auth_status=denied photos_asset_count=0 photos_result_count=0 total_entries=0
[PHOTOS_DEBUG] in_process=yes photos_auth_status=denied photos_asset_count=0 photos_offset=0 photos_result_count=0
[PHOTOS_HELPER] status is not_determined, requesting authorization...
[PHOTOS_HELPER] after request authorization status=denied
[PHOTOS_HELPER] not authorized: denied
[PHOTOS_DEBUG] helper_stderr: [PHOTOS_HELPER] status is not_determined, requesting authorization...
[PHOTOS_HELPER] after request authorization status=denied
[PHOTOS_HELPER] not authorized: denied
[PHOTOS_DEBUG] in_process=no photos_helper_path=/Users/yilonglin/NOKI/desktop/target/photos-bin/NokiPhotos.app/Contents/MacOS/noki-photos photos_helper_exists=yes photos_helper_launch_ok=yes photos_auth_status=denied photos_asset_count=0 photos_result_count=0 error=not_authorized
[BROWSER] location=Pictures resolved=/Users/yilonglin/Pictures exists=yes permission=yes raw_count=4 filtered_count=0 image_count=0 error=none
[PHOTOS_DEBUG] pictures_path=/Users/yilonglin/Pictures pictures_file_count=0 raw_count=4 photos_auth_status=denied photos_asset_count=0 photos_result_count=0 total_entries=0
[PHOTOS_DEBUG] in_process=yes photos_auth_status=denied photos_asset_count=0 photos_offset=0 photos_result_count=0
[PHOTOS_HELPER] status is not_determined, requesting authorization...
[PHOTOS_HELPER] after request authorization status=denied
[PHOTOS_HELPER] not authorized: denied
[PHOTOS_DEBUG] helper_stderr: [PHOTOS_HELPER] status is not_determined, requesting authorization...
[PHOTOS_HELPER] after request authorization status=denied
[PHOTOS_HELPER] not authorized: denied
[PHOTOS_DEBUG] in_process=no photos_helper_path=/Users/yilonglin/NOKI/desktop/target/photos-bin/NokiPhotos.app/Contents/MacOS/noki-photos photos_helper_exists=yes photos_helper_launch_ok=yes photos_auth_status=denied photos_asset_count=0 photos_result_count=0 error=not_authorized
[BROWSER] location=Pictures resolved=/Users/yilonglin/Pictures exists=yes permission=yes raw_count=4 filtered_count=0 image_count=0 error=none
[PHOTOS_DEBUG] pictures_path=/Users/yilonglin/Pictures pictures_file_count=0 raw_count=4 photos_auth_status=denied photos_asset_count=0 photos_result_count=0 total_entries=0
[PHOTOS_DEBUG] in_process=yes photos_auth_status=denied photos_asset_count=0 photos_offset=0 photos_result_count=0
[PHOTOS_HELPER] status is not_determined, requesting authorization...
[PHOTOS_HELPER] after request authorization status=denied
[PHOTOS_HELPER] not authorized: denied
[PHOTOS_DEBUG] helper_stderr: [PHOTOS_HELPER] status is not_determined, requesting authorization...
[PHOTOS_HELPER] after request authorization status=denied
[PHOTOS_HELPER] not authorized: denied
[PHOTOS_DEBUG] in_process=no photos_helper_path=/Users/yilonglin/NOKI/desktop/target/photos-bin/NokiPhotos.app/Contents/MacOS/noki-photos photos_helper_exists=yes photos_helper_launch_ok=yes photos_auth_status=denied photos_asset_count=0 photos_result_count=0 error=not_authorized
[BROWSER] location=Pictures resolved=/Users/yilonglin/Pictures exists=yes permission=yes raw_count=4 filtered_count=0 image_count=0 error=none
[PHOTOS_DEBUG] pictures_path=/Users/yilonglin/Pictures pictures_file_count=0 raw_count=4 photos_auth_status=denied photos_asset_count=0 photos_result_count=0 total_entries=0
[PHOTOS_DEBUG] in_process=yes photos_auth_status=denied photos_asset_count=0 photos_offset=0 photos_result_count=0
[PHOTOS_HELPER] status is not_determined, requesting authorization...
[PHOTOS_HELPER] after request authorization status=denied
[PHOTOS_HELPER] not authorized: denied
[PHOTOS_DEBUG] helper_stderr: [PHOTOS_HELPER] status is not_determined, requesting authorization...
[PHOTOS_HELPER] after request authorization status=denied
[PHOTOS_HELPER] not authorized: denied
[PHOTOS_DEBUG] in_process=no photos_helper_path=/Users/yilonglin/NOKI/desktop/target/photos-bin/NokiPhotos.app/Contents/MacOS/noki-photos photos_helper_exists=yes photos_helper_launch_ok=yes photos_auth_status=denied photos_asset_count=0 photos_result_count=0 error=not_authorized
[BROWSER] location=Pictures resolved=/Users/yilonglin/Pictures exists=yes permission=yes raw_count=4 filtered_count=0 image_count=0 error=none
[PHOTOS_DEBUG] pictures_path=/Users/yilonglin/Pictures pictures_file_count=0 raw_count=4 photos_auth_status=denied photos_asset_count=0 photos_result_count=0 total_entries=0
[PHOTOS_DEBUG] in_process=yes photos_auth_status=denied photos_asset_count=0 photos_offset=0 photos_result_count=0
[PHOTOS_HELPER] status is not_determined, requesting authorization...
[PHOTOS_HELPER] after request authorization status=denied
[PHOTOS_HELPER] not authorized: denied
[PHOTOS_DEBUG] helper_stderr: [PHOTOS_HELPER] status is not_determined, requesting authorization...
[PHOTOS_HELPER] after request authorization status=denied
[PHOTOS_HELPER] not authorized: denied
[PHOTOS_DEBUG] in_process=no photos_helper_path=/Users/yilonglin/NOKI/desktop/target/photos-bin/NokiPhotos.app/Contents/MacOS/noki-photos photos_helper_exists=yes photos_helper_launch_ok=yes photos_auth_status=denied photos_asset_count=0 photos_result_count=0 error=not_authorized
[BROWSER] location=Pictures resolved=/Users/yilonglin/Pictures exists=yes permission=yes raw_count=4 filtered_count=0 image_count=0 error=none
[PHOTOS_DEBUG] pictures_path=/Users/yilonglin/Pictures pictures_file_count=0 raw_count=4 photos_auth_status=denied photos_asset_count=0 photos_result_count=0 total_entries=0
[PHOTOS_DEBUG] in_process=yes photos_auth_status=denied photos_asset_count=0 photos_offset=0 photos_result_count=0
[PHOTOS_HELPER] status is not_determined, requesting authorization...
[PHOTOS_HELPER] after request authorization status=denied
[PHOTOS_HELPER] not authorized: denied
[PHOTOS_DEBUG] helper_stderr: [PHOTOS_HELPER] status is not_determined, requesting authorization...
[PHOTOS_HELPER] after request authorization status=denied
[PHOTOS_HELPER] not authorized: denied
[PHOTOS_DEBUG] in_process=no photos_helper_path=/Users/yilonglin/NOKI/desktop/target/photos-bin/NokiPhotos.app/Contents/MacOS/noki-photos photos_helper_exists=yes photos_helper_launch_ok=yes photos_auth_status=denied photos_asset_count=0 photos_result_count=0 error=not_authorized
[BROWSER] location=Pictures resolved=/Users/yilonglin/Pictures exists=yes permission=yes raw_count=4 filtered_count=0 image_count=0 error=none
[PHOTOS_DEBUG] pictures_path=/Users/yilonglin/Pictures pictures_file_count=0 raw_count=4 photos_auth_status=denied photos_asset_count=0 photos_result_count=0 total_entries=0
[PHOTOS_DEBUG] in_process=yes photos_auth_status=denied photos_asset_count=0 photos_offset=0 photos_result_count=0
[PHOTOS_HELPER] status is not_determined, requesting authorization...
[PHOTOS_HELPER] after request authorization status=denied
[PHOTOS_HELPER] not authorized: denied
[PHOTOS_DEBUG] helper_stderr: [PHOTOS_HELPER] status is not_determined, requesting authorization...
[PHOTOS_HELPER] after request authorization status=denied
[PHOTOS_HELPER] not authorized: denied
[PHOTOS_DEBUG] in_process=no photos_helper_path=/Users/yilonglin/NOKI/desktop/target/photos-bin/NokiPhotos.app/Contents/MacOS/noki-photos photos_helper_exists=yes photos_helper_launch_ok=yes photos_auth_status=denied photos_asset_count=0 photos_result_count=0 error=not_authorized
[BROWSER] location=Pictures resolved=/Users/yilonglin/Pictures exists=yes permission=yes raw_count=4 filtered_count=0 image_count=0 error=none
[PHOTOS_DEBUG] pictures_path=/Users/yilonglin/Pictures pictures_file_count=0 raw_count=4 photos_auth_status=denied photos_asset_count=0 photos_result_count=0 total_entries=0
[PHOTOS_DEBUG] in_process=yes photos_auth_status=denied photos_asset_count=0 photos_offset=0 photos_result_count=0
[PHOTOS_HELPER] status is not_determined, requesting authorization...
[PHOTOS_HELPER] after request authorization status=denied
[PHOTOS_HELPER] not authorized: denied
[PHOTOS_DEBUG] helper_stderr: [PHOTOS_HELPER] status is not_determined, requesting authorization...
[PHOTOS_HELPER] after request authorization status=denied
[PHOTOS_HELPER] not authorized: denied
[PHOTOS_DEBUG] in_process=no photos_helper_path=/Users/yilonglin/NOKI/desktop/target/photos-bin/NokiPhotos.app/Contents/MacOS/noki-photos photos_helper_exists=yes photos_helper_launch_ok=yes photos_auth_status=denied photos_asset_count=0 photos_result_count=0 error=not_authorized
[BROWSER] location=Pictures resolved=/Users/yilonglin/Pictures exists=yes permission=yes raw_count=4 filtered_count=0 image_count=0 error=none
[PHOTOS_DEBUG] pictures_path=/Users/yilonglin/Pictures pictures_file_count=0 raw_count=4 photos_auth_status=denied photos_asset_count=0 photos_result_count=0 total_entries=0
[PHOTOS_DEBUG] in_process=yes photos_auth_status=denied photos_asset_count=0 photos_offset=0 photos_result_count=0
[PHOTOS_HELPER] status is not_determined, requesting authorization...
[PHOTOS_HELPER] after request authorization status=denied
[PHOTOS_HELPER] not authorized: denied
[PHOTOS_DEBUG] helper_stderr: [PHOTOS_HELPER] status is not_determined, requesting authorization...
[PHOTOS_HELPER] after request authorization status=denied
[PHOTOS_HELPER] not authorized: denied
[PHOTOS_DEBUG] in_process=no photos_helper_path=/Users/yilonglin/NOKI/desktop/target/photos-bin/NokiPhotos.app/Contents/MacOS/noki-photos photos_helper_exists=yes photos_helper_launch_ok=yes photos_auth_status=denied photos_asset_count=0 photos_result_count=0 error=not_authorized
[BROWSER] location=Pictures resolved=/Users/yilonglin/Pictures exists=yes permission=yes raw_count=4 filtered_count=0 image_count=0 error=none
[PHOTOS_DEBUG] pictures_path=/Users/yilonglin/Pictures pictures_file_count=0 raw_count=4 photos_auth_status=denied photos_asset_count=0 photos_result_count=0 total_entries=0
[PHOTOS_DEBUG] in_process=yes photos_auth_status=denied photos_asset_count=0 photos_offset=0 photos_result_count=0
[PHOTOS_HELPER] status is not_determined, requesting authorization...
[PHOTOS_HELPER] after request authorization status=denied
[PHOTOS_HELPER] not authorized: denied
[PHOTOS_DEBUG] helper_stderr: [PHOTOS_HELPER] status is not_determined, requesting authorization...
[PHOTOS_HELPER] after request authorization status=denied
[PHOTOS_HELPER] not authorized: denied
[PHOTOS_DEBUG] in_process=no photos_helper_path=/Users/yilonglin/NOKI/desktop/target/photos-bin/NokiPhotos.app/Contents/MacOS/noki-photos photos_helper_exists=yes photos_helper_launch_ok=yes photos_auth_status=denied photos_asset_count=0 photos_result_count=0 error=not_authorized
[BROWSER] location=Pictures resolved=/Users/yilonglin/Pictures exists=yes permission=yes raw_count=4 filtered_count=0 image_count=0 error=none
[PHOTOS_DEBUG] pictures_path=/Users/yilonglin/Pictures pictures_file_count=0 raw_count=4 photos_auth_status=denied photos_asset_count=0 photos_result_count=0 total_entries=0
[PHOTOS_DEBUG] in_process=yes photos_auth_status=denied photos_asset_count=0 photos_offset=0 photos_result_count=0
[PHOTOS_HELPER] status is not_determined, requesting authorization...
[PHOTOS_HELPER] after request authorization status=denied
[PHOTOS_HELPER] not authorized: denied
[PHOTOS_DEBUG] helper_stderr: [PHOTOS_HELPER] status is not_determined, requesting authorization...
[PHOTOS_HELPER] after request authorization status=denied
[PHOTOS_HELPER] not authorized: denied
[PHOTOS_DEBUG] in_process=no photos_helper_path=/Users/yilonglin/NOKI/desktop/target/photos-bin/NokiPhotos.app/Contents/MacOS/noki-photos photos_helper_exists=yes photos_helper_launch_ok=yes photos_auth_status=denied photos_asset_count=0 photos_result_count=0 error=not_authorized
[BROWSER] location=Pictures resolved=/Users/yilonglin/Pictures exists=yes permission=yes raw_count=4 filtered_count=0 image_count=0 error=none
[PHOTOS_DEBUG] pictures_path=/Users/yilonglin/Pictures pictures_file_count=0 raw_count=4 photos_auth_status=denied photos_asset_count=0 photos_result_count=0 total_entries=0
[PHOTOS_DEBUG] in_process=yes photos_auth_status=denied photos_asset_count=0 photos_offset=0 photos_result_count=0
[PHOTOS_HELPER] status is not_determined, requesting authorization...
[PHOTOS_HELPER] after request authorization status=denied
[PHOTOS_HELPER] not authorized: denied
[PHOTOS_DEBUG] helper_stderr: [PHOTOS_HELPER] status is not_determined, requesting authorization...
[PHOTOS_HELPER] after request authorization status=denied
[PHOTOS_HELPER] not authorized: denied
[PHOTOS_DEBUG] in_process=no photos_helper_path=/Users/yilonglin/NOKI/desktop/target/photos-bin/NokiPhotos.app/Contents/MacOS/noki-photos photos_helper_exists=yes photos_helper_launch_ok=yes photos_auth_status=denied photos_asset_count=0 photos_result_count=0 error=not_authorized
[BROWSER] location=Pictures resolved=/Users/yilonglin/Pictures exists=yes permission=yes raw_count=4 filtered_count=0 image_count=0 error=none
[PHOTOS_DEBUG] pictures_path=/Users/yilonglin/Pictures pictures_file_count=0 raw_count=4 photos_auth_status=denied photos_asset_count=0 photos_result_count=0 total_entries=0
[PHOTOS_DEBUG] in_process=yes photos_auth_status=denied photos_asset_count=0 photos_offset=0 photos_result_count=0
[PHOTOS_HELPER] status is not_determined, requesting authorization...
[PHOTOS_HELPER] after request authorization status=denied
[PHOTOS_HELPER] not authorized: denied
[PHOTOS_DEBUG] helper_stderr: [PHOTOS_HELPER] status is not_determined, requesting authorization...
[PHOTOS_HELPER] after request authorization status=denied
[PHOTOS_HELPER] not authorized: denied
[PHOTOS_DEBUG] in_process=no photos_helper_path=/Users/yilonglin/NOKI/desktop/target/photos-bin/NokiPhotos.app/Contents/MacOS/noki-photos photos_helper_exists=yes photos_helper_launch_ok=yes photos_auth_status=denied photos_asset_count=0 photos_result_count=0 error=not_authorized
[BROWSER] location=Pictures resolved=/Users/yilonglin/Pictures exists=yes permission=yes raw_count=4 filtered_count=0 image_count=0 error=none
[PHOTOS_DEBUG] pictures_path=/Users/yilonglin/Pictures pictures_file_count=0 raw_count=4 photos_auth_status=denied photos_asset_count=0 photos_result_count=0 total_entries=0
[PHOTOS_DEBUG] in_process=yes photos_auth_status=denied photos_asset_count=0 photos_offset=0 photos_result_count=0
[PHOTOS_HELPER] status is not_determined, requesting authorization...
[PHOTOS_HELPER] after request authorization status=denied
[PHOTOS_HELPER] not authorized: denied
[PHOTOS_DEBUG] helper_stderr: [PHOTOS_HELPER] status is not_determined, requesting authorization...
[PHOTOS_HELPER] after request authorization status=denied
[PHOTOS_HELPER] not authorized: denied
[PHOTOS_DEBUG] in_process=no photos_helper_path=/Users/yilonglin/NOKI/desktop/target/photos-bin/NokiPhotos.app/Contents/MacOS/noki-photos photos_helper_exists=yes photos_helper_launch_ok=yes photos_auth_status=denied photos_asset_count=0 photos_result_count=0 error=not_authorized
[BROWSER] location=Pictures resolved=/Users/yilonglin/Pictures exists=yes permission=yes raw_count=4 filtered_count=0 image_count=0 error=none
[PHOTOS_DEBUG] pictures_path=/Users/yilonglin/Pictures pictures_file_count=0 raw_count=4 photos_auth_status=denied photos_asset_count=0 photos_result_count=0 total_entries=0
[PHOTOS_DEBUG] in_process=yes photos_auth_status=denied photos_asset_count=0 photos_offset=0 photos_result_count=0
[PHOTOS_HELPER] status is not_determined, requesting authorization...
[PHOTOS_HELPER] after request authorization status=denied
[PHOTOS_HELPER] not authorized: denied
[PHOTOS_DEBUG] helper_stderr: [PHOTOS_HELPER] status is not_determined, requesting authorization...
[PHOTOS_HELPER] after request authorization status=denied
[PHOTOS_HELPER] not authorized: denied
[PHOTOS_DEBUG] in_process=no photos_helper_path=/Users/yilonglin/NOKI/desktop/target/photos-bin/NokiPhotos.app/Contents/MacOS/noki-photos photos_helper_exists=yes photos_helper_launch_ok=yes photos_auth_status=denied photos_asset_count=0 photos_result_count=0 error=not_authorized
[BROWSER] location=Pictures resolved=/Users/yilonglin/Pictures exists=yes permission=yes raw_count=4 filtered_count=0 image_count=0 error=none
[PHOTOS_DEBUG] pictures_path=/Users/yilonglin/Pictures pictures_file_count=0 raw_count=4 photos_auth_status=denied photos_asset_count=0 photos_result_count=0 total_entries=0
[PHOTOS_DEBUG] in_process=yes photos_auth_status=denied photos_asset_count=0 photos_offset=0 photos_result_count=0
[PHOTOS_HELPER] status is not_determined, requesting authorization...
[PHOTOS_HELPER] after request authorization status=denied
[PHOTOS_HELPER] not authorized: denied
[PHOTOS_DEBUG] helper_stderr: [PHOTOS_HELPER] status is not_determined, requesting authorization...
[PHOTOS_HELPER] after request authorization status=denied
[PHOTOS_HELPER] not authorized: denied
[PHOTOS_DEBUG] in_process=no photos_helper_path=/Users/yilonglin/NOKI/desktop/target/photos-bin/NokiPhotos.app/Contents/MacOS/noki-photos photos_helper_exists=yes photos_helper_launch_ok=yes photos_auth_status=denied photos_asset_count=0 photos_result_count=0 error=not_authorized
[BROWSER] location=Pictures resolved=/Users/yilonglin/Pictures exists=yes permission=yes raw_count=4 filtered_count=0 image_count=0 error=none
[PHOTOS_DEBUG] pictures_path=/Users/yilonglin/Pictures pictures_file_count=0 raw_count=4 photos_auth_status=denied photos_asset_count=0 photos_result_count=0 total_entries=0
[PHOTOS_DEBUG] in_process=yes photos_auth_status=denied photos_asset_count=0 photos_offset=0 photos_result_count=0
[PHOTOS_HELPER] status is not_determined, requesting authorization...
[PHOTOS_HELPER] after request authorization status=denied
[PHOTOS_HELPER] not authorized: denied
[PHOTOS_DEBUG] helper_stderr: [PHOTOS_HELPER] status is not_determined, requesting authorization...
[PHOTOS_HELPER] after request authorization status=denied
[PHOTOS_HELPER] not authorized: denied
[PHOTOS_DEBUG] in_process=no photos_helper_path=/Users/yilonglin/NOKI/desktop/target/photos-bin/NokiPhotos.app/Contents/MacOS/noki-photos photos_helper_exists=yes photos_helper_launch_ok=yes photos_auth_status=denied photos_asset_count=0 photos_result_count=0 error=not_authorized
[BROWSER] location=Pictures resolved=/Users/yilonglin/Pictures exists=yes permission=yes raw_count=4 filtered_count=0 image_count=0 error=none
[PHOTOS_DEBUG] pictures_path=/Users/yilonglin/Pictures pictures_file_count=0 raw_count=4 photos_auth_status=denied photos_asset_count=0 photos_result_count=0 total_entries=0
[PHOTOS_DEBUG] in_process=yes photos_auth_status=denied photos_asset_count=0 photos_offset=0 photos_result_count=0
[PHOTOS_HELPER] status is not_determined, requesting authorization...
[PHOTOS_HELPER] after request authorization status=denied
[PHOTOS_HELPER] not authorized: denied
[PHOTOS_DEBUG] helper_stderr: [PHOTOS_HELPER] status is not_determined, requesting authorization...
[PHOTOS_HELPER] after request authorization status=denied
[PHOTOS_HELPER] not authorized: denied
[PHOTOS_DEBUG] in_process=no photos_helper_path=/Users/yilonglin/NOKI/desktop/target/photos-bin/NokiPhotos.app/Contents/MacOS/noki-photos photos_helper_exists=yes photos_helper_launch_ok=yes photos_auth_status=denied photos_asset_count=0 photos_result_count=0 error=not_authorized
[BROWSER] location=Pictures resolved=/Users/yilonglin/Pictures exists=yes permission=yes raw_count=4 filtered_count=0 image_count=0 error=none
[PHOTOS_DEBUG] pictures_path=/Users/yilonglin/Pictures pictures_file_count=0 raw_count=4 photos_auth_status=denied photos_asset_count=0 photos_result_count=0 total_entries=0
[PHOTOS_DEBUG] in_process=yes photos_auth_status=denied photos_asset_count=0 photos_offset=0 photos_result_count=0
[PHOTOS_HELPER] status is not_determined, requesting authorization...
[PHOTOS_HELPER] after request authorization status=denied
[PHOTOS_HELPER] not authorized: denied
[PHOTOS_DEBUG] helper_stderr: [PHOTOS_HELPER] status is not_determined, requesting authorization...
[PHOTOS_HELPER] after request authorization status=denied
[PHOTOS_HELPER] not authorized: denied
[PHOTOS_DEBUG] in_process=no photos_helper_path=/Users/yilonglin/NOKI/desktop/target/photos-bin/NokiPhotos.app/Contents/MacOS/noki-photos photos_helper_exists=yes photos_helper_launch_ok=yes photos_auth_status=denied photos_asset_count=0 photos_result_count=0 error=not_authorized
[BROWSER] location=Pictures resolved=/Users/yilonglin/Pictures exists=yes permission=yes raw_count=4 filtered_count=0 image_count=0 error=none
[PHOTOS_DEBUG] pictures_path=/Users/yilonglin/Pictures pictures_file_count=0 raw_count=4 photos_auth_status=denied photos_asset_count=0 photos_result_count=0 total_entries=0
[PHOTOS_DEBUG] in_process=yes photos_auth_status=denied photos_asset_count=0 photos_offset=0 photos_result_count=0
[PHOTOS_HELPER] status is not_determined, requesting authorization...
[PHOTOS_HELPER] after request authorization status=denied
[PHOTOS_HELPER] not authorized: denied
[PHOTOS_DEBUG] helper_stderr: [PHOTOS_HELPER] status is not_determined, requesting authorization...
[PHOTOS_HELPER] after request authorization status=denied
[PHOTOS_HELPER] not authorized: denied
[PHOTOS_DEBUG] in_process=no photos_helper_path=/Users/yilonglin/NOKI/desktop/target/photos-bin/NokiPhotos.app/Contents/MacOS/noki-photos photos_helper_exists=yes photos_helper_launch_ok=yes photos_auth_status=denied photos_asset_count=0 photos_result_count=0 error=not_authorized
[BROWSER] location=Pictures resolved=/Users/yilonglin/Pictures exists=yes permission=yes raw_count=4 filtered_count=0 image_count=0 error=none
[PHOTOS_DEBUG] pictures_path=/Users/yilonglin/Pictures pictures_file_count=0 raw_count=4 photos_auth_status=denied photos_asset_count=0 photos_result_count=0 total_entries=0
[PHOTOS_DEBUG] in_process=yes photos_auth_status=denied photos_asset_count=0 photos_offset=0 photos_result_count=0
[PHOTOS_HELPER] status is not_determined, requesting authorization...
[PHOTOS_HELPER] after request authorization status=denied
[PHOTOS_HELPER] not authorized: denied
[PHOTOS_DEBUG] helper_stderr: [PHOTOS_HELPER] status is not_determined, requesting authorization...
[PHOTOS_HELPER] after request authorization status=denied
[PHOTOS_HELPER] not authorized: denied
[PHOTOS_DEBUG] in_process=no photos_helper_path=/Users/yilonglin/NOKI/desktop/target/photos-bin/NokiPhotos.app/Contents/MacOS/noki-photos photos_helper_exists=yes photos_helper_launch_ok=yes photos_auth_status=denied photos_asset_count=0 photos_result_count=0 error=not_authorized
[BROWSER] location=Pictures resolved=/Users/yilonglin/Pictures exists=yes permission=yes raw_count=4 filtered_count=0 image_count=0 error=none
[PHOTOS_DEBUG] pictures_path=/Users/yilonglin/Pictures pictures_file_count=0 raw_count=4 photos_auth_status=denied photos_asset_count=0 photos_result_count=0 total_entries=0
[PHOTOS_DEBUG] in_process=yes photos_auth_status=denied photos_asset_count=0 photos_offset=0 photos_result_count=0
[PHOTOS_HELPER] status is not_determined, requesting authorization...
[PHOTOS_HELPER] after request authorization status=denied
[PHOTOS_HELPER] not authorized: denied
[PHOTOS_DEBUG] helper_stderr: [PHOTOS_HELPER] status is not_determined, requesting authorization...
[PHOTOS_HELPER] after request authorization status=denied
[PHOTOS_HELPER] not authorized: denied
[PHOTOS_DEBUG] in_process=no photos_helper_path=/Users/yilonglin/NOKI/desktop/target/photos-bin/NokiPhotos.app/Contents/MacOS/noki-photos photos_helper_exists=yes photos_helper_launch_ok=yes photos_auth_status=denied photos_asset_count=0 photos_result_count=0 error=not_authorized
[BROWSER] location=Pictures resolved=/Users/yilonglin/Pictures exists=yes permission=yes raw_count=4 filtered_count=0 image_count=0 error=none
[PHOTOS_DEBUG] pictures_path=/Users/yilonglin/Pictures pictures_file_count=0 raw_count=4 photos_auth_status=denied photos_asset_count=0 photos_result_count=0 total_entries=0
[PHOTOS_DEBUG] in_process=yes photos_auth_status=denied photos_asset_count=0 photos_offset=0 photos_result_count=0
[PHOTOS_HELPER] status is not_determined, requesting authorization...
[PHOTOS_HELPER] after request authorization status=denied
[PHOTOS_HELPER] not authorized: denied
[PHOTOS_DEBUG] helper_stderr: [PHOTOS_HELPER] status is not_determined, requesting authorization...
[PHOTOS_HELPER] after request authorization status=denied
[PHOTOS_HELPER] not authorized: denied
[PHOTOS_DEBUG] in_process=no photos_helper_path=/Users/yilonglin/NOKI/desktop/target/photos-bin/NokiPhotos.app/Contents/MacOS/noki-photos photos_helper_exists=yes photos_helper_launch_ok=yes photos_auth_status=denied photos_asset_count=0 photos_result_count=0 error=not_authorized
[BROWSER] location=Pictures resolved=/Users/yilonglin/Pictures exists=yes permission=yes raw_count=4 filtered_count=0 image_count=0 error=none
[PHOTOS_DEBUG] pictures_path=/Users/yilonglin/Pictures pictures_file_count=0 raw_count=4 photos_auth_status=denied photos_asset_count=0 photos_result_count=0 total_entries=0
[PHOTOS_DEBUG] in_process=yes photos_auth_status=denied photos_asset_count=0 photos_offset=0 photos_result_count=0
[PHOTOS_HELPER] status is not_determined, requesting authorization...
[PHOTOS_HELPER] after request authorization status=denied
[PHOTOS_HELPER] not authorized: denied
[PHOTOS_DEBUG] helper_stderr: [PHOTOS_HELPER] status is not_determined, requesting authorization...
[PHOTOS_HELPER] after request authorization status=denied
[PHOTOS_HELPER] not authorized: denied
[PHOTOS_DEBUG] in_process=no photos_helper_path=/Users/yilonglin/NOKI/desktop/target/photos-bin/NokiPhotos.app/Contents/MacOS/noki-photos photos_helper_exists=yes photos_helper_launch_ok=yes photos_auth_status=denied photos_asset_count=0 photos_result_count=0 error=not_authorized
[BROWSER] location=Pictures resolved=/Users/yilonglin/Pictures exists=yes permission=yes raw_count=4 filtered_count=0 image_count=0 error=none
[PHOTOS_DEBUG] pictures_path=/Users/yilonglin/Pictures pictures_file_count=0 raw_count=4 photos_auth_status=denied photos_asset_count=0 photos_result_count=0 total_entries=0
[PHOTOS_DEBUG] in_process=yes photos_auth_status=denied photos_asset_count=0 photos_offset=0 photos_result_count=0
[PHOTOS_HELPER] status is not_determined, requesting authorization...
[PHOTOS_HELPER] after request authorization status=denied
[PHOTOS_HELPER] not authorized: denied
[PHOTOS_DEBUG] helper_stderr: [PHOTOS_HELPER] status is not_determined, requesting authorization...
[PHOTOS_HELPER] after request authorization status=denied
[PHOTOS_HELPER] not authorized: denied
[PHOTOS_DEBUG] in_process=no photos_helper_path=/Users/yilonglin/NOKI/desktop/target/photos-bin/NokiPhotos.app/Contents/MacOS/noki-photos photos_helper_exists=yes photos_helper_launch_ok=yes photos_auth_status=denied photos_asset_count=0 photos_result_count=0 error=not_authorized
[BROWSER] location=Pictures resolved=/Users/yilonglin/Pictures exists=yes permission=yes raw_count=4 filtered_count=0 image_count=0 error=none
[PHOTOS_DEBUG] pictures_path=/Users/yilonglin/Pictures pictures_file_count=0 raw_count=4 photos_auth_status=denied photos_asset_count=0 photos_result_count=0 total_entries=0
[PHOTOS_DEBUG] in_process=yes photos_auth_status=denied photos_asset_count=0 photos_offset=0 photos_result_count=0
[PHOTOS_HELPER] status is not_determined, requesting authorization...
[PHOTOS_HELPER] after request authorization status=denied
[PHOTOS_HELPER] not authorized: denied
[PHOTOS_DEBUG] helper_stderr: [PHOTOS_HELPER] status is not_determined, requesting authorization...
[PHOTOS_HELPER] after request authorization status=denied
[PHOTOS_HELPER] not authorized: denied
[PHOTOS_DEBUG] in_process=no photos_helper_path=/Users/yilonglin/NOKI/desktop/target/photos-bin/NokiPhotos.app/Contents/MacOS/noki-photos photos_helper_exists=yes photos_helper_launch_ok=yes photos_auth_status=denied photos_asset_count=0 photos_result_count=0 error=not_authorized
[BROWSER] location=Pictures resolved=/Users/yilonglin/Pictures exists=yes permission=yes raw_count=4 filtered_count=0 image_count=0 error=none
[PHOTOS_DEBUG] pictures_path=/Users/yilonglin/Pictures pictures_file_count=0 raw_count=4 photos_auth_status=denied photos_asset_count=0 photos_result_count=0 total_entries=0
[PHOTOS_DEBUG] in_process=yes photos_auth_status=denied photos_asset_count=0 photos_offset=0 photos_result_count=0
[PHOTOS_HELPER] status is not_determined, requesting authorization...
[PHOTOS_HELPER] after request authorization status=denied
[PHOTOS_HELPER] not authorized: denied
[PHOTOS_DEBUG] helper_stderr: [PHOTOS_HELPER] status is not_determined, requesting authorization...
[PHOTOS_HELPER] after request authorization status=denied
[PHOTOS_HELPER] not authorized: denied
[PHOTOS_DEBUG] in_process=no photos_helper_path=/Users/yilonglin/NOKI/desktop/target/photos-bin/NokiPhotos.app/Contents/MacOS/noki-photos photos_helper_exists=yes photos_helper_launch_ok=yes photos_auth_status=denied photos_asset_count=0 photos_result_count=0 error=not_authorized
[BROWSER] location=Pictures resolved=/Users/yilonglin/Pictures exists=yes permission=yes raw_count=4 filtered_count=0 image_count=0 error=none
[PHOTOS_DEBUG] pictures_path=/Users/yilonglin/Pictures pictures_file_count=0 raw_count=4 photos_auth_status=denied photos_asset_count=0 photos_result_count=0 total_entries=0
[PHOTOS_DEBUG] in_process=yes photos_auth_status=denied photos_asset_count=0 photos_offset=0 photos_result_count=0
[PHOTOS_HELPER] status is not_determined, requesting authorization...
[PHOTOS_HELPER] after request authorization status=denied
[PHOTOS_HELPER] not authorized: denied
[PHOTOS_DEBUG] helper_stderr: [PHOTOS_HELPER] status is not_determined, requesting authorization...
[PHOTOS_HELPER] after request authorization status=denied
[PHOTOS_HELPER] not authorized: denied
[PHOTOS_DEBUG] in_process=no photos_helper_path=/Users/yilonglin/NOKI/desktop/target/photos-bin/NokiPhotos.app/Contents/MacOS/noki-photos photos_helper_exists=yes photos_helper_launch_ok=yes photos_auth_status=denied photos_asset_count=0 photos_result_count=0 error=not_authorized
[BROWSER] location=Pictures resolved=/Users/yilonglin/Pictures exists=yes permission=yes raw_count=4 filtered_count=0 image_count=0 error=none
[PHOTOS_DEBUG] pictures_path=/Users/yilonglin/Pictures pictures_file_count=0 raw_count=4 photos_auth_status=denied photos_asset_count=0 photos_result_count=0 total_entries=0
[PHOTOS_DEBUG] in_process=yes photos_auth_status=denied photos_asset_count=0 photos_offset=0 photos_result_count=0
[PHOTOS_HELPER] status is not_determined, requesting authorization...
[PHOTOS_HELPER] after request authorization status=denied
[PHOTOS_HELPER] not authorized: denied
[PHOTOS_DEBUG] helper_stderr: [PHOTOS_HELPER] status is not_determined, requesting authorization...
[PHOTOS_HELPER] after request authorization status=denied
[PHOTOS_HELPER] not authorized: denied
[PHOTOS_DEBUG] in_process=no photos_helper_path=/Users/yilonglin/NOKI/desktop/target/photos-bin/NokiPhotos.app/Contents/MacOS/noki-photos photos_helper_exists=yes photos_helper_launch_ok=yes photos_auth_status=denied photos_asset_count=0 photos_result_count=0 error=not_authorized
[BROWSER] location=Pictures resolved=/Users/yilonglin/Pictures exists=yes permission=yes raw_count=4 filtered_count=0 image_count=0 error=none
[PHOTOS_DEBUG] pictures_path=/Users/yilonglin/Pictures pictures_file_count=0 raw_count=4 photos_auth_status=denied photos_asset_count=0 photos_result_count=0 total_entries=0
[PHOTOS_DEBUG] in_process=yes photos_auth_status=denied photos_asset_count=0 photos_offset=0 photos_result_count=0
[PHOTOS_HELPER] status is not_determined, requesting authorization...
[PHOTOS_HELPER] after request authorization status=denied
[PHOTOS_HELPER] not authorized: denied
[PHOTOS_DEBUG] helper_stderr: [PHOTOS_HELPER] status is not_determined, requesting authorization...
[PHOTOS_HELPER] after request authorization status=denied
[PHOTOS_HELPER] not authorized: denied
[PHOTOS_DEBUG] in_process=no photos_helper_path=/Users/yilonglin/NOKI/desktop/target/photos-bin/NokiPhotos.app/Contents/MacOS/noki-photos photos_helper_exists=yes photos_helper_launch_ok=yes photos_auth_status=denied photos_asset_count=0 photos_result_count=0 error=not_authorized
[BROWSER] location=Pictures resolved=/Users/yilonglin/Pictures exists=yes permission=yes raw_count=4 filtered_count=0 image_count=0 error=none
[PHOTOS_DEBUG] pictures_path=/Users/yilonglin/Pictures pictures_file_count=0 raw_count=4 photos_auth_status=denied photos_asset_count=0 photos_result_count=0 total_entries=0
[PHOTOS_DEBUG] in_process=yes photos_auth_status=denied photos_asset_count=0 photos_offset=0 photos_result_count=0
[PHOTOS_HELPER] status is not_determined, requesting authorization...
[PHOTOS_HELPER] after request authorization status=denied
[PHOTOS_HELPER] not authorized: denied
[PHOTOS_DEBUG] helper_stderr: [PHOTOS_HELPER] status is not_determined, requesting authorization...
[PHOTOS_HELPER] after request authorization status=denied
[PHOTOS_HELPER] not authorized: denied
[PHOTOS_DEBUG] in_process=no photos_helper_path=/Users/yilonglin/NOKI/desktop/target/photos-bin/NokiPhotos.app/Contents/MacOS/noki-photos photos_helper_exists=yes photos_helper_launch_ok=yes photos_auth_status=denied photos_asset_count=0 photos_result_count=0 error=not_authorized
[BROWSER] location=Pictures resolved=/Users/yilonglin/Pictures exists=yes permission=yes raw_count=4 filtered_count=0 image_count=0 error=none
[PHOTOS_DEBUG] pictures_path=/Users/yilonglin/Pictures pictures_file_count=0 raw_count=4 photos_auth_status=denied photos_asset_count=0 photos_result_count=0 total_entries=0
[PHOTOS_DEBUG] in_process=yes photos_auth_status=denied photos_asset_count=0 photos_offset=0 photos_result_count=0
[PHOTOS_HELPER] status is not_determined, requesting authorization...
[PHOTOS_HELPER] after request authorization status=denied
[PHOTOS_HELPER] not authorized: denied
[PHOTOS_DEBUG] helper_stderr: [PHOTOS_HELPER] status is not_determined, requesting authorization...
[PHOTOS_HELPER] after request authorization status=denied
[PHOTOS_HELPER] not authorized: denied
[PHOTOS_DEBUG] in_process=no photos_helper_path=/Users/yilonglin/NOKI/desktop/target/photos-bin/NokiPhotos.app/Contents/MacOS/noki-photos photos_helper_exists=yes photos_helper_launch_ok=yes photos_auth_status=denied photos_asset_count=0 photos_result_count=0 error=not_authorized
[BROWSER] location=Pictures resolved=/Users/yilonglin/Pictures exists=yes permission=yes raw_count=4 filtered_count=0 image_count=0 error=none
[PHOTOS_DEBUG] pictures_path=/Users/yilonglin/Pictures pictures_file_count=0 raw_count=4 photos_auth_status=denied photos_asset_count=0 photos_result_count=0 total_entries=0
[PHOTOS_DEBUG] in_process=yes photos_auth_status=denied photos_asset_count=0 photos_offset=0 photos_result_count=0
[PHOTOS_HELPER] status is not_determined, requesting authorization...
[PHOTOS_HELPER] after request authorization status=denied
[PHOTOS_HELPER] not authorized: denied
[PHOTOS_DEBUG] helper_stderr: [PHOTOS_HELPER] status is not_determined, requesting authorization...
[PHOTOS_HELPER] after request authorization status=denied
[PHOTOS_HELPER] not authorized: denied
[PHOTOS_DEBUG] in_process=no photos_helper_path=/Users/yilonglin/NOKI/desktop/target/photos-bin/NokiPhotos.app/Contents/MacOS/noki-photos photos_helper_exists=yes photos_helper_launch_ok=yes photos_auth_status=denied photos_asset_count=0 photos_result_count=0 error=not_authorized
[BROWSER] location=Pictures resolved=/Users/yilonglin/Pictures exists=yes permission=yes raw_count=4 filtered_count=0 image_count=0 error=none
[PHOTOS_DEBUG] pictures_path=/Users/yilonglin/Pictures pictures_file_count=0 raw_count=4 photos_auth_status=denied photos_asset_count=0 photos_result_count=0 total_entries=0
[PHOTOS_DEBUG] in_process=yes photos_auth_status=denied photos_asset_count=0 photos_offset=0 photos_result_count=0
[PHOTOS_HELPER] status is not_determined, requesting authorization...
[PHOTOS_HELPER] after request authorization status=denied
[PHOTOS_HELPER] not authorized: denied
[PHOTOS_DEBUG] helper_stderr: [PHOTOS_HELPER] status is not_determined, requesting authorization...
[PHOTOS_HELPER] after request authorization status=denied
[PHOTOS_HELPER] not authorized: denied
[PHOTOS_DEBUG] in_process=no photos_helper_path=/Users/yilonglin/NOKI/desktop/target/photos-bin/NokiPhotos.app/Contents/MacOS/noki-photos photos_helper_exists=yes photos_helper_launch_ok=yes photos_auth_status=denied photos_asset_count=0 photos_result_count=0 error=not_authorized
[BROWSER] location=Pictures resolved=/Users/yilonglin/Pictures exists=yes permission=yes raw_count=4 filtered_count=0 image_count=0 error=none
[PHOTOS_DEBUG] pictures_path=/Users/yilonglin/Pictures pictures_file_count=0 raw_count=4 photos_auth_status=denied photos_asset_count=0 photos_result_count=0 total_entries=0
[PHOTOS_DEBUG] in_process=yes photos_auth_status=denied photos_asset_count=0 photos_offset=0 photos_result_count=0
[PHOTOS_HELPER] status is not_determined, requesting authorization...
[PHOTOS_HELPER] after request authorization status=denied
[PHOTOS_HELPER] not authorized: denied
[PHOTOS_DEBUG] helper_stderr: [PHOTOS_HELPER] status is not_determined, requesting authorization...
[PHOTOS_HELPER] after request authorization status=denied
[PHOTOS_HELPER] not authorized: denied
[PHOTOS_DEBUG] in_process=no photos_helper_path=/Users/yilonglin/NOKI/desktop/target/photos-bin/NokiPhotos.app/Contents/MacOS/noki-photos photos_helper_exists=yes photos_helper_launch_ok=yes photos_auth_status=denied photos_asset_count=0 photos_result_count=0 error=not_authorized
[BROWSER] location=Pictures resolved=/Users/yilonglin/Pictures exists=yes permission=yes raw_count=4 filtered_count=0 image_count=0 error=none
[PHOTOS_DEBUG] pictures_path=/Users/yilonglin/Pictures pictures_file_count=0 raw_count=4 photos_auth_status=denied photos_asset_count=0 photos_result_count=0 total_entries=0
[PHOTOS_DEBUG] in_process=yes photos_auth_status=denied photos_asset_count=0 photos_offset=0 photos_result_count=0
[PHOTOS_HELPER] status is not_determined, requesting authorization...
[PHOTOS_HELPER] after request authorization status=denied
[PHOTOS_HELPER] not authorized: denied
[PHOTOS_DEBUG] helper_stderr: [PHOTOS_HELPER] status is not_determined, requesting authorization...
[PHOTOS_HELPER] after request authorization status=denied
[PHOTOS_HELPER] not authorized: denied
[PHOTOS_DEBUG] in_process=no photos_helper_path=/Users/yilonglin/NOKI/desktop/target/photos-bin/NokiPhotos.app/Contents/MacOS/noki-photos photos_helper_exists=yes photos_helper_launch_ok=yes photos_auth_status=denied photos_asset_count=0 photos_result_count=0 error=not_authorized
[BROWSER] location=Pictures resolved=/Users/yilonglin/Pictures exists=yes permission=yes raw_count=4 filtered_count=0 image_count=0 error=none
[PHOTOS_DEBUG] pictures_path=/Users/yilonglin/Pictures pictures_file_count=0 raw_count=4 photos_auth_status=denied photos_asset_count=0 photos_result_count=0 total_entries=0
[PHOTOS_DEBUG] in_process=yes photos_auth_status=denied photos_asset_count=0 photos_offset=0 photos_result_count=0
[PHOTOS_HELPER] status is not_determined, requesting authorization...
[PHOTOS_HELPER] after request authorization status=denied
[PHOTOS_HELPER] not authorized: denied
[PHOTOS_DEBUG] helper_stderr: [PHOTOS_HELPER] status is not_determined, requesting authorization...
[PHOTOS_HELPER] after request authorization status=denied
[PHOTOS_HELPER] not authorized: denied
[PHOTOS_DEBUG] in_process=no photos_helper_path=/Users/yilonglin/NOKI/desktop/target/photos-bin/NokiPhotos.app/Contents/MacOS/noki-photos photos_helper_exists=yes photos_helper_launch_ok=yes photos_auth_status=denied photos_asset_count=0 photos_result_count=0 error=not_authorized
[BROWSER] location=Pictures resolved=/Users/yilonglin/Pictures exists=yes permission=yes raw_count=4 filtered_count=0 image_count=0 error=none
[PHOTOS_DEBUG] pictures_path=/Users/yilonglin/Pictures pictures_file_count=0 raw_count=4 photos_auth_status=denied photos_asset_count=0 photos_result_count=0 total_entries=0
[PHOTOS_DEBUG] in_process=yes photos_auth_status=denied photos_asset_count=0 photos_offset=0 photos_result_count=0
[PHOTOS_HELPER] status is not_determined, requesting authorization...
[PHOTOS_HELPER] after request authorization status=denied
[PHOTOS_HELPER] not authorized: denied
[PHOTOS_DEBUG] helper_stderr: [PHOTOS_HELPER] status is not_determined, requesting authorization...
[PHOTOS_HELPER] after request authorization status=denied
[PHOTOS_HELPER] not authorized: denied
[PHOTOS_DEBUG] in_process=no photos_helper_path=/Users/yilonglin/NOKI/desktop/target/photos-bin/NokiPhotos.app/Contents/MacOS/noki-photos photos_helper_exists=yes photos_helper_launch_ok=yes photos_auth_status=denied photos_asset_count=0 photos_result_count=0 error=not_authorized
[BROWSER] location=Pictures resolved=/Users/yilonglin/Pictures exists=yes permission=yes raw_count=4 filtered_count=0 image_count=0 error=none
[PHOTOS_DEBUG] pictures_path=/Users/yilonglin/Pictures pictures_file_count=0 raw_count=4 photos_auth_status=denied photos_asset_count=0 photos_result_count=0 total_entries=0
[PHOTOS_DEBUG] in_process=yes photos_auth_status=denied photos_asset_count=0 photos_offset=0 photos_result_count=0
[PHOTOS_HELPER] status is not_determined, requesting authorization...
[PHOTOS_HELPER] after request authorization status=denied
[PHOTOS_HELPER] not authorized: denied
[PHOTOS_DEBUG] helper_stderr: [PHOTOS_HELPER] status is not_determined, requesting authorization...
[PHOTOS_HELPER] after request authorization status=denied
[PHOTOS_HELPER] not authorized: denied
[PHOTOS_DEBUG] in_process=no photos_helper_path=/Users/yilonglin/NOKI/desktop/target/photos-bin/NokiPhotos.app/Contents/MacOS/noki-photos photos_helper_exists=yes photos_helper_launch_ok=yes photos_auth_status=denied photos_asset_count=0 photos_result_count=0 error=not_authorized
[BROWSER] location=Pictures resolved=/Users/yilonglin/Pictures exists=yes permission=yes raw_count=4 filtered_count=0 image_count=0 error=none
[PHOTOS_DEBUG] pictures_path=/Users/yilonglin/Pictures pictures_file_count=0 raw_count=4 photos_auth_status=denied photos_asset_count=0 photos_result_count=0 total_entries=0
[PHOTOS_DEBUG] in_process=yes photos_auth_status=denied photos_asset_count=0 photos_offset=0 photos_result_count=0
[PHOTOS_HELPER] status is not_determined, requesting authorization...
[PHOTOS_HELPER] after request authorization status=denied
[PHOTOS_HELPER] not authorized: denied
[PHOTOS_DEBUG] helper_stderr: [PHOTOS_HELPER] status is not_determined, requesting authorization...
[PHOTOS_HELPER] after request authorization status=denied
[PHOTOS_HELPER] not authorized: denied
[PHOTOS_DEBUG] in_process=no photos_helper_path=/Users/yilonglin/NOKI/desktop/target/photos-bin/NokiPhotos.app/Contents/MacOS/noki-photos photos_helper_exists=yes photos_helper_launch_ok=yes photos_auth_status=denied photos_asset_count=0 photos_result_count=0 error=not_authorized
[BROWSER] location=Pictures resolved=/Users/yilonglin/Pictures exists=yes permission=yes raw_count=4 filtered_count=0 image_count=0 error=none
[PHOTOS_DEBUG] pictures_path=/Users/yilonglin/Pictures pictures_file_count=0 raw_count=4 photos_auth_status=denied photos_asset_count=0 photos_result_count=0 total_entries=0
[PHOTOS_DEBUG] in_process=yes photos_auth_status=denied photos_asset_count=0 photos_offset=0 photos_result_count=0
[PHOTOS_HELPER] status is not_determined, requesting authorization...
[PHOTOS_HELPER] after request authorization status=denied
[PHOTOS_HELPER] not authorized: denied
[PHOTOS_DEBUG] helper_stderr: [PHOTOS_HELPER] status is not_determined, requesting authorization...
[PHOTOS_HELPER] after request authorization status=denied
[PHOTOS_HELPER] not authorized: denied
[PHOTOS_DEBUG] in_process=no photos_helper_path=/Users/yilonglin/NOKI/desktop/target/photos-bin/NokiPhotos.app/Contents/MacOS/noki-photos photos_helper_exists=yes photos_helper_launch_ok=yes photos_auth_status=denied photos_asset_count=0 photos_result_count=0 error=not_authorized
[BROWSER] location=Pictures resolved=/Users/yilonglin/Pictures exists=yes permission=yes raw_count=4 filtered_count=0 image_count=0 error=none
[PHOTOS_DEBUG] pictures_path=/Users/yilonglin/Pictures pictures_file_count=0 raw_count=4 photos_auth_status=denied photos_asset_count=0 photos_result_count=0 total_entries=0
[PHOTOS_DEBUG] in_process=yes photos_auth_status=denied photos_asset_count=0 photos_offset=0 photos_result_count=0
[PHOTOS_HELPER] status is not_determined, requesting authorization...
[PHOTOS_HELPER] after request authorization status=denied
[PHOTOS_HELPER] not authorized: denied
[PHOTOS_DEBUG] helper_stderr: [PHOTOS_HELPER] status is not_determined, requesting authorization...
[PHOTOS_HELPER] after request authorization status=denied
[PHOTOS_HELPER] not authorized: denied
[PHOTOS_DEBUG] in_process=no photos_helper_path=/Users/yilonglin/NOKI/desktop/target/photos-bin/NokiPhotos.app/Contents/MacOS/noki-photos photos_helper_exists=yes photos_helper_launch_ok=yes photos_auth_status=denied photos_asset_count=0 photos_result_count=0 error=not_authorized
[BROWSER] location=Pictures resolved=/Users/yilonglin/Pictures exists=yes permission=yes raw_count=4 filtered_count=0 image_count=0 error=none
[PHOTOS_DEBUG] pictures_path=/Users/yilonglin/Pictures pictures_file_count=0 raw_count=4 photos_auth_status=denied photos_asset_count=0 photos_result_count=0 total_entries=0
[PHOTOS_DEBUG] in_process=yes photos_auth_status=denied photos_asset_count=0 photos_offset=0 photos_result_count=0
[PHOTOS_HELPER] status is not_determined, requesting authorization...
[PHOTOS_HELPER] after request authorization status=denied
[PHOTOS_HELPER] not authorized: denied
[PHOTOS_DEBUG] helper_stderr: [PHOTOS_HELPER] status is not_determined, requesting authorization...
[PHOTOS_HELPER] after request authorization status=denied
[PHOTOS_HELPER] not authorized: denied
[PHOTOS_DEBUG] in_process=no photos_helper_path=/Users/yilonglin/NOKI/desktop/target/photos-bin/NokiPhotos.app/Contents/MacOS/noki-photos photos_helper_exists=yes photos_helper_launch_ok=yes photos_auth_status=denied photos_asset_count=0 photos_result_count=0 error=not_authorized
[BROWSER] location=Pictures resolved=/Users/yilonglin/Pictures exists=yes permission=yes raw_count=4 filtered_count=0 image_count=0 error=none
[PHOTOS_DEBUG] pictures_path=/Users/yilonglin/Pictures pictures_file_count=0 raw_count=4 photos_auth_status=denied photos_asset_count=0 photos_result_count=0 total_entries=0
[PHOTOS_DEBUG] in_process=yes photos_auth_status=denied photos_asset_count=0 photos_offset=0 photos_result_count=0
[PHOTOS_HELPER] status is not_determined, requesting authorization...
[PHOTOS_HELPER] after request authorization status=denied
[PHOTOS_HELPER] not authorized: denied
[PHOTOS_DEBUG] helper_stderr: [PHOTOS_HELPER] status is not_determined, requesting authorization...
[PHOTOS_HELPER] after request authorization status=denied
[PHOTOS_HELPER] not authorized: denied
[PHOTOS_DEBUG] in_process=no photos_helper_path=/Users/yilonglin/NOKI/desktop/target/photos-bin/NokiPhotos.app/Contents/MacOS/noki-photos photos_helper_exists=yes photos_helper_launch_ok=yes photos_auth_status=denied photos_asset_count=0 photos_result_count=0 error=not_authorized
[BROWSER] location=Pictures resolved=/Users/yilonglin/Pictures exists=yes permission=yes raw_count=4 filtered_count=0 image_count=0 error=none
[PHOTOS_DEBUG] pictures_path=/Users/yilonglin/Pictures pictures_file_count=0 raw_count=4 photos_auth_status=denied photos_asset_count=0 photos_result_count=0 total_entries=0
[PHOTOS_DEBUG] in_process=yes photos_auth_status=denied photos_asset_count=0 photos_offset=0 photos_result_count=0
[PHOTOS_HELPER] status is not_determined, requesting authorization...
[PHOTOS_HELPER] after request authorization status=denied
[PHOTOS_HELPER] not authorized: denied
[PHOTOS_DEBUG] helper_stderr: [PHOTOS_HELPER] status is not_determined, requesting authorization...
[PHOTOS_HELPER] after request authorization status=denied
[PHOTOS_HELPER] not authorized: denied
[PHOTOS_DEBUG] in_process=no photos_helper_path=/Users/yilonglin/NOKI/desktop/target/photos-bin/NokiPhotos.app/Contents/MacOS/noki-photos photos_helper_exists=yes photos_helper_launch_ok=yes photos_auth_status=denied photos_asset_count=0 photos_result_count=0 error=not_authorized
[BROWSER] location=Pictures resolved=/Users/yilonglin/Pictures exists=yes permission=yes raw_count=4 filtered_count=0 image_count=0 error=none
[PHOTOS_DEBUG] pictures_path=/Users/yilonglin/Pictures pictures_file_count=0 raw_count=4 photos_auth_status=denied photos_asset_count=0 photos_result_count=0 total_entries=0
[PHOTOS_DEBUG] in_process=yes photos_auth_status=denied photos_asset_count=0 photos_offset=0 photos_result_count=0
[PHOTOS_HELPER] status is not_determined, requesting authorization...
[PHOTOS_HELPER] after request authorization status=denied
[PHOTOS_HELPER] not authorized: denied
[PHOTOS_DEBUG] helper_stderr: [PHOTOS_HELPER] status is not_determined, requesting authorization...
[PHOTOS_HELPER] after request authorization status=denied
[PHOTOS_HELPER] not authorized: denied
[PHOTOS_DEBUG] in_process=no photos_helper_path=/Users/yilonglin/NOKI/desktop/target/photos-bin/NokiPhotos.app/Contents/MacOS/noki-photos photos_helper_exists=yes photos_helper_launch_ok=yes photos_auth_status=denied photos_asset_count=0 photos_result_count=0 error=not_authorized
[BROWSER] location=Pictures resolved=/Users/yilonglin/Pictures exists=yes permission=yes raw_count=4 filtered_count=0 image_count=0 error=none
[PHOTOS_DEBUG] pictures_path=/Users/yilonglin/Pictures pictures_file_count=0 raw_count=4 photos_auth_status=denied photos_asset_count=0 photos_result_count=0 total_entries=0
[PHOTOS_DEBUG] in_process=yes photos_auth_status=denied photos_asset_count=0 photos_offset=0 photos_result_count=0
[PHOTOS_HELPER] status is not_determined, requesting authorization...
[PHOTOS_HELPER] after request authorization status=denied
[PHOTOS_HELPER] not authorized: denied
[PHOTOS_DEBUG] helper_stderr: [PHOTOS_HELPER] status is not_determined, requesting authorization...
[PHOTOS_HELPER] after request authorization status=denied
[PHOTOS_HELPER] not authorized: denied
[PHOTOS_DEBUG] in_process=no photos_helper_path=/Users/yilonglin/NOKI/desktop/target/photos-bin/NokiPhotos.app/Contents/MacOS/noki-photos photos_helper_exists=yes photos_helper_launch_ok=yes photos_auth_status=denied photos_asset_count=0 photos_result_count=0 error=not_authorized
[BROWSER] location=Pictures resolved=/Users/yilonglin/Pictures exists=yes permission=yes raw_count=4 filtered_count=0 image_count=0 error=none
[PHOTOS_DEBUG] pictures_path=/Users/yilonglin/Pictures pictures_file_count=0 raw_count=4 photos_auth_status=denied photos_asset_count=0 photos_result_count=0 total_entries=0
[PHOTOS_DEBUG] in_process=yes photos_auth_status=denied photos_asset_count=0 photos_offset=0 photos_result_count=0
[PHOTOS_HELPER] status is not_determined, requesting authorization...
[PHOTOS_HELPER] after request authorization status=denied
[PHOTOS_HELPER] not authorized: denied
[PHOTOS_DEBUG] helper_stderr: [PHOTOS_HELPER] status is not_determined, requesting authorization...
[PHOTOS_HELPER] after request authorization status=denied
[PHOTOS_HELPER] not authorized: denied
[PHOTOS_DEBUG] in_process=no photos_helper_path=/Users/yilonglin/NOKI/desktop/target/photos-bin/NokiPhotos.app/Contents/MacOS/noki-photos photos_helper_exists=yes photos_helper_launch_ok=yes photos_auth_status=denied photos_asset_count=0 photos_result_count=0 error=not_authorized
[BROWSER] location=Pictures resolved=/Users/yilonglin/Pictures exists=yes permission=yes raw_count=4 filtered_count=0 image_count=0 error=none
[PHOTOS_DEBUG] pictures_path=/Users/yilonglin/Pictures pictures_file_count=0 raw_count=4 photos_auth_status=denied photos_asset_count=0 photos_result_count=0 total_entries=0
[PHOTOS_DEBUG] in_process=yes photos_auth_status=denied photos_asset_count=0 photos_offset=0 photos_result_count=0
[PHOTOS_HELPER] status is not_determined, requesting authorization...
[PHOTOS_HELPER] after request authorization status=denied
[PHOTOS_HELPER] not authorized: denied
[PHOTOS_DEBUG] helper_stderr: [PHOTOS_HELPER] status is not_determined, requesting authorization...
[PHOTOS_HELPER] after request authorization status=denied
[PHOTOS_HELPER] not authorized: denied
[PHOTOS_DEBUG] in_process=no photos_helper_path=/Users/yilonglin/NOKI/desktop/target/photos-bin/NokiPhotos.app/Contents/MacOS/noki-photos photos_helper_exists=yes photos_helper_launch_ok=yes photos_auth_status=denied photos_asset_count=0 photos_result_count=0 error=not_authorized
[BROWSER] location=Pictures resolved=/Users/yilonglin/Pictures exists=yes permission=yes raw_count=4 filtered_count=0 image_count=0 error=none
[PHOTOS_DEBUG] pictures_path=/Users/yilonglin/Pictures pictures_file_count=0 raw_count=4 photos_auth_status=denied photos_asset_count=0 photos_result_count=0 total_entries=0
[PHOTOS_DEBUG] in_process=yes photos_auth_status=denied photos_asset_count=0 photos_offset=0 photos_result_count=0
[PHOTOS_HELPER] status is not_determined, requesting authorization...
[PHOTOS_HELPER] after request authorization status=denied
[PHOTOS_HELPER] not authorized: denied
[PHOTOS_DEBUG] helper_stderr: [PHOTOS_HELPER] status is not_determined, requesting authorization...
[PHOTOS_HELPER] after request authorization status=denied
[PHOTOS_HELPER] not authorized: denied
[PHOTOS_DEBUG] in_process=no photos_helper_path=/Users/yilonglin/NOKI/desktop/target/photos-bin/NokiPhotos.app/Contents/MacOS/noki-photos photos_helper_exists=yes photos_helper_launch_ok=yes photos_auth_status=denied photos_asset_count=0 photos_result_count=0 error=not_authorized
[BROWSER] location=Pictures resolved=/Users/yilonglin/Pictures exists=yes permission=yes raw_count=4 filtered_count=0 image_count=0 error=none
[PHOTOS_DEBUG] pictures_path=/Users/yilonglin/Pictures pictures_file_count=0 raw_count=4 photos_auth_status=denied photos_asset_count=0 photos_result_count=0 total_entries=0
[PHOTOS_DEBUG] in_process=yes photos_auth_status=denied photos_asset_count=0 photos_offset=0 photos_result_count=0
[PHOTOS_HELPER] status is not_determined, requesting authorization...
[PHOTOS_HELPER] after request authorization status=denied
[PHOTOS_HELPER] not authorized: denied
[PHOTOS_DEBUG] helper_stderr: [PHOTOS_HELPER] status is not_determined, requesting authorization...
[PHOTOS_HELPER] after request authorization status=denied
[PHOTOS_HELPER] not authorized: denied
[PHOTOS_DEBUG] in_process=no photos_helper_path=/Users/yilonglin/NOKI/desktop/target/photos-bin/NokiPhotos.app/Contents/MacOS/noki-photos photos_helper_exists=yes photos_helper_launch_ok=yes photos_auth_status=denied photos_asset_count=0 photos_result_count=0 error=not_authorized
[BROWSER] location=Pictures resolved=/Users/yilonglin/Pictures exists=yes permission=yes raw_count=4 filtered_count=0 image_count=0 error=none
[PHOTOS_DEBUG] pictures_path=/Users/yilonglin/Pictures pictures_file_count=0 raw_count=4 photos_auth_status=denied photos_asset_count=0 photos_result_count=0 total_entries=0
[PHOTOS_DEBUG] in_process=yes photos_auth_status=denied photos_asset_count=0 photos_offset=0 photos_result_count=0
[PHOTOS_HELPER] status is not_determined, requesting authorization...
[PHOTOS_HELPER] after request authorization status=denied
[PHOTOS_HELPER] not authorized: denied
[PHOTOS_DEBUG] helper_stderr: [PHOTOS_HELPER] status is not_determined, requesting authorization...
[PHOTOS_HELPER] after request authorization status=denied
[PHOTOS_HELPER] not authorized: denied
[PHOTOS_DEBUG] in_process=no photos_helper_path=/Users/yilonglin/NOKI/desktop/target/photos-bin/NokiPhotos.app/Contents/MacOS/noki-photos photos_helper_exists=yes photos_helper_launch_ok=yes photos_auth_status=denied photos_asset_count=0 photos_result_count=0 error=not_authorized
[BROWSER] location=Pictures resolved=/Users/yilonglin/Pictures exists=yes permission=yes raw_count=4 filtered_count=0 image_count=0 error=none
[PHOTOS_DEBUG] pictures_path=/Users/yilonglin/Pictures pictures_file_count=0 raw_count=4 photos_auth_status=denied photos_asset_count=0 photos_result_count=0 total_entries=0
[PHOTOS_DEBUG] in_process=yes photos_auth_status=denied photos_asset_count=0 photos_offset=0 photos_result_count=0
[PHOTOS_HELPER] status is not_determined, requesting authorization...
[PHOTOS_HELPER] after request authorization status=denied
[PHOTOS_HELPER] not authorized: denied
[PHOTOS_DEBUG] helper_stderr: [PHOTOS_HELPER] status is not_determined, requesting authorization...
[PHOTOS_HELPER] after request authorization status=denied
[PHOTOS_HELPER] not authorized: denied
[PHOTOS_DEBUG] in_process=no photos_helper_path=/Users/yilonglin/NOKI/desktop/target/photos-bin/NokiPhotos.app/Contents/MacOS/noki-photos photos_helper_exists=yes photos_helper_launch_ok=yes photos_auth_status=denied photos_asset_count=0 photos_result_count=0 error=not_authorized
[BROWSER] location=Pictures resolved=/Users/yilonglin/Pictures exists=yes permission=yes raw_count=4 filtered_count=0 image_count=0 error=none
[PHOTOS_DEBUG] pictures_path=/Users/yilonglin/Pictures pictures_file_count=0 raw_count=4 photos_auth_status=denied photos_asset_count=0 photos_result_count=0 total_entries=0
[PHOTOS_DEBUG] in_process=yes photos_auth_status=denied photos_asset_count=0 photos_offset=0 photos_result_count=0
[PHOTOS_HELPER] status is not_determined, requesting authorization...
[PHOTOS_HELPER] after request authorization status=denied
[PHOTOS_HELPER] not authorized: denied
[PHOTOS_DEBUG] helper_stderr: [PHOTOS_HELPER] status is not_determined, requesting authorization...
[PHOTOS_HELPER] after request authorization status=denied
[PHOTOS_HELPER] not authorized: denied
[PHOTOS_DEBUG] in_process=no photos_helper_path=/Users/yilonglin/NOKI/desktop/target/photos-bin/NokiPhotos.app/Contents/MacOS/noki-photos photos_helper_exists=yes photos_helper_launch_ok=yes photos_auth_status=denied photos_asset_count=0 photos_result_count=0 error=not_authorized
[BROWSER] location=Pictures resolved=/Users/yilonglin/Pictures exists=yes permission=yes raw_count=4 filtered_count=0 image_count=0 error=none
[PHOTOS_DEBUG] pictures_path=/Users/yilonglin/Pictures pictures_file_count=0 raw_count=4 photos_auth_status=denied photos_asset_count=0 photos_result_count=0 total_entries=0
[PHOTOS_DEBUG] in_process=yes photos_auth_status=denied photos_asset_count=0 photos_offset=0 photos_result_count=0
[PHOTOS_HELPER] status is not_determined, requesting authorization...
[PHOTOS_HELPER] after request authorization status=denied
[PHOTOS_HELPER] not authorized: denied
[PHOTOS_DEBUG] helper_stderr: [PHOTOS_HELPER] status is not_determined, requesting authorization...
[PHOTOS_HELPER] after request authorization status=denied
[PHOTOS_HELPER] not authorized: denied
[PHOTOS_DEBUG] in_process=no photos_helper_path=/Users/yilonglin/NOKI/desktop/target/photos-bin/NokiPhotos.app/Contents/MacOS/noki-photos photos_helper_exists=yes photos_helper_launch_ok=yes photos_auth_status=denied photos_asset_count=0 photos_result_count=0 error=not_authorized
[BROWSER] location=Pictures resolved=/Users/yilonglin/Pictures exists=yes permission=yes raw_count=4 filtered_count=0 image_count=0 error=none
[PHOTOS_DEBUG] pictures_path=/Users/yilonglin/Pictures pictures_file_count=0 raw_count=4 photos_auth_status=denied photos_asset_count=0 photos_result_count=0 total_entries=0
[PHOTOS_DEBUG] in_process=yes photos_auth_status=denied photos_asset_count=0 photos_offset=0 photos_result_count=0
[PHOTOS_HELPER] status is not_determined, requesting authorization...
[PHOTOS_HELPER] after request authorization status=denied
[PHOTOS_HELPER] not authorized: denied
[PHOTOS_DEBUG] helper_stderr: [PHOTOS_HELPER] status is not_determined, requesting authorization...
[PHOTOS_HELPER] after request authorization status=denied
[PHOTOS_HELPER] not authorized: denied
[PHOTOS_DEBUG] in_process=no photos_helper_path=/Users/yilonglin/NOKI/desktop/target/photos-bin/NokiPhotos.app/Contents/MacOS/noki-photos photos_helper_exists=yes photos_helper_launch_ok=yes photos_auth_status=denied photos_asset_count=0 photos_result_count=0 error=not_authorized
[BROWSER] location=Pictures resolved=/Users/yilonglin/Pictures exists=yes permission=yes raw_count=4 filtered_count=0 image_count=0 error=none
[PHOTOS_DEBUG] pictures_path=/Users/yilonglin/Pictures pictures_file_count=0 raw_count=4 photos_auth_status=denied photos_asset_count=0 photos_result_count=0 total_entries=0
[PHOTOS_DEBUG] in_process=yes photos_auth_status=denied photos_asset_count=0 photos_offset=0 photos_result_count=0
[PHOTOS_HELPER] status is not_determined, requesting authorization...
[PHOTOS_HELPER] after request authorization status=denied
[PHOTOS_HELPER] not authorized: denied
[PHOTOS_DEBUG] helper_stderr: [PHOTOS_HELPER] status is not_determined, requesting authorization...
[PHOTOS_HELPER] after request authorization status=denied
[PHOTOS_HELPER] not authorized: denied
[PHOTOS_DEBUG] in_process=no photos_helper_path=/Users/yilonglin/NOKI/desktop/target/photos-bin/NokiPhotos.app/Contents/MacOS/noki-photos photos_helper_exists=yes photos_helper_launch_ok=yes photos_auth_status=denied photos_asset_count=0 photos_result_count=0 error=not_authorized
[BROWSER] location=Pictures resolved=/Users/yilonglin/Pictures exists=yes permission=yes raw_count=4 filtered_count=0 image_count=0 error=none
[PHOTOS_DEBUG] pictures_path=/Users/yilonglin/Pictures pictures_file_count=0 raw_count=4 photos_auth_status=denied photos_asset_count=0 photos_result_count=0 total_entries=0
[PHOTOS_DEBUG] in_process=yes photos_auth_status=denied photos_asset_count=0 photos_offset=0 photos_result_count=0
[PHOTOS_HELPER] status is not_determined, requesting authorization...
[PHOTOS_HELPER] after request authorization status=denied
[PHOTOS_HELPER] not authorized: denied
[PHOTOS_DEBUG] helper_stderr: [PHOTOS_HELPER] status is not_determined, requesting authorization...
[PHOTOS_HELPER] after request authorization status=denied
[PHOTOS_HELPER] not authorized: denied
[PHOTOS_DEBUG] in_process=no photos_helper_path=/Users/yilonglin/NOKI/desktop/target/photos-bin/NokiPhotos.app/Contents/MacOS/noki-photos photos_helper_exists=yes photos_helper_launch_ok=yes photos_auth_status=denied photos_asset_count=0 photos_result_count=0 error=not_authorized
[BROWSER] location=Pictures resolved=/Users/yilonglin/Pictures exists=yes permission=yes raw_count=4 filtered_count=0 image_count=0 error=none
[PHOTOS_DEBUG] pictures_path=/Users/yilonglin/Pictures pictures_file_count=0 raw_count=4 photos_auth_status=denied photos_asset_count=0 photos_result_count=0 total_entries=0
[PHOTOS_DEBUG] in_process=yes photos_auth_status=denied photos_asset_count=0 photos_offset=0 photos_result_count=0
[PHOTOS_HELPER] status is not_determined, requesting authorization...
[PHOTOS_HELPER] after request authorization status=denied
[PHOTOS_HELPER] not authorized: denied
[PHOTOS_DEBUG] helper_stderr: [PHOTOS_HELPER] status is not_determined, requesting authorization...
[PHOTOS_HELPER] after request authorization status=denied
[PHOTOS_HELPER] not authorized: denied
[PHOTOS_DEBUG] in_process=no photos_helper_path=/Users/yilonglin/NOKI/desktop/target/photos-bin/NokiPhotos.app/Contents/MacOS/noki-photos photos_helper_exists=yes photos_helper_launch_ok=yes photos_auth_status=denied photos_asset_count=0 photos_result_count=0 error=not_authorized
[BROWSER] location=Pictures resolved=/Users/yilonglin/Pictures exists=yes permission=yes raw_count=4 filtered_count=0 image_count=0 error=none
[PHOTOS_DEBUG] pictures_path=/Users/yilonglin/Pictures pictures_file_count=0 raw_count=4 photos_auth_status=denied photos_asset_count=0 photos_result_count=0 total_entries=0
[PHOTOS_DEBUG] in_process=yes photos_auth_status=denied photos_asset_count=0 photos_offset=0 photos_result_count=0
[PHOTOS_HELPER] status is not_determined, requesting authorization...
[PHOTOS_HELPER] after request authorization status=denied
[PHOTOS_HELPER] not authorized: denied
[PHOTOS_DEBUG] helper_stderr: [PHOTOS_HELPER] status is not_determined, requesting authorization...
[PHOTOS_HELPER] after request authorization status=denied
[PHOTOS_HELPER] not authorized: denied
[PHOTOS_DEBUG] in_process=no photos_helper_path=/Users/yilonglin/NOKI/desktop/target/photos-bin/NokiPhotos.app/Contents/MacOS/noki-photos photos_helper_exists=yes photos_helper_launch_ok=yes photos_auth_status=denied photos_asset_count=0 photos_result_count=0 error=not_authorized
[BROWSER] location=Pictures resolved=/Users/yilonglin/Pictures exists=yes permission=yes raw_count=4 filtered_count=0 image_count=0 error=none
[PHOTOS_DEBUG] pictures_path=/Users/yilonglin/Pictures pictures_file_count=0 raw_count=4 photos_auth_status=denied photos_asset_count=0 photos_result_count=0 total_entries=0
[PHOTOS_DEBUG] in_process=yes photos_auth_status=denied photos_asset_count=0 photos_offset=0 photos_result_count=0
[PHOTOS_HELPER] status is not_determined, requesting authorization...
[PHOTOS_HELPER] after request authorization status=denied
[PHOTOS_HELPER] not authorized: denied
[PHOTOS_DEBUG] helper_stderr: [PHOTOS_HELPER] status is not_determined, requesting authorization...
[PHOTOS_HELPER] after request authorization status=denied
[PHOTOS_HELPER] not authorized: denied
[PHOTOS_DEBUG] in_process=no photos_helper_path=/Users/yilonglin/NOKI/desktop/target/photos-bin/NokiPhotos.app/Contents/MacOS/noki-photos photos_helper_exists=yes photos_helper_launch_ok=yes photos_auth_status=denied photos_asset_count=0 photos_result_count=0 error=not_authorized
[BROWSER] location=Pictures resolved=/Users/yilonglin/Pictures exists=yes permission=yes raw_count=4 filtered_count=0 image_count=0 error=none
[PHOTOS_DEBUG] pictures_path=/Users/yilonglin/Pictures pictures_file_count=0 raw_count=4 photos_auth_status=denied photos_asset_count=0 photos_result_count=0 total_entries=0
[PHOTOS_DEBUG] in_process=yes photos_auth_status=denied photos_asset_count=0 photos_offset=0 photos_result_count=0
[PHOTOS_HELPER] status is not_determined, requesting authorization...
[PHOTOS_HELPER] after request authorization status=denied
[PHOTOS_HELPER] not authorized: denied
[PHOTOS_DEBUG] helper_stderr: [PHOTOS_HELPER] status is not_determined, requesting authorization...
[PHOTOS_HELPER] after request authorization status=denied
[PHOTOS_HELPER] not authorized: denied
[PHOTOS_DEBUG] in_process=no photos_helper_path=/Users/yilonglin/NOKI/desktop/target/photos-bin/NokiPhotos.app/Contents/MacOS/noki-photos photos_helper_exists=yes photos_helper_launch_ok=yes photos_auth_status=denied photos_asset_count=0 photos_result_count=0 error=not_authorized
[BROWSER] location=Pictures resolved=/Users/yilonglin/Pictures exists=yes permission=yes raw_count=4 filtered_count=0 image_count=0 error=none
[PHOTOS_DEBUG] pictures_path=/Users/yilonglin/Pictures pictures_file_count=0 raw_count=4 photos_auth_status=denied photos_asset_count=0 photos_result_count=0 total_entries=0
[PHOTOS_DEBUG] in_process=yes photos_auth_status=denied photos_asset_count=0 photos_offset=0 photos_result_count=0
[PHOTOS_HELPER] status is not_determined, requesting authorization...
[PHOTOS_HELPER] after request authorization status=denied
[PHOTOS_HELPER] not authorized: denied
[PHOTOS_DEBUG] helper_stderr: [PHOTOS_HELPER] status is not_determined, requesting authorization...
[PHOTOS_HELPER] after request authorization status=denied
[PHOTOS_HELPER] not authorized: denied
[PHOTOS_DEBUG] in_process=no photos_helper_path=/Users/yilonglin/NOKI/desktop/target/photos-bin/NokiPhotos.app/Contents/MacOS/noki-photos photos_helper_exists=yes photos_helper_launch_ok=yes photos_auth_status=denied photos_asset_count=0 photos_result_count=0 error=not_authorized
[BROWSER] location=Pictures resolved=/Users/yilonglin/Pictures exists=yes permission=yes raw_count=4 filtered_count=0 image_count=0 error=none
[PHOTOS_DEBUG] pictures_path=/Users/yilonglin/Pictures pictures_file_count=0 raw_count=4 photos_auth_status=denied photos_asset_count=0 photos_result_count=0 total_entries=0
[PHOTOS_DEBUG] in_process=yes photos_auth_status=denied photos_asset_count=0 photos_offset=0 photos_result_count=0
[PHOTOS_HELPER] status is not_determined, requesting authorization...
[PHOTOS_HELPER] after request authorization status=denied
[PHOTOS_HELPER] not authorized: denied
[PHOTOS_DEBUG] helper_stderr: [PHOTOS_HELPER] status is not_determined, requesting authorization...
[PHOTOS_HELPER] after request authorization status=denied
[PHOTOS_HELPER] not authorized: denied
[PHOTOS_DEBUG] in_process=no photos_helper_path=/Users/yilonglin/NOKI/desktop/target/photos-bin/NokiPhotos.app/Contents/MacOS/noki-photos photos_helper_exists=yes photos_helper_launch_ok=yes photos_auth_status=denied photos_asset_count=0 photos_result_count=0 error=not_authorized
[BROWSER] location=Pictures resolved=/Users/yilonglin/Pictures exists=yes permission=yes raw_count=4 filtered_count=0 image_count=0 error=none
[PHOTOS_DEBUG] pictures_path=/Users/yilonglin/Pictures pictures_file_count=0 raw_count=4 photos_auth_status=denied photos_asset_count=0 photos_result_count=0 total_entries=0
[PHOTOS_DEBUG] in_process=yes photos_auth_status=denied photos_asset_count=0 photos_offset=0 photos_result_count=0
[PHOTOS_HELPER] status is not_determined, requesting authorization...
[PHOTOS_HELPER] after request authorization status=denied
[PHOTOS_HELPER] not authorized: denied
[PHOTOS_DEBUG] helper_stderr: [PHOTOS_HELPER] status is not_determined, requesting authorization...
[PHOTOS_HELPER] after request authorization status=denied
[PHOTOS_HELPER] not authorized: denied
[PHOTOS_DEBUG] in_process=no photos_helper_path=/Users/yilonglin/NOKI/desktop/target/photos-bin/NokiPhotos.app/Contents/MacOS/noki-photos photos_helper_exists=yes photos_helper_launch_ok=yes photos_auth_status=denied photos_asset_count=0 photos_result_count=0 error=not_authorized
[BROWSER] location=Pictures resolved=/Users/yilonglin/Pictures exists=yes permission=yes raw_count=4 filtered_count=0 image_count=0 error=none
[PHOTOS_DEBUG] pictures_path=/Users/yilonglin/Pictures pictures_file_count=0 raw_count=4 photos_auth_status=denied photos_asset_count=0 photos_result_count=0 total_entries=0
[PHOTOS_DEBUG] in_process=yes photos_auth_status=denied photos_asset_count=0 photos_offset=0 photos_result_count=0
[PHOTOS_HELPER] status is not_determined, requesting authorization...
[PHOTOS_HELPER] after request authorization status=denied
[PHOTOS_HELPER] not authorized: denied
[PHOTOS_DEBUG] helper_stderr: [PHOTOS_HELPER] status is not_determined, requesting authorization...
[PHOTOS_HELPER] after request authorization status=denied
[PHOTOS_HELPER] not authorized: denied
[PHOTOS_DEBUG] in_process=no photos_helper_path=/Users/yilonglin/NOKI/desktop/target/photos-bin/NokiPhotos.app/Contents/MacOS/noki-photos photos_helper_exists=yes photos_helper_launch_ok=yes photos_auth_status=denied photos_asset_count=0 photos_result_count=0 error=not_authorized
[BROWSER] location=Pictures resolved=/Users/yilonglin/Pictures exists=yes permission=yes raw_count=4 filtered_count=0 image_count=0 error=none
[PHOTOS_DEBUG] pictures_path=/Users/yilonglin/Pictures pictures_file_count=0 raw_count=4 photos_auth_status=denied photos_asset_count=0 photos_result_count=0 total_entries=0
[PHOTOS_DEBUG] in_process=yes photos_auth_status=denied photos_asset_count=0 photos_offset=0 photos_result_count=0
[PHOTOS_HELPER] status is not_determined, requesting authorization...
[PHOTOS_HELPER] after request authorization status=denied
[PHOTOS_HELPER] not authorized: denied
[PHOTOS_DEBUG] helper_stderr: [PHOTOS_HELPER] status is not_determined, requesting authorization...
[PHOTOS_HELPER] after request authorization status=denied
[PHOTOS_HELPER] not authorized: denied
[PHOTOS_DEBUG] in_process=no photos_helper_path=/Users/yilonglin/NOKI/desktop/target/photos-bin/NokiPhotos.app/Contents/MacOS/noki-photos photos_helper_exists=yes photos_helper_launch_ok=yes photos_auth_status=denied photos_asset_count=0 photos_result_count=0 error=not_authorized
[BROWSER] location=Pictures resolved=/Users/yilonglin/Pictures exists=yes permission=yes raw_count=4 filtered_count=0 image_count=0 error=none
[PHOTOS_DEBUG] pictures_path=/Users/yilonglin/Pictures pictures_file_count=0 raw_count=4 photos_auth_status=denied photos_asset_count=0 photos_result_count=0 total_entries=0
[PHOTOS_DEBUG] in_process=yes photos_auth_status=denied photos_asset_count=0 photos_offset=0 photos_result_count=0
[PHOTOS_HELPER] status is not_determined, requesting authorization...
[PHOTOS_HELPER] after request authorization status=denied
[PHOTOS_HELPER] not authorized: denied
[PHOTOS_DEBUG] helper_stderr: [PHOTOS_HELPER] status is not_determined, requesting authorization...
[PHOTOS_HELPER] after request authorization status=denied
[PHOTOS_HELPER] not authorized: denied
[PHOTOS_DEBUG] in_process=no photos_helper_path=/Users/yilonglin/NOKI/desktop/target/photos-bin/NokiPhotos.app/Contents/MacOS/noki-photos photos_helper_exists=yes photos_helper_launch_ok=yes photos_auth_status=denied photos_asset_count=0 photos_result_count=0 error=not_authorized
[BROWSER] location=Pictures resolved=/Users/yilonglin/Pictures exists=yes permission=yes raw_count=4 filtered_count=0 image_count=0 error=none
[PHOTOS_DEBUG] pictures_path=/Users/yilonglin/Pictures pictures_file_count=0 raw_count=4 photos_auth_status=denied photos_asset_count=0 photos_result_count=0 total_entries=0
[PHOTOS_DEBUG] in_process=yes photos_auth_status=denied photos_asset_count=0 photos_offset=0 photos_result_count=0
[PHOTOS_HELPER] status is not_determined, requesting authorization...
[PHOTOS_HELPER] after request authorization status=denied
[PHOTOS_HELPER] not authorized: denied
[PHOTOS_DEBUG] helper_stderr: [PHOTOS_HELPER] status is not_determined, requesting authorization...
[PHOTOS_HELPER] after request authorization status=denied
[PHOTOS_HELPER] not authorized: denied
[PHOTOS_DEBUG] in_process=no photos_helper_path=/Users/yilonglin/NOKI/desktop/target/photos-bin/NokiPhotos.app/Contents/MacOS/noki-photos photos_helper_exists=yes photos_helper_launch_ok=yes photos_auth_status=denied photos_asset_count=0 photos_result_count=0 error=not_authorized
[BROWSER] location=Pictures resolved=/Users/yilonglin/Pictures exists=yes permission=yes raw_count=4 filtered_count=0 image_count=0 error=none
[PHOTOS_DEBUG] pictures_path=/Users/yilonglin/Pictures pictures_file_count=0 raw_count=4 photos_auth_status=denied photos_asset_count=0 photos_result_count=0 total_entries=0
[PHOTOS_DEBUG] in_process=yes photos_auth_status=denied photos_asset_count=0 photos_offset=0 photos_result_count=0
[PHOTOS_HELPER] status is not_determined, requesting authorization...
[PHOTOS_HELPER] after request authorization status=denied
[PHOTOS_HELPER] not authorized: denied
[PHOTOS_DEBUG] helper_stderr: [PHOTOS_HELPER] status is not_determined, requesting authorization...
[PHOTOS_HELPER] after request authorization status=denied
[PHOTOS_HELPER] not authorized: denied
[PHOTOS_DEBUG] in_process=no photos_helper_path=/Users/yilonglin/NOKI/desktop/target/photos-bin/NokiPhotos.app/Contents/MacOS/noki-photos photos_helper_exists=yes photos_helper_launch_ok=yes photos_auth_status=denied photos_asset_count=0 photos_result_count=0 error=not_authorized
[BROWSER] location=Pictures resolved=/Users/yilonglin/Pictures exists=yes permission=yes raw_count=4 filtered_count=0 image_count=0 error=none
[PHOTOS_DEBUG] pictures_path=/Users/yilonglin/Pictures pictures_file_count=0 raw_count=4 photos_auth_status=denied photos_asset_count=0 photos_result_count=0 total_entries=0
[PHOTOS_DEBUG] in_process=yes photos_auth_status=denied photos_asset_count=0 photos_offset=0 photos_result_count=0
[PHOTOS_HELPER] status is not_determined, requesting authorization...
[PHOTOS_HELPER] after request authorization status=denied
[PHOTOS_HELPER] not authorized: denied
[PHOTOS_DEBUG] helper_stderr: [PHOTOS_HELPER] status is not_determined, requesting authorization...
[PHOTOS_HELPER] after request authorization status=denied
[PHOTOS_HELPER] not authorized: denied
[PHOTOS_DEBUG] in_process=no photos_helper_path=/Users/yilonglin/NOKI/desktop/target/photos-bin/NokiPhotos.app/Contents/MacOS/noki-photos photos_helper_exists=yes photos_helper_launch_ok=yes photos_auth_status=denied photos_asset_count=0 photos_result_count=0 error=not_authorized
[BROWSER] location=Pictures resolved=/Users/yilonglin/Pictures exists=yes permission=yes raw_count=4 filtered_count=0 image_count=0 error=none
[PHOTOS_DEBUG] pictures_path=/Users/yilonglin/Pictures pictures_file_count=0 raw_count=4 photos_auth_status=denied photos_asset_count=0 photos_result_count=0 total_entries=0
[PHOTOS_DEBUG] in_process=yes photos_auth_status=denied photos_asset_count=0 photos_offset=0 photos_result_count=0
[PHOTOS_HELPER] status is not_determined, requesting authorization...
[PHOTOS_HELPER] after request authorization status=denied
[PHOTOS_HELPER] not authorized: denied
[PHOTOS_DEBUG] helper_stderr: [PHOTOS_HELPER] status is not_determined, requesting authorization...
[PHOTOS_HELPER] after request authorization status=denied
[PHOTOS_HELPER] not authorized: denied
[PHOTOS_DEBUG] in_process=no photos_helper_path=/Users/yilonglin/NOKI/desktop/target/photos-bin/NokiPhotos.app/Contents/MacOS/noki-photos photos_helper_exists=yes photos_helper_launch_ok=yes photos_auth_status=denied photos_asset_count=0 photos_result_count=0 error=not_authorized
[BROWSER] location=Pictures resolved=/Users/yilonglin/Pictures exists=yes permission=yes raw_count=4 filtered_count=0 image_count=0 error=none
[PHOTOS_DEBUG] pictures_path=/Users/yilonglin/Pictures pictures_file_count=0 raw_count=4 photos_auth_status=denied photos_asset_count=0 photos_result_count=0 total_entries=0
[PHOTOS_DEBUG] in_process=yes photos_auth_status=denied photos_asset_count=0 photos_offset=0 photos_result_count=0
[PHOTOS_HELPER] status is not_determined, requesting authorization...
[PHOTOS_HELPER] after request authorization status=denied
[PHOTOS_HELPER] not authorized: denied
[PHOTOS_DEBUG] helper_stderr: [PHOTOS_HELPER] status is not_determined, requesting authorization...
[PHOTOS_HELPER] after request authorization status=denied
[PHOTOS_HELPER] not authorized: denied
[PHOTOS_DEBUG] in_process=no photos_helper_path=/Users/yilonglin/NOKI/desktop/target/photos-bin/NokiPhotos.app/Contents/MacOS/noki-photos photos_helper_exists=yes photos_helper_launch_ok=yes photos_auth_status=denied photos_asset_count=0 photos_result_count=0 error=not_authorized
[BROWSER] location=Pictures resolved=/Users/yilonglin/Pictures exists=yes permission=yes raw_count=4 filtered_count=0 image_count=0 error=none
[PHOTOS_DEBUG] pictures_path=/Users/yilonglin/Pictures pictures_file_count=0 raw_count=4 photos_auth_status=denied photos_asset_count=0 photos_result_count=0 total_entries=0
[PHOTOS_DEBUG] in_process=yes photos_auth_status=denied photos_asset_count=0 photos_offset=0 photos_result_count=0
[PHOTOS_HELPER] status is not_determined, requesting authorization...
[PHOTOS_HELPER] after request authorization status=denied
[PHOTOS_HELPER] not authorized: denied
[PHOTOS_DEBUG] helper_stderr: [PHOTOS_HELPER] status is not_determined, requesting authorization...
[PHOTOS_HELPER] after request authorization status=denied
[PHOTOS_HELPER] not authorized: denied
[PHOTOS_DEBUG] in_process=no photos_helper_path=/Users/yilonglin/NOKI/desktop/target/photos-bin/NokiPhotos.app/Contents/MacOS/noki-photos photos_helper_exists=yes photos_helper_launch_ok=yes photos_auth_status=denied photos_asset_count=0 photos_result_count=0 error=not_authorized
[BROWSER] location=Pictures resolved=/Users/yilonglin/Pictures exists=yes permission=yes raw_count=4 filtered_count=0 image_count=0 error=none
[PHOTOS_DEBUG] pictures_path=/Users/yilonglin/Pictures pictures_file_count=0 raw_count=4 photos_auth_status=denied photos_asset_count=0 photos_result_count=0 total_entries=0
[PHOTOS_DEBUG] in_process=yes photos_auth_status=denied photos_asset_count=0 photos_offset=0 photos_result_count=0
[PHOTOS_HELPER] status is not_determined, requesting authorization...
[PHOTOS_HELPER] after request authorization status=denied
[PHOTOS_HELPER] not authorized: denied
[PHOTOS_DEBUG] helper_stderr: [PHOTOS_HELPER] status is not_determined, requesting authorization...
[PHOTOS_HELPER] after request authorization status=denied
[PHOTOS_HELPER] not authorized: denied
[PHOTOS_DEBUG] in_process=no photos_helper_path=/Users/yilonglin/NOKI/desktop/target/photos-bin/NokiPhotos.app/Contents/MacOS/noki-photos photos_helper_exists=yes photos_helper_launch_ok=yes photos_auth_status=denied photos_asset_count=0 photos_result_count=0 error=not_authorized
[BROWSER] location=Pictures resolved=/Users/yilonglin/Pictures exists=yes permission=yes raw_count=4 filtered_count=0 image_count=0 error=none
[PHOTOS_DEBUG] pictures_path=/Users/yilonglin/Pictures pictures_file_count=0 raw_count=4 photos_auth_status=denied photos_asset_count=0 photos_result_count=0 total_entries=0
[PHOTOS_DEBUG] in_process=yes photos_auth_status=denied photos_asset_count=0 photos_offset=0 photos_result_count=0
[PHOTOS_HELPER] status is not_determined, requesting authorization...
[PHOTOS_HELPER] after request authorization status=denied
[PHOTOS_HELPER] not authorized: denied
[PHOTOS_DEBUG] helper_stderr: [PHOTOS_HELPER] status is not_determined, requesting authorization...
[PHOTOS_HELPER] after request authorization status=denied
[PHOTOS_HELPER] not authorized: denied
[PHOTOS_DEBUG] in_process=no photos_helper_path=/Users/yilonglin/NOKI/desktop/target/photos-bin/NokiPhotos.app/Contents/MacOS/noki-photos photos_helper_exists=yes photos_helper_launch_ok=yes photos_auth_status=denied photos_asset_count=0 photos_result_count=0 error=not_authorized
[BROWSER] location=Pictures resolved=/Users/yilonglin/Pictures exists=yes permission=yes raw_count=4 filtered_count=0 image_count=0 error=none
[PHOTOS_DEBUG] pictures_path=/Users/yilonglin/Pictures pictures_file_count=0 raw_count=4 photos_auth_status=denied photos_asset_count=0 photos_result_count=0 total_entries=0
[PHOTOS_DEBUG] in_process=yes photos_auth_status=denied photos_asset_count=0 photos_offset=0 photos_result_count=0
[PHOTOS_HELPER] status is not_determined, requesting authorization...
[PHOTOS_HELPER] after request authorization status=denied
[PHOTOS_HELPER] not authorized: denied
[PHOTOS_DEBUG] helper_stderr: [PHOTOS_HELPER] status is not_determined, requesting authorization...
[PHOTOS_HELPER] after request authorization status=denied
[PHOTOS_HELPER] not authorized: denied
[PHOTOS_DEBUG] in_process=no photos_helper_path=/Users/yilonglin/NOKI/desktop/target/photos-bin/NokiPhotos.app/Contents/MacOS/noki-photos photos_helper_exists=yes photos_helper_launch_ok=yes photos_auth_status=denied photos_asset_count=0 photos_result_count=0 error=not_authorized
[BROWSER] location=Pictures resolved=/Users/yilonglin/Pictures exists=yes permission=yes raw_count=4 filtered_count=0 image_count=0 error=none
[PHOTOS_DEBUG] pictures_path=/Users/yilonglin/Pictures pictures_file_count=0 raw_count=4 photos_auth_status=denied photos_asset_count=0 photos_result_count=0 total_entries=0
[PHOTOS_DEBUG] in_process=yes photos_auth_status=denied photos_asset_count=0 photos_offset=0 photos_result_count=0
[PHOTOS_HELPER] status is not_determined, requesting authorization...
[PHOTOS_HELPER] after request authorization status=denied
[PHOTOS_HELPER] not authorized: denied
[PHOTOS_DEBUG] helper_stderr: [PHOTOS_HELPER] status is not_determined, requesting authorization...
[PHOTOS_HELPER] after request authorization status=denied
[PHOTOS_HELPER] not authorized: denied
[PHOTOS_DEBUG] in_process=no photos_helper_path=/Users/yilonglin/NOKI/desktop/target/photos-bin/NokiPhotos.app/Contents/MacOS/noki-photos photos_helper_exists=yes photos_helper_launch_ok=yes photos_auth_status=denied photos_asset_count=0 photos_result_count=0 error=not_authorized
[BROWSER] location=Pictures resolved=/Users/yilonglin/Pictures exists=yes permission=yes raw_count=4 filtered_count=0 image_count=0 error=none
[PHOTOS_DEBUG] pictures_path=/Users/yilonglin/Pictures pictures_file_count=0 raw_count=4 photos_auth_status=denied photos_asset_count=0 photos_result_count=0 total_entries=0
[PHOTOS_DEBUG] in_process=yes photos_auth_status=denied photos_asset_count=0 photos_offset=0 photos_result_count=0
[PHOTOS_HELPER] status is not_determined, requesting authorization...
[PHOTOS_HELPER] after request authorization status=denied
[PHOTOS_HELPER] not authorized: denied
[PHOTOS_DEBUG] helper_stderr: [PHOTOS_HELPER] status is not_determined, requesting authorization...
[PHOTOS_HELPER] after request authorization status=denied
[PHOTOS_HELPER] not authorized: denied
[PHOTOS_DEBUG] in_process=no photos_helper_path=/Users/yilonglin/NOKI/desktop/target/photos-bin/NokiPhotos.app/Contents/MacOS/noki-photos photos_helper_exists=yes photos_helper_launch_ok=yes photos_auth_status=denied photos_asset_count=0 photos_result_count=0 error=not_authorized
[BROWSER] location=Pictures resolved=/Users/yilonglin/Pictures exists=yes permission=yes raw_count=4 filtered_count=0 image_count=0 error=none
[PHOTOS_DEBUG] pictures_path=/Users/yilonglin/Pictures pictures_file_count=0 raw_count=4 photos_auth_status=denied photos_asset_count=0 photos_result_count=0 total_entries=0
[PHOTOS_DEBUG] in_process=yes photos_auth_status=denied photos_asset_count=0 photos_offset=0 photos_result_count=0
[PHOTOS_HELPER] status is not_determined, requesting authorization...
[PHOTOS_HELPER] after request authorization status=denied
[PHOTOS_HELPER] not authorized: denied
[PHOTOS_DEBUG] helper_stderr: [PHOTOS_HELPER] status is not_determined, requesting authorization...
[PHOTOS_HELPER] after request authorization status=denied
[PHOTOS_HELPER] not authorized: denied
[PHOTOS_DEBUG] in_process=no photos_helper_path=/Users/yilonglin/NOKI/desktop/target/photos-bin/NokiPhotos.app/Contents/MacOS/noki-photos photos_helper_exists=yes photos_helper_launch_ok=yes photos_auth_status=denied photos_asset_count=0 photos_result_count=0 error=not_authorized
[BROWSER] location=Pictures resolved=/Users/yilonglin/Pictures exists=yes permission=yes raw_count=4 filtered_count=0 image_count=0 error=none
[PHOTOS_DEBUG] pictures_path=/Users/yilonglin/Pictures pictures_file_count=0 raw_count=4 photos_auth_status=denied photos_asset_count=0 photos_result_count=0 total_entries=0
[PHOTOS_DEBUG] in_process=yes photos_auth_status=denied photos_asset_count=0 photos_offset=0 photos_result_count=0
[PHOTOS_HELPER] status is not_determined, requesting authorization...
[PHOTOS_HELPER] after request authorization status=denied
[PHOTOS_HELPER] not authorized: denied
[PHOTOS_DEBUG] helper_stderr: [PHOTOS_HELPER] status is not_determined, requesting authorization...
[PHOTOS_HELPER] after request authorization status=denied
[PHOTOS_HELPER] not authorized: denied
[PHOTOS_DEBUG] in_process=no photos_helper_path=/Users/yilonglin/NOKI/desktop/target/photos-bin/NokiPhotos.app/Contents/MacOS/noki-photos photos_helper_exists=yes photos_helper_launch_ok=yes photos_auth_status=denied photos_asset_count=0 photos_result_count=0 error=not_authorized
[BROWSER] location=Pictures resolved=/Users/yilonglin/Pictures exists=yes permission=yes raw_count=4 filtered_count=0 image_count=0 error=none
[PHOTOS_DEBUG] pictures_path=/Users/yilonglin/Pictures pictures_file_count=0 raw_count=4 photos_auth_status=denied photos_asset_count=0 photos_result_count=0 total_entries=0
[PHOTOS_DEBUG] in_process=yes photos_auth_status=denied photos_asset_count=0 photos_offset=0 photos_result_count=0
[PHOTOS_HELPER] status is not_determined, requesting authorization...
[PHOTOS_HELPER] after request authorization status=denied
[PHOTOS_HELPER] not authorized: denied
[PHOTOS_DEBUG] helper_stderr: [PHOTOS_HELPER] status is not_determined, requesting authorization...
[PHOTOS_HELPER] after request authorization status=denied
[PHOTOS_HELPER] not authorized: denied
[PHOTOS_DEBUG] in_process=no photos_helper_path=/Users/yilonglin/NOKI/desktop/target/photos-bin/NokiPhotos.app/Contents/MacOS/noki-photos photos_helper_exists=yes photos_helper_launch_ok=yes photos_auth_status=denied photos_asset_count=0 photos_result_count=0 error=not_authorized
[BROWSER] location=Pictures resolved=/Users/yilonglin/Pictures exists=yes permission=yes raw_count=4 filtered_count=0 image_count=0 error=none
[PHOTOS_DEBUG] pictures_path=/Users/yilonglin/Pictures pictures_file_count=0 raw_count=4 photos_auth_status=denied photos_asset_count=0 photos_result_count=0 total_entries=0
[PHOTOS_DEBUG] in_process=yes photos_auth_status=denied photos_asset_count=0 photos_offset=0 photos_result_count=0
[PHOTOS_HELPER] status is not_determined, requesting authorization...
[PHOTOS_HELPER] after request authorization status=denied
[PHOTOS_HELPER] not authorized: denied
[PHOTOS_DEBUG] helper_stderr: [PHOTOS_HELPER] status is not_determined, requesting authorization...
[PHOTOS_HELPER] after request authorization status=denied
[PHOTOS_HELPER] not authorized: denied
[PHOTOS_DEBUG] in_process=no photos_helper_path=/Users/yilonglin/NOKI/desktop/target/photos-bin/NokiPhotos.app/Contents/MacOS/noki-photos photos_helper_exists=yes photos_helper_launch_ok=yes photos_auth_status=denied photos_asset_count=0 photos_result_count=0 error=not_authorized
[BROWSER] location=Pictures resolved=/Users/yilonglin/Pictures exists=yes permission=yes raw_count=4 filtered_count=0 image_count=0 error=none
[PHOTOS_DEBUG] pictures_path=/Users/yilonglin/Pictures pictures_file_count=0 raw_count=4 photos_auth_status=denied photos_asset_count=0 photos_result_count=0 total_entries=0
[PHOTOS_DEBUG] in_process=yes photos_auth_status=denied photos_asset_count=0 photos_offset=0 photos_result_count=0
[PHOTOS_HELPER] status is not_determined, requesting authorization...
[PHOTOS_HELPER] after request authorization status=denied
[PHOTOS_HELPER] not authorized: denied
[PHOTOS_DEBUG] helper_stderr: [PHOTOS_HELPER] status is not_determined, requesting authorization...
[PHOTOS_HELPER] after request authorization status=denied
[PHOTOS_HELPER] not authorized: denied
[PHOTOS_DEBUG] in_process=no photos_helper_path=/Users/yilonglin/NOKI/desktop/target/photos-bin/NokiPhotos.app/Contents/MacOS/noki-photos photos_helper_exists=yes photos_helper_launch_ok=yes photos_auth_status=denied photos_asset_count=0 photos_result_count=0 error=not_authorized
[BROWSER] location=Pictures resolved=/Users/yilonglin/Pictures exists=yes permission=yes raw_count=4 filtered_count=0 image_count=0 error=none
[PHOTOS_DEBUG] pictures_path=/Users/yilonglin/Pictures pictures_file_count=0 raw_count=4 photos_auth_status=denied photos_asset_count=0 photos_result_count=0 total_entries=0
[PHOTOS_DEBUG] in_process=yes photos_auth_status=authorized photos_asset_count=4426 photos_offset=0 photos_result_count=40
[BROWSER] location=Pictures resolved=/Users/yilonglin/Pictures exists=yes permission=yes raw_count=4 filtered_count=40 image_count=40 error=none
[PHOTOS_DEBUG] pictures_path=/Users/yilonglin/Pictures pictures_file_count=0 raw_count=4 photos_auth_status=authorized photos_asset_count=40 photos_result_count=40 total_entries=40
[PHOTOS_DEBUG] in_process=yes photos_auth_status=authorized photos_asset_count=4426 photos_offset=0 photos_result_count=40
[BROWSER] location=Pictures resolved=/Users/yilonglin/Pictures exists=yes permission=yes raw_count=4 filtered_count=40 image_count=40 error=none
[PHOTOS_DEBUG] pictures_path=/Users/yilonglin/Pictures pictures_file_count=0 raw_count=4 photos_auth_status=authorized photos_asset_count=40 photos_result_count=40 total_entries=40
[PHOTOS_DEBUG] in_process=yes photos_auth_status=authorized photos_asset_count=4426 photos_offset=0 photos_result_count=40
[BROWSER] location=Pictures resolved=/Users/yilonglin/Pictures exists=yes permission=yes raw_count=4 filtered_count=40 image_count=40 error=none
[PHOTOS_DEBUG] pictures_path=/Users/yilonglin/Pictures pictures_file_count=0 raw_count=4 photos_auth_status=authorized photos_asset_count=40 photos_result_count=40 total_entries=40
[PHOTOS_DEBUG] in_process=yes photos_auth_status=authorized photos_asset_count=4426 photos_offset=0 photos_result_count=40
[BROWSER] location=Pictures resolved=/Users/yilonglin/Pictures exists=yes permission=yes raw_count=4 filtered_count=40 image_count=40 error=none
[PHOTOS_DEBUG] pictures_path=/Users/yilonglin/Pictures pictures_file_count=0 raw_count=4 photos_auth_status=authorized photos_asset_count=40 photos_result_count=40 total_entries=40
[PHOTOS_DEBUG] in_process=yes photos_auth_status=authorized photos_asset_count=4426 photos_offset=0 photos_result_count=40
[BROWSER] location=Pictures resolved=/Users/yilonglin/Pictures exists=yes permission=yes raw_count=4 filtered_count=40 image_count=40 error=none
[PHOTOS_DEBUG] pictures_path=/Users/yilonglin/Pictures pictures_file_count=0 raw_count=4 photos_auth_status=authorized photos_asset_count=40 photos_result_count=40 total_entries=40
